ID,카테고리_ID,카테고리명,제목,등록날짜,거래구분,판매금액,제품설명,지불방법,배송방법,상세설명,수집날짜
369335213,339,SKT,"G5 로즈골드 선택약정가능,글참고 25만",2017-03-19 15:44:00,직접거래,25,,,판매자와 직접 연락하세요.,판매 상품 사진 및 상세 설명을 적어주세요,2017-03-25 13:48:55.0
369335232,339,SKT,아임백 im-100s  안성직거래 8만원 급처,2017-03-19 15:44:00,스카이,80000,,,직접거래,아임백 팝니다 sk통신사 입니다. 스톤이 없습니다 . 스톤 제외 나머지 물품 다 있습니다. 외관은 좀 험하게 썻습니다. 액정 깨짐은 없습니다. 양쪽 네군데 크랙 있씁니다. 나머지는 멀쩡히 작동 합니다.  20프로 약정 할인 가능 합니다. 정상 해지 공기계 입니다. 가격은 8만원 입니다.직거래시 안성 직거래 합니다. 택배 거래를 원하시면 택배 거래 도 합니다.,2017-03-25 13:48:55.0
369335459,339,SKT,갤럭시 s7 엣지 128기가 블랙펄 가개통급 ,2017-03-19 15:46:00,직접거래,1,,,판매자와 직접 연락하세요.,,2017-03-25 13:48:56.0
369335476,339,SKT,삼성 갤럭시 노트2 마더보드 외 팝니다,2017-03-19 15:46:00,정상해지된 SKT용 메인보드이구요. KT단말기도 호환이 됩니다.,30000,,,직접거래,,2017-03-25 13:48:56.0
369335723,339,SKT,아이폰7플러스 128기가 제트블랙 80만,2017-03-19 15:47:00,직접거래,80,,,판매자와 직접 연락하세요.,"판매 상품 사진 및 상세 설명을 적어주세요 3월 9일 개통한 폰이며 구성품 미사용 새거 그대로입니다.광주광역시 직거래 선호하고 타지역 안전거래 됩니다.새거 그대로라 찍힘,기스없고 초기필름떼고 강화필름 붙어있고선택약정은 안됩니다.죄송하지만 에눌답변 못드립니다.010 843칠 이공공2 댓글답장 많이 늦으니 문자나 카톡주세요",2017-03-25 13:48:58.0
369335832,339,SKT,갤7 64기가 골드 AS 18년 3월까지고 미사용 새폰입니다 50만 글참고,2017-03-19 15:48:00,직접거래,50,,,판매자와 직접 연락하세요.,"판매 상품 사진 및 상세 설명을 적어주세요 구성품 미사용이며 새폰입니다.개통 통신사는 kt이며 sk,lg사용 가능하고 선택약정은 안됩니다.광주광역시 직거래 선호하고 타지역 안전거래 가능하고안전거래는 수수료 배송비 구매자 부담입니다.댓글 답장 많이 늦습니다.010 팔43칠 이공공2 문자나 카톡주세요",2017-03-25 13:48:58.0
369335904,339,SKT,"갤7 32기가 실버 선택약정 가능, 단품 26만 글참고",2017-03-19 15:48:00,직접거래,26,,,판매자와 직접 연락하세요.,"판매 상품 사진 및 상세 설명을 적어주세요 개통 통신사는 lg고 sk,kt 삼사 사용가능하며선택약정 됩니다.앞액정과 뒷면은 상태가 깨끗합니다.테두리가 심한찍힘은 없으나 사진 나온대로 기스들이 많습니다.광주광역시 직거래 선호하고 타지역 안전거래됩니다.안전거래는 수수료,배송비 구매자 부담입니다.댓글 답장 많이 늦습니다.010 843칠 이공공2 문자나 카톡주세요",2017-03-25 13:48:59.0
369337834,339,SKT,핑크색 노트4S 팔아요,2017-03-19 15:59:00,1,1,,,직접거래,"판매 상품 사진 및 상세 설명을 적어주세요 SKT 정상해지된 기기 입니다색상은 핑크, 구성품은 사진에 있는 그대로 이고요. 충전기, 충전선이 없고요 이어폰은 미사용이에요.배터리 2개와 배터리팩 있습니다가격은 19만원 입니다직거래는 하남시에서 하고요 그외 착불 or +3000 택배거래 합니다 (안전거래X)",2017-03-25 13:49:04.0
370198124,339,SKT,갤럭시S6엣지 화이트 정상해지,2017-03-23 13:36:00,직접거래,17,,,판매자와 직접 연락하세요.,판매 상품 사진 및 상세 설명을 적어주세요 갤럭시S6엣지 32GB 화이트단품입니다정상해지되었구요 확정기변및 선택약정 등록가능하구요3사호환사용가능합니다.사진보시면 가로로 액정 금갔습니다.그외 테두리 찍힘있구요 사용하시는데에는 문제없습니다.하자감안하여 가격 저렴하게 내놓습니다.17만원입니다.직거래 택배거래둘다가능하구요 직거래시서울답십리에서가능합니다.문의 010 4936 9533 연락주세요,2017-03-25 14:14:21.0
370198125,339,SKT,서울 인천 아이폰6 64기가 스그 리퍼폰 팔아요,2017-03-23 13:36:00,직접거래,40,,,판매자와 직접 연락하세요.,판매 상품 사진 및 상세 설명을 적어주세요 한번도 사용하지않은 폰이어서 새폰이라 생각하시면 되요 초기필림 그대로 있습니다구성품 풀박스입니다직거래 원하고요 장소는 ]서울은 숙명여대  인천은 청라지구입니다이유있는네고 가능합니다금액 40만원010구3531007,2017-03-25 14:14:21.0
370198305,339,SKT,루나S 핑크 공기계 (S~AAA급 ) 24만원 풀박스,2017-03-23 13:37:00,루나S 핑크 공기계,240000,,,직접거래,,2017-03-25 14:14:22.0
370198832,339,SKT,"미사용 가개통 와인스마트재즈 F610S,K 11만원에 팔아요~",2017-03-23 13:39:00,직접거래,11,,,판매자와 직접 연락하세요.,"미사용 가개통 와인스마트재즈 F610S 11만원에 팔아요~색상 브라운, 실버베이지 있구요.KT용 있는 건 정상해지됐습니다..초기필름 당연히 있습니다..초기필름이 없으면 사용한 거니 다른분꺼 사실때 잘 보고 사세요..^^직거래 선호하구요..장소는 서울 답십리(회사),성남,분당,용인기흥(집),수원 영통까지만 가능합니다..택배는 선입금 착불입니다..연락처 영일영-이칠육이-68칠구 입니다. 판매 상품 사진 및 상세 설명을 적어주세요",2017-03-25 14:14:23.0
370060761,339,SKT,아이폰6 64G 골드 판매합니다.,2017-03-22 20:50:00,정상공기기 입니다.,28,,,직접거래,"판매 상품 사진 및 상세 설명을 적어주세요정상공기기 입니다. (아이폰 7을 구매하여 판매합니다.)구성품 : 이어폰, 충전기 - 이어폰은 2월에 개봉하여 5번도 사용하지 않았습니다.    (그 전에 사용하던 이어폰으로 계속 사용하다 이번 달에 개봉하여 거의 새 것입니다.) - 충전기도 거의 새 것 입니다. (아이폰6 충전기 어댑터는 분실하여 5용으로 보내드립니다.) - 박스는 없습니다^^;;1월 말까지 사용하던 제품입니다. (사진 첨부와 같이 위, 아래 생활기스 두 군데 빼고는 앞, 뒤, 액정 모두 정상입니다.)수원이나 서울 양재 직거래 or 택배(송장번호 보내드림) 가능합니다.가격은 28만원 입니다.010-8872-9199로 연락 주세요^^",2017-03-25 14:09:42.0
369282023,339,SKT,"삼성갤럭시노트4 새것같은 중고 풀박스""로 판매해요",2017-03-19 10:51:00,직접거래,24,,,판매자와 직접 연락하세요.,"삼성갤럭시노트4 풀박스로 판매합니다. 통신사는 SK/KT/LG 있구요색상은 화이트/블랙 색상있어요. 판매가격은 24만원 입니다.케이스를 새걸로 모두 교체하여 생활기스가 전혀없으며,외관상은 새것과 동일하다고 보시면 됩니다!기기도 정검을 모두 하여 안전하게 사용하실수 있구요,현사용중인 유심만 꽂아 바로 사용 하실수 있습니다.구매시 사은품으로젤리케이스,액정스티커 드려요~(풀박스 구성품은 사은품 이므로 불량시 교환안됩니다)직거래.안전거래.택배.퀵 모두 가능하며,직거래시 경산.대구에서 가능합니다.자세한 문의는 전화.카톡모두 실시간 문의주세요.카톡문의----&gt;MINYUL85",2017-03-25 13:47:22.0
369283199,339,SKT,아이폰7 제트블랙 128gb팝니다 a급입니다! 정상해지폰,2017-03-19 10:58:00,아이폰7 제트블랙 128기가 A급 정상해지폰,1,,,직접거래,판매 상품 사진 및 상세 설명을 적어주세요   안녕하세요아이폰 7 제트블랙 128GB팝니다 상태는 A급입니다 찍힘하나도없습니다기스는 제트블랙특성상 생활기스도 거의없습니다리퍼기간은 18년 1월 24일까지입니다정상해지폰이고 선택약정 가능합니다.가격은 67만원 직거래 울산희망합니다010 3633 4468,2017-03-25 13:47:25.0
369339736,339,SKT,설현폰 H200 쏠폰 가개통 블랙 새제품 팝니다 ,2017-03-19 16:10:00,가개통,140000,,,직접거래,설현폰 쏠폰 H200 블랙 SKT 정상해지 공기기 입니다 선택약정 확정기변가능합니다 구성품은 충전기 케이블 이어폰 사용 없는 새제품이고 3/3일~ 보증기간 1년 입니다 사용한 제품이 아닌 개통후 정상해지 들어간 기기입니다상황이 상황인지라 가개통 새제품 최저가에 드립니다 직거래는 왕십리역 에서 가능하며 택배거래서 배송비 포함입니다빠른거래 원하구요 교환 및 에눌 문의는 사양합니닷 010-3032-0225 연락 바랍니다,2017-03-25 13:32:37.0
369340449,339,SKT,엘지 G4 /32GB 화이트 단품 아주깨긋 .15만원,2017-03-19 16:13:00,직접거래,15,,,판매자와 직접 연락하세요.,문의 전화011-501-1538  판매 상품 사진 및 상세 설명을 적어주세요,2017-03-25 13:32:39.0
369340502,339,SKT,갤럭시 S7 35에 삽니다.상태좋은거. 색상 다이쁨.,2017-03-19 16:14:00,S7 삽니다,7,,,직접거래,"갤럭시 S7 35만에 삽니다.서울직거래이며, 제가 핸드폰을 잃어버려서 카톡 : 20130809,  답글 남겨주세요.서울직거래이니 사기는아닙니다 .ㅠㅠ 상태는좋았으면 합니다. 정상해지폰이여야 합니다.서울 까치산역쪽에 살고있습니다.금일직거래 가능하니 연락주세요.",2017-03-25 13:32:40.0
369283449,339,SKT,아이폰7 256기가 미국판 판매합니다.,2017-03-19 10:59:00,아이폰7 256기가 미국판 판매합니다.,90,,,직접거래,,2017-03-25 13:47:25.0
369283775,339,SKT,<<팝니다>> 중고 초S급 V10 브이텐 SKT용  베이지색상 팝니다. 풀박스임,2017-03-19 11:01:00,구성품 풀박스,27,,,직접거래,완전 깨끗한 중고 V10 베이지색상 입니다.통신사 SK입니다.정상해지된거고20%선택약정가능합니다.가격대비 성능 완전 좋습니다.구성품 다있습니다.가격은 27만원입니다.뭐 따로 설명드릴건 없네요!!강변테크노마트 6층 매장 운영중이니오셔서 보시고 구매하시는게 가장 좋습니다.택배거래도 가능합니다. 우체국으로 보내드립니다.문의 O10 9298 8392 문의 시간 오전 10시부터 오후 8시까지입니다.문자답변은 확인하는데로 보내드립니다.     저희 페이스북 페이지입니다.구매전 오셔서 팔로우 및 태그 해주시면보호필름 및 젤리케이스 증정해드립니다.https://www.facebook.com/Np통신-1971966573031552/,2017-03-25 13:47:26.0
370469599,339,SKT,갤럭시S7 32G 실버 선택약정O S급 정상해지 팝니다..,2017-03-24 18:34:00,갤럭시S7 32G 실버 선택약정O S급 정상해지 팝니다..,44,,,직접거래,"갤럭시 S7 [G930L] 32G 실버 16.7월 개통 정상해지 시킨 공기계 팝니다. SKT KT U+ 개통, 확정기변 및 선택약정 가입 모두 됩니다. 기계 상태 아주 말끔합니다. 사진으로 확인해주세요 구성품은 새강화필름 + 눈꽃젤리케이스 같이 드립니다. 판매금액 44만원 서울 인천 부천 직거래 택배거래 안전거래 가능합니다. 010 이오칠오 17공이 택배거래도 연락주세요. 판매되면 글 내리겠습니다",2017-03-25 14:25:31.0
369326471,339,SKT,[판매완료] 포켓파이M 레드 공기기 배터리 충전 크래들 무료배송,2017-03-19 14:56:00,포켓파이M 레드 공기기 배터리 충전 크래들,1,,,직접거래,"반갑습니다. 포켓파이M 레드 공기기 + 배터리 충전 크래들(별매품) 판매합니다.6개월 실사용 하였고, 정상적으로 해지된 공기기입니다.휴대폰 데이터가 많은 관계로 실사용시간은 짧았습니다.제품기기정보는 모다정보통신 사이트 참고 부탁드립니다. http://web.modacom.co.kr/ko/support/index_support.php배송 시, 에어캡 안전배송 약속드립니다.중고나라에서 오랫동안 거래를 해왔으므로 안심하고 구매하십시오. 감사합니다. 카톡: richlee연락처: 상단 안심번호로 문자 또는 연락",2017-03-25 13:48:42.0
369886507,339,SKT,대구 중고폰 a5 2016 a510,2017-03-22 01:45:00,대구 중고폰 a5 2016 a510,24,,,직접거래,"★ 판매금액: 240,000원 ★ 1.모델명 : SM-A510S (갤럭시 A5 2016 ) 2.색상    : 흰색,블랙,핑크(품절)3.통신사 : SKT ( 전 통신사 유심장착후 바로사용가능)4.상태    : S급(엄청깨끗함,보증기간남음)5.구성품 : 단말기본체+강화필름(부착하여발송)6.지역    : 대구(직거래),택배가능(안전거래)7.연락처  : 010-2956-3333★문자나 전화주시면 최대한 빨리연락 드리도록 하겠습니다.★ [출처] 대구 중고폰 a5 2016 a510 16g (중고나라) |작성자 song5705",2017-03-25 13:26:21.0
369886897,339,SKT,대구 중고폰 s6엣지플러스 g928,2017-03-22 01:51:00,대구 중고폰 s6엣지플러스 g928,40,,,직접거래,"★ 판매금액: 400,000원 ★ 1.모델명 : SM-G928S (갤럭시 S6엣지 플러스) 2.색상    : 골드3.통신사 : SKT ( 전 통신사 유심장착후 바로사용가능)4.상태    : S급(엄청깨끗함)5.구성품 : 단말기본체+강화필름(부착하여발송)6.지역    : 대구(직거래),택배가능(안전거래)7.연락처  : 010-2956-3333★문자나 전화주시면 최대한 빨리연락 드리도록 하겠습니다.★[출처] 대구 중고폰 s6엣지플러스 g928 (중고나라) |작성자 song5705",2017-03-25 14:04:00.0
369329282,339,SKT,(판매완료)상태좋은 갤럭시S5 단품 급처 9만원 SMG900S,2017-03-19 15:12:00,직접거래,90000,,,판매자와 직접 연락하세요.,판매 상품 사진 및 상세 설명을 적어주세요 하자라고 하기도 뭐하지만방수캡 없습니다.방수캡은 단돈 몇천원도안하는걸로 알고있습니다귀찮아서 싸게 팔아버려요~서울숲역 직거래 가능합니다.남양주 도농동 직거래 가능합니다현재 서울숲역에 있습니다.그리고 하드케이스 쓰던거 같이드립니다.팔리면 팔렸다고 적습니다 연락 주세요블랙 무광뒷판 기스 없고 액정 기스 없고모서리 전반적인 사용 흔적들 있습니다.직거래 선호하며 택배거래시택배요금 청구 합니다~~~~~~~~~!!!(판매완료)직거래 선호하고 싸게 파는만큼~~~귀찮고 상태 좋아서 사진도 안올려요~연락 주시면 요청시 사진 보내드릴께요~~,2017-03-25 13:32:49.0
369329625,339,SKT,갤럭시a7 2015 판매합니다,2017-03-19 15:14:00,화이트,13,,,직접거래,판매 상품 사진 및 상세 설명을 적어주세요 a급 상태이며 지역은 일산 분당 직거래가능하며 그외는 협의구성품없이 핸드폰단품입니다010-3388-2130,2017-03-25 13:48:44.0
369887488,339,SKT,대구 중고폰 s7엣지 골드 skt,2017-03-22 02:00:00,대구 중고폰 s7엣지 골드 skt,53,,,직접거래,"판매 상품 사진 및 상세 설명을 적어주세요      ★ 판매금액: 530,000원 ★ 1.모델명 : SM-G935S (갤럭시 S7 엣지 ) 2.색상    : 골드3.통신사 : SKT ( 전 통신사 유심장착후 바로사용가능)4.상태    : S급(엄청깨끗함,보증기간남음)5.구성품 : 단말기본체+강화필름(부착하여발송)6.지역    : 대구(직거래),택배가능(안전거래)7.연락처  : 010-2956-3333★문자나 전화주시면 최대한 빨리연락 드리도록 하겠습니다.★[출처] 대구 중고폰 s7엣지 골드 skt (중고나라) |작성자 song5705",2017-03-25 14:04:01.0
369330492,339,SKT,V10 화이트골드64G 판매합니다!!선택약정가능!13만~!!!급매!!내용필독!!강변직거래,2017-03-19 15:18:00,64G,13,,,직접거래,"V10 화이트 골드 64G 판매 합니다!!구성은 단품이고  전면 카메라 윗쪽에 티도안나게 금이 가있어서 싸게 올려봅니다!!뒷판이 조금 변색되어 있어요~ㅜㅜ정상해지 ,선택약정 가능하고요^^가격은 130,000 원 생각하고요(택배시 선입금)서울 강변역 직거래 원해요~!!010-6666-구육육삼!!!!실사진 첨부합니다사용감은 있지만 액정 깔끔하고요~!! 꺠진부위가 사진찍어도 잘안나와요",2017-03-25 13:48:47.0
369887746,339,SKT,엑스페리아 xz 삽니다,2017-03-22 02:05:00,엑스페리아 xz,30,,,직접거래,판매 상품 사진 및 상세 설명을 적어주세요 수원역 직거래 가능합니다휴대폰 상태보고 적절하게 가격 조율할 생각입니다관심 있으시면 연락주세요,2017-03-25 14:04:01.0
369334051,339,SKT,갤럭시 노트 3 블랙 본체 + 배터리팩 일체 판매합니다.,2017-03-19 15:38:00,갤럭시 노트 3 블랙 본체 + 배터리팩 일체 판매합니다.,12,,,직접거래,"갤럭시 노트 3 블랙 본체 + 배터리팩 일체 판매합니다.정상 해지된 단말기이며유심 기변 또는 선택약정을 통한 20% 요금할인 까지 적용 가능합니다단말기는 SK 단말기 이며, SK KT 호환 가능합니다.모든 버튼 및 실 사용 문제 전혀 없으며항상 필름을 붙이고 다녔기 때문에, 액정에 따로 문제 될 부분은 없습니다.본체 + 배터리 팩 일체 판매하며직거래 또는 택배거래 모두 가능합니다연락처는 010-사사사사-팔오일오 이며직거래 위치는 명지대 정문 앞에서 가능합니다.가격은 12만원입니다.",2017-03-25 13:32:42.0
369346314,339,SKT,아이폰6s 64gb 로즈골드 팝니다,2017-03-19 16:47:00,직접거래,400000,,,판매자와 직접 연락하세요.,아이폰6s 64gb 로즈골드 단품 팝니다외관상태는 기가막힌 최상급이며모든 테스트완료 했습니다리퍼는 종료입니다안양범계지역은 직거래 가능 하시며기타지역은 택배로 가능합니다10시에서 8시사이에 연락 바랍니다댓글은 잘안보니 폰으로 연락 주세요~공일공 삼삼이삼 사사공공,2017-03-25 13:32:32.0
369348446,339,SKT,[중고폰#]중고폰 최다 기종 보유 매장!! 친절 상담을 약속 드리겠습니다.,2017-03-19 16:58:00,중고폰,1004,,,직접거래,"♡모든 중고폰 세상의 모든 중고폰!!!♡매일 매일 최신 업데이트 되는 [중고폰#] 입니다. 친절과 고객만족도가 최대의 가치라고 생각하고있습니다. 당사는 평택시내에 위치한 중고폰매장으로 하루에 200여대 이상의 중고폰이 들어오는 중고폰의 마트같은곳입니다 원하는 기기 예약도 가능하며,모든 중고폰은 유심인식, 마이크, 기타성능테스트를 모두 마친 말끔하고 투명한 A급 중고폰 입니다.♡♡♡♡♡♡♡♡♡♡♡♡♡♡♡♡♡♡♡♡♡♡♡♡♡♡♡♡♡♡♡♡♡♡♡♡♡♡♡♡♡♡♡♡♡♡♡♡♡♡♡♡♡단가에 의문을 가지실수 있을거라 생각합니다.하지만, 절대 단가에 문제가 있는것이 아닙니다!!예를들어, 갤럭시S7을 저희는 42만원에 판매를하지만 일반 개인거래로 37~39만 선 에서 구매를 하셨을경우? 아시겠지만 싼 중고폰은 그만큼 이유가 있을 것 이며, 내부적인 상황은 전문가가 아닌이상 일반 소비자는 잘 모른다는걸 잘 알고있습니다.그말은 즉슨, 뒷감당은 소비자가 감당하게되어있습니다. (2~5만원 싸게사려다가 2배 손해를 감수를 해야하는경우도 있습니다.)중고폰거래 특성상 교환이나 환불이 힘들다는 점에 대해 악용을하는 일부 비양심적인 업체들 때문에 솔직하게 말씀드리고갑니다.이러한 자주적인 사유로 저희에게 호소하시는 소비자분들이 많아서 대신 대변해드리고자 적어드리는겁니당♡ 물론! 정말 정직하게 판매하시는분들도 계시다는거 아주 잘 알고있습니다.허나, 물건이 저렴한건 항상 [이유]가 있기 때문이라는것을 꼭!!!!무조건!!! 알아주세요 저희는 몇푼을 위해 양심을 파는 매장이 아닙니다 예쁘게 봐주세요♡♡♡♡♡♡♡♡        ♥♥♥♥♥♥♥♥♥♥♥♥저희의 가장 장점인 판매시 1년 무상A/S 까지 해드립니다 ^^♥♥♥♥♥♥♥♥♥♥♥♥♥(고객과실로인한 A/S는 불가 예를들어 침수 등)기존에 있던 업체들과는 차원이틀릴겁니다 기존업체라든지 개인거래는 팔고나면 땡 이지만 저희는 철저한 고객관리, 체계적으로 MGM까지 신경쓰는 매장이기에 걱정안하시고 믿고 구매하실수있을겁니다 ^^현재 올려드린 모든 단가는 A급판매 기준이며, 상태에따라 D/C가 가능하답니다♡현명하신분은 전화/방문을 해보시겠죠?♡♡♡♡♡♡♡♡♡♡♡♡♡♡♡♡♡♡♡♡♡♡♡♡♡♡♡♡♡♡♡♡♡♡♡♡♡♡♡♡♡♡♡♡♡♡♡♡♡♡♡♡♡가격표( A급 기준 )삼성S7엣지 520,000  S7 440,000S6엣지 340,000  S6 300,000S5 150,000S4 130,000S3 70,000노트5 400,000노트4 220,000노트3 160,000노트2 100,000J5 100,000(2015년도)J7 150,000(2015년도)A5 150,000(2015년도)A7 180,000(2015년도)A5 200,000(2016년도)A7 250,000(2016년도)알파 130,000 [이외 현재 게시물에 올리지 않은 기기는 문의주세요 모든기종 보유중입니다]♡♡♡♡♡♡♡♡♡♡♡♡♡♡♡♡♡♡♡♡♡♡♡♡♡♡♡♡♡♡♡♡♡♡♡♡♡♡♡♡♡♡♡♡♡♡♡♡♡♡♡♡♡LGG5 300,000G4 180,000G3 100,000G2 90,000G3비트 80,000G3스크린 100,000X스킨,X파워 110,000V10 250,000V20 550,000 [이외 현재 게시물에 올리지 않은 기기는 문의주세요 모든기종 보유중입니다]♡♡♡♡♡♡♡♡♡♡♡♡♡♡♡♡♡♡♡♡♡♡♡♡♡♡♡♡♡♡♡♡♡♡♡♡♡♡♡♡♡♡♡♡♡♡♡♡♡♡♡♡♡[아이폰,스카이]아이폰6 16기가 300,000아이폰6 64기가 400,000아이폰6+ 16기가 350,000아이폰6+ 64기가 500,000아이폰6S 16기가 400,000아이폰6S 64기가 500,000아이폰6S+ 16기가 500,000아이폰6S+ 600,000베가시크릿업 80,000베가시크릿노트 110,000베가아이언 50,000베가아이언2 120,000[이외 현재 게시물에 올리지 않은 기기는 문의주세요 모든기종 보유중입니다]문의 전화만 주셔도 사랑입니다!♥찾아오시는곳 - 경기도 평택시 평택동 293-2번지 1층 중고폰#(평택시내 국민은행 맞은편)실장 임승윤 010-7186-2705실장 장구덕 010-7474-5382  매장 번호 070-4085-3331 [국내 유일무이 중고폰 전기종 판매매장]**위에 없는 단가 혹은 기기는 문의를 해주세요!왠만하면 전기종 다있습니다**",2017-03-25 13:49:22.0
369351653,339,SKT,LG X300 블루 가개통 판매합니다 (앞면 블랙/ 뒷면 블루),2017-03-19 17:16:00,1,135,,,직접거래,판매 상품 사진 및 상세 설명을 적어주세요 LG X300 블루 가개통 판매합니다 (앞면 블랙/ 뒷면 블루)17년 1월 출시된 폰입니다.세부 사진 및 사양http://m.post.naver.com/viewer/postView.nhn?volumeNo=6175841&amp;memberNo=15460786&amp;vType=VERTICAL2월 개통 해서 최소 통화이력만 남긴후 다시 박스에 넣어놨습니다 새 폰이구요 (초기 필름 부착 / 구성품 미사용)회사가 서울 강동구 상일동이라 직거래 가능하구요퇴근하고 서울 강서 지역에서 직 거래가능해요택배거래도 가능합니다 가격은 13만 5천원 입니다 새폰이라 생각하시면되구요 유심끼시면 바로사용가능해요 (유심기변가능)010 5140 6842로연락주세요,2017-03-25 13:32:29.0
369351655,339,SKT,SK 겔럭시S5 LGu+ 겔럭시 노트3 팝니다,2017-03-19 17:16:00,노트3 팔고 s5 팝니다 노트3 LG s5 sk 당연히 두개다 공기계 밧데리 충전기 다잇음,1215,,,직접거래,판매 상품 사진 및 상세 설명을 적어주세요   안녕 하세요~ 전 업체 아니구 개인입니다. 예전부터 팔려다가 귀찮아서못팔고 있엇네요 ~^^;;,2017-03-25 13:32:29.0
370212200,339,SKT,LG X5 검정색 기기만 팝니다.,2017-03-23 14:39:00,X5 공기기 팝니다.,50000,,,직접거래,판매 상품 사진 및 상세 설명을 적어주세요  기기 실사용 3개월했습니다. 생활기스 조금 있습니다.강화유리필름쓰다가 필름깨져서 얼마전에 버렸습니다.택배거래 직거래 가능합니다.인천 연수동입니다.europa12y ㅋㅌ 주세요~급처로 오늘 밤까지 5만원에 팔구 안사시면 그냥 조카 주려고 합니다.사진 필요하시면 톡 주시면 보내드리도록 하겠습니다.,2017-03-25 14:14:52.0
370212294,339,SKT,갤럭시 폴더,2017-03-23 14:39:00,SM-G155S,70000,,,직접거래,정상해지된 공기계입니다.SK전용입니다.광명시 소하동 입니다.예민하신분들은 거래힘들것같습니다.010-9079-일육이삼 입니다.,2017-03-25 14:14:53.0
369354359,339,SKT,아이폰6S 64 로즈골드 a급 판매합니다. 김해직거래[판매점],2017-03-19 17:32:00,기스자국 사진에 조금 있지만 여성분이 쓰던거라 아주 깨끗합니다.,42,,,직접거래,판매 상품 사진 및 상세 설명을 적어주세요 -단품-여성분사용-아주깨끗-생활기스 사진에 첨부-케이스-방탄필름부착,2017-03-25 13:49:32.0
369357288,339,SKT,와인폰(F480) / SKT 정상해지 / 상태A급 / 팝니다.,2017-03-19 17:50:00,상태: A급,8,,,직접거래,"와인폰(와인스마트폰)(F480)색상: 블랙SKT 정상해지 단말기입니다.또 궁금해하시는것 상태: 그냥 S급이라고 보시면됩니다. 실사용기간도 얼마안됩니다.구성품: 단말기(블랙) 가격: 8만입니다.거래방식: 안양1번가 국민은행 앞에서 직거래합니다. 쿨거래 환영합니다.정안되시는분에 한해서만 선입금 후 택배보내드립니다.(못믿으시고 정원하신다면 민증 뒷자리가리고 사진찍어서 보내드립니다. 계좌도 확인시켜드립니다.)판매자 번호: 010-7656-0346(영업직이라서 댓글은 빠른 확인이 어려우니, 전화나 문자주시면 바로바로 답변가능합니다)",2017-03-25 13:32:23.0
369357331,339,SKT,상태좋은 베가 시크릿노트 풀박 팝니다,2017-03-19 17:50:00,직접거래,12,,,판매자와 직접 연락하세요.,시크릿노트 풀박스 12만원액정/테두리크롬 모두 이상없이 상태 매우 좋습니다 현재 보호필름 부착되어있구요배터리상태도 광탈없이 안정적입니다기타 구성품도 모두 이상무서비스로 플립뷰케이스와 일반케이스 드립니다 직거래는 인천시청후문쪽에서 가능하며택배거래시에는 선입 or 착불거래입니다문자연락 부탁드려요,2017-03-25 13:32:23.0
369359735,339,SKT,"갤럭시알파/SSS급+박스/확정기변,번호이동,선택약정O/팝니다.",2017-03-19 18:05:00,색상:골드,11,,,직접거래,"갤럭시 알파색상: 골드가장 궁금해하시는것 확정기변O, 타통신사이동O(번호이동O), 선택약정O 다 가능합니다.SKT 정상해지 단말기입니다.또 궁금해하시는것 상태: 그냥 가개통급,SSS급이라고 보시면됩니다. 구성품: 갤럭시알파+박스 (박스 구성품, 배터리밖에없지만 박스는있습니다.)가격: 11만입니다.(박스는 있는데 풀박아니여서 가격 낮춰서 올립니다.)거래방식: 안양1번가 국민은행 앞에서 직거래합니다. 쿨거래 환영합니다.정안되시는분에 한해서만 선입금 후 택배보내드립니다.(못믿으시고 정원하신다면 민증 뒷자리가리고 사진찍어서 보내드립니다. 계좌도 확인시켜드립니다.)판매자 번호: 010-7656-0346(영업직이라서 댓글은 빠른 확인이 어려우니, 전화나 문자주시면 바로바로 답변가능합니다)",2017-03-25 13:49:41.0
369361480,339,SKT,갤럭시 s7 엣지 블랙펄 128g 가개통 새기계 팝니다.,2017-03-19 18:16:00,samsung galaxy s7 edge SM-G935S,62,,,직접거래,"판매 상품 사진 및 상세 설명을 적어주세요 삼성 갤럭시 S7 엣지 128기가 블랙펄 (SM-G935S) SKT 가개통 새기기 팝니다.모든구성품 및 본체 미사용 미개봉 새제품 입니다.직거래시 2호선 아현역, 5호선 애오개역, 3호선 신사역 인근입니다.62만 쿨거래시 에눌있습니다.",2017-03-25 13:49:46.0
370209696,339,SKT,대구 중고폰 s7엣지 골드 skt,2017-03-23 14:29:00,대구 중고폰 s7엣지 골드 skt,53,,,직접거래,"판매 상품 사진 및 상세 설명을 적어주세요      ★ 판매금액: 530,000원 ★ 1.모델명 : SM-G935S (갤럭시 S7 엣지 ) 2.색상    : 골드3.통신사 : SKT ( 전 통신사 유심장착후 바로사용가능)4.상태    : S급(엄청깨끗함,보증기간남음)5.구성품 : 단말기본체+강화필름(부착하여발송)6.지역    : 대구(직거래),택배가능(안전거래)7.연락처  : 010-2956-3333★문자나 전화주시면 최대한 빨리연락 드리도록 하겠습니다.★[출처] 대구 중고폰 s7엣지 골드 skt (중고나라) |작성자 song5705",2017-03-25 14:14:45.0
369363225,339,SKT,"G3 / A급 / 선택약정,확정기변O / 팝니다.",2017-03-19 18:26:00,상태:A급,7,,,직접거래,"G3색상: 티탄가장 궁금해하시는것 확정기변O, 선택약정O 다 가능합니다.SKT 정상해지 단말기입니다.또 궁금해하시는것 상태: A급이라고 보시면됩니다. 구성품: 단품 가격: 7만입니다.거래방식: 안양1번가 국민은행 앞에서 직거래합니다. 쿨거래 환영합니다.정안되시는분에 한해서만 선입금 후 택배보내드립니다.(못믿으시고 정원하신다면 민증 뒷자리가리고 사진찍어서 보내드립니다. 계좌도 확인시켜드립니다.)판매자 번호: 010-7656-0346(영업직이라서 댓글은 빠른 확인이 어려우니, 전화나 문자주시면 바로바로 답변가능합니다)",2017-03-25 13:49:50.0
369363270,339,SKT,<SOLD OUT>V20 SKT (F800S) 64G 실버 선택약정O 풀박 추가배터리셋 공기계 팝니다,2017-03-19 18:26:00,V20 SKT (F800S) 64G 실버 선택약정O 풀박 추가배터리셋 공기계 팝니다,1,,,직접거래,"구성품 풀박스 64G 실버 색상 입니다. 고급범커케이스, 추가배터리, 배터리통 구성 입니다. 기계 상태 A급으로 좋으며 뒤판 상단에 작은 까짐하나 있습니다. 사진찍었으며 나머지는 기스 없습니다. 정상해지 공기계 입니다. SKT, KT, U+ 개통 확정기변 선택약정 모두 가입 됩니다. 서울권 인천권 부천 김포 직거래 가능합니다. 택배거래 안전거래도 연락주세요 초기화 상태 이며 판매시 글 내립니다.",2017-03-25 13:32:17.0
369363973,339,SKT,SKT G4 블랙 공기계 박스풀셋 A급 판매 12만 상태좋음,2017-03-19 18:31:00,상태매우좋음,120000,,,직접거래,"1년2개월 사용한 SKT G4판매합니다. 상태 좋구요 외부 찍힘 기스없구요단순 생활기스 약간 그리고 하단 충전단자쪽만 기스가 있습니다. 사진 확인구성품 : 충전기/뒷판 블랙1개, 회색 미사용1개, 이어폰 3회사용 1개, 박스풀셋, 추가 배터리 1개, 배터리 충전 크래들 포함전면은 보호필름 붙히고 사용했습니다. 현재 붙어있음사용하는동안 무한부팅/잔상 없었구요, 상태 좋습니다. 정상 해지된 공기계 SKT용이구요 뒷판은 올레라고 나오는데 그건 동생 하고 뒷케이스만 바꿔서 그렇습니다.제품은 SKT용 입니다. 물론 KT/LG 모두 사용가능하구요.12만원 에누리 없습니다.택배가능 택배비는 제가 부담합니다.직거래는 평일 : 낮 12-1시 퇴계원역/사능역 거래 가능휴일(토/일) 남양주 일대 가능평일 저녁 : 오후 7-10시 호평동 거래 가능판매완료",2017-03-25 13:32:18.0
369363995,339,SKT,갤럭시엣지플러스 32기가-블랙-가개통-풀박스-,2017-03-19 18:31:00,엣지플러스,470,,,직접거래,판매 상품 사진 및 상세 설명을 적어주세요,2017-03-25 13:32:19.0
370072257,339,SKT,"갤럭시S4 LTE-A , 갤럭시S4 액티브",2017-03-22 21:49:00,갤럭시S4 LTE-A 갤럭시S4 액티브,1,,,직접거래,판매 상품 사진 및 상세 설명을 적어주세요 완료,2017-03-25 14:10:08.0
369342245,339,SKT,[2G폰] SCH-B900 공기계(중고) 판매,2017-03-19 16:23:00,직접거래,1,,,판매자와 직접 연락하세요.,판매 상품 사진 및 상세 설명을 적어주세요     제품: SCH-B900.(SKT / 2G폰 / 공기계 / 중고)구성: 본체+배터리2.가격: 5.5만원.거래: 송파 직거래.(택배거래 시 구매자 착불)기타: 작은 생활기스 및 코팅 벗겨진 것 외 전혀 문제 없음.문의: 010-구468-1874.,2017-03-25 13:49:09.0
369366470,339,SKT,sk 데이터 팝니다,2017-03-19 18:47:00,직접거래,123,,,판매자와 직접 연락하세요.,판매 상품 사진 및 상세 설명을 적어주세요 sk 데이타 1기가당 3천원에팝니다010 9026 5444 문자주세요기업은행입니다,2017-03-25 13:49:53.0
370211243,339,SKT,KT 삼성 W8300 3G 매직홀 폴더폰 효도폰 수능폰,2017-03-23 14:35:00,KT 삼성 W8300 3G 매직홀 폴더폰 효도폰 수능폰,35000,,,직접거래,KT 삼성 W8300 3G 매직홀 폴더폰 효도폰 수능폰 .색상은 둘다 핑크컬러입니다..아머케이스 둘다 있구요..보호케이스덕에 상판.하판 뒷커버 부분은 기스 없습니다..액정기스 없습니다..상태는 둘다 똑같다고 보셔도 좋습니다..공기계입니다.. 개당 35000원이고.. 신품충전기 각각 포함입니다..바테리는 기본포함 각각 2개 씩 있습니다사가정역에서 직거래하구요 택배도 가능합니다.공1공이6오공사공9하나,2017-03-25 14:14:50.0
369342399,339,SKT,"[판매완료]T 데이터,u+데이터 1GB당 3000원에 팝니다",2017-03-19 16:24:00,"T 데이터,u+데이터 1GB당 3000원에 팝니다",3000,,,직접거래,"판매 상품 사진 및 상세 설명을 적어주세요 1. T 데이터 1GB당 3000원에 판매 합니다.데이터선물하기 1GB 2GB 판매합니다.데이터쿠폰아닙니다.당월소멸입니다.1. 최대 2GB까지 선물 가능 합니다. - 1회당 1GB 까지- 월 2회 선물 받기 가능2. 선물받기 가능 요금제올인원 34/44, 올인원커플 44, 올인원특수 34/44, 올인원 팅 34/44, 팅스마트 19/24/29,맞춤형, 실버스마트 15, LTE 팅, T끼리 맞춤형, LTE 34/42/52/62/72/85/100(커플, 특수 포함),골든에이지, T끼리 35/45/55/65, 전국민 무한, LTE 맞춤형, 손사랑 34/42/52,소리사랑 34/42/52, 온가족행복플랜 팅, 온가족행복플랜, 골든에이지 온가족,소리사랑 온가족, 손사랑 온가족, band 데이터, band 데이터 팅, band 데이터 어르신, Star Ting 18 가입고객2. u+ 유플러스 데이터 1기가당 3000원 판매010 4구4사 구1일삼 으로 문자주세요",2017-03-25 13:49:10.0
370074450,339,SKT,SKT 베가시크릿업(IM-A900S) A급 판매(베시업),2017-03-22 22:00:00,SKT 베가시크릿업(IM-A900S) A급 판매(베시업),75,,,직접거래,,2017-03-25 13:23:39.0
370074878,339,SKT,광주직거래 갤럭시맥스 갤쓰리 갤윈 3가지팝니다,2017-03-22 22:02:00,광주광역시 직거래만합니다,70000,,,직접거래,판매 상품 사진 및 상세 설명을 적어주세요 광주광역시 직거래만합니다갤맥스 밧데리 맛탱이감 a급갤쓰리 b급 단품갤윈 a급 보조밧데리및 밧데리 케이스샤오미 정품10000 1개 4000짜리1개모두 포함해서 70000원에 팝니다 네고 없어욤01020600070,2017-03-25 13:23:39.0
369344433,339,SKT,휴대전화 공기계 (중고) 판매,2017-03-19 16:35:00,직접거래,1,,,판매자와 직접 연락하세요.,"판매 상품 사진 및 상세 설명을 적어주세요    - 소장 및 부품용.- 삼성 이준기폰 / SKT전용 / 후면 스프링 고장으로 본체와 배터리 장착 불가 / 본체+배터리2+충전기.   (배터리 여력 전혀없음)- 1.8만원.     - 2G폰.- 모토로라 / SKT전용 / 공기계 / 본체+배터리2+젠더.(배터리 여력 있음)  생활기스 많은 편이며, 4번째 사진에서처럼 카메라 유리 부분 일부 파손.- 2만원.   [거래 및 문의]- 거래: 송파 직거래 / 택배발송.(착불)- 문의: 010-구468-1874.",2017-03-25 13:49:14.0
369344826,339,SKT,[대구] 미개봉 기어 아이콘x 블랙 팝니다,2017-03-19 16:38:00,직접거래,13,,,판매자와 직접 연락하세요.,,2017-03-25 13:49:15.0
370219095,339,SKT,S7 화이트 정상해지 A급!!! 판매합니다.,2017-03-23 15:11:00,직접거래,35,,,판매자와 직접 연락하세요.,"판매 상품 사진 및 상세 설명을 적어주세요 안녕하세요.이번에 판매 할 제품은 S7 화이트펄 모델입니다.사진으로 보다시피 외관이 많이 깨끗합니다.3월 11일날 액정수리로 했습니다.잔상 및 기스 없습니다.기기는 단품입니다.원 통신사는 LGU+ 이며, SK KT 사용하시는 분들도 유심꼽아서 사용가능합니다.실 사용기간 10개월이며, 4월 중순(?)까지 무상기간 남아있습니다.★20% 선택약정할인 가능제품입니다.★직거래는 경주에서 가능하며, 택배거래도 가능합니다 !ㅇ연락주세요 010-7678-0709  판매 상품 사진 및 상세 설명을 적어주세요",2017-03-25 13:21:34.0
370219823,339,SKT,SK 갤럭시노트2 E250S 중고 스마트폰 와이파이안됨 5만원,2017-03-23 15:14:00,SK 갤럭시노트2 E250S 중고 스마트폰 와이파이안됨 5만원,60000,,,직접거래,안녕하세요?SK용 갤럭시노트2 팝니다.정상 공기계입니다.폰과 배터리2와이파이 블루투스 안됩니다.그래서 5만원입니다.인터넷은 데이터로 쓰심 됩니다.010-2521-7890상태 C급,2017-03-25 13:21:36.0
370220278,339,SKT,LG G6 가개통 / 박스풀셋 팝니다.,2017-03-23 15:16:00,LG G6 가개통 / 박스풀셋 팝니다.,72,,,직접거래,LG G6 가개통 / 박스풀셋 팝니다.72만원□□■■□ 재고문의 환영 □■■□□□□□■■ 색상문의 환영 ■■□□□□□■■□ 통신사별 입고 □■■□□☎ 문의: 010-3337-8533★ 위치: 건대입구역 6번출구 영동대교 북단▷ 가개통 / 미사용 / 풀박스 / 신동품▷ 유심기변 및 해외사용 가능★ 택배비 판매자부담,2017-03-25 13:21:37.0
369017800,339,SKT,블랙베리 q5 핑크 100-2 (sk kt 사용가능 모델),2017-03-17 19:30:00,직접거래,55000,,,판매자와 직접 연락하세요.,,2017-03-25 13:40:43.0
369017832,339,SKT,아이폰6s 로즈골드 64G 판매합니다 1대 판매합니다~,2017-03-17 19:30:00,리퍼기간남아있음,500000,,,직접거래,판매 상품 사진 및 상세 설명을 적어주세요,2017-03-25 13:40:43.0
369018992,339,SKT,(73만원)skt아이폰7(매트블랙) 128기가 판매합니다 ,2017-03-17 19:37:00,"730,000",730000,,,정발떄 구입한 a급 아이폰7 128g 73만원에 판매합니다,,2017-03-25 13:40:45.0
369020439,339,SKT,갤럭시 S6 화이트 S급 팔아요 ~^^ 정상해지★정상작동★일산전지역직거래가능★,2017-03-17 19:46:00,★완전 초초 S급★,300000,,,직접거래,"갤럭시S6 화이트 32G SK 통신사 제품이지만 3사 다 사용가능해요 ~★S급이예요★사진 꼼꼼히 살펴보셔도 완전 깨끗합니다^^정상작동 정상해지 폰 입니다 충전기, 방탄유리필름 같이 보내드려요택배 무료 입니다 제가 부담할께요거래방식은 택배거래 CJ택배 무료로 보내드리구요직거래도 가능합니다 ~ ( 일산 전 지역 가능 ) 혹시 불안하시면 세이프유 안전거래 사이트 가능합니다카톡아이디 - young963  판매 상품 사진 및 상세 설명을 적어주세요",2017-03-25 13:40:48.0
369020770,339,SKT,구매한지 얼마안된 아이폰7플러스 로즈골드 32G 팔아요 ,2017-03-17 19:48:00,아이폰7 플러스 로즈골드 32기가,680000,,,직접거래,판매 상품 사진 및 상세 설명을 적어주세요 구매한지 한달도 안된 아이폰7플러스 로즈골드 32기가 팝니다아이폰 어려워서 적응을 못해서 중고로 팔고 다른거살라고 올립니다 ㅠㅠ지역은 부산해운대 입니다!아그리고 사진 모서리만찍은거있는데 잘보시면 엄청 짝은 흠집있습니다..,2017-03-25 13:40:49.0
369022155,339,SKT,아이폰6 16기가 실버색상판매합니다!!!,2017-03-17 19:57:00,150자 이내,25,,,직접거래,,2017-03-25 13:36:05.0
369022890,339,SKT,아이폰6플러스 골드색상 판매합니다!!!!!,2017-03-17 20:02:00,150자 이내,40,,,직접거래,,2017-03-25 13:36:06.0
369024234,339,SKT,S6 (SK) 화이트색상판매합니다!!!,2017-03-17 20:10:00,150자 이내,26,,,직접거래,,2017-03-25 13:40:51.0
369024845,339,SKT,S6엣지 골드색상 판매합니다!!!!!,2017-03-17 20:14:00,150자 이내,29,,,직접거래,,2017-03-25 13:40:52.0
369026163,339,SKT,아이폰7 매트블랙 128g 정상해지 팔아요~@@@,2017-03-17 20:22:00,직접거래,650000,,,판매자와 직접 연락하세요.,아이폰7에서 가난하게 아이폰se로 옮기게 되었습니다^^인천지역 직거래 또는 택배거래 합니다~~~sk 정상해지구요~선택약정 가능합니다~~~많이 연락 주세요. 기계값 지워야 하므로 65 네고 없습니다ㅠㅠ 그래도 연락주세요 혹시모르잖아요^^ㅎㅎㅎ거래내역 제거 보시면 많구요~ 전체적으로 상태는 좋구 리퍼기간 남앗습니다~ 사진 보시면 밑 하단부 실같은... 보세요^^많은 연락주세요~ 아이폰7 구입일은 사진 보시면 아시겟지만10월 21일입니다 리퍼기간 한참 남앗어요~아 그리고 충전기 usb 잭은 편의점에서 구매햇습니다ㅠㅠ 잃어버리는 바람에^^ 연락 마니주새요~~~!!!01066236773,2017-03-25 13:40:54.0
369026843,339,SKT,s6 네이비색상 판매합니다!!! 초A급!,2017-03-17 20:26:00,150자 이내,28,,,직접거래,,2017-03-25 13:40:56.0
369027573,339,SKT,노트3 화이트골드색상 판매합니다!!!!!,2017-03-17 20:31:00,150자 이내,17,,,직접거래,,2017-03-25 13:40:57.0
369034300,339,SKT,홍미노트4X 그레이 새제품+케이스 서울 직거래 판매 합니다 (17.5만),2017-03-17 21:12:00,직접거래,175000,,,판매자와 직접 연락하세요.,"글로벌롬이라 아무 설정없이 SKT/KT 유심만 꼽으면 바로 사용가능 및 한글 100% 지원 됩니다.미사용 새제품이고, 그레이 컬러입니다새제품 풀박스와 케이스 드립니다. 저는 논골사거리~금호사거리 쪽입니다. (5호선 신금호역 가까움)택배거래시는 배송비는 반반 부담하면 좋을 것 같습니다감사합니다",2017-03-25 13:41:07.0
369012354,339,SKT,경산) 노트 4 외관 올교체 사용감 조차 없음 초초aaa급 풀박스,2017-03-17 18:56:00,무기스 특sss급,24,,,직접거래,"판매 상품 사진 및 상세 설명을 적어주세요 노트 4 초AAAA급 풀박스 판매해요가격 24만 젤리 필름 서비스 경산 직거래 좋구요 안전 거래도 가능 해요오빠가 외관 (테두리/펜/배터리커버) 다 바꿨어요외관은 완전 새거랑 똑같아요 구성품 미사용 다 드려요SK,KT,LG 3사 유심 모두 가능 하구요사진 참고 하세요기기 문제 전혀 없어요 잔상 이런것도 없어요정말 굿 !!!!010 8704 1001 연락 주시면 되용",2017-03-25 13:40:36.0
369005864,339,SKT,[중고폰#]중고폰 최다 기종 보유매장!!! 친절 상담을 약속 드리겠습니다.,2017-03-17 18:17:00,중고폰,1004,,,직접거래,"♡모든 중고폰 세상의 모든 중고폰!!!♡매일 매일 최신 업데이트 되는 [중고폰#] 입니다. 친절과 고객만족도가 최대의 가치라고 생각하고있습니다. 당사는 평택시내에 위치한 중고폰매장으로 하루에 200여대 이상의 중고폰이 들어오는 중고폰의 마트같은곳입니다 원하는 기기 예약도 가능하며,모든 중고폰은 유심인식, 마이크, 기타성능테스트를 모두 마친 말끔하고 투명한 A급 중고폰 입니다.♡♡♡♡♡♡♡♡♡♡♡♡♡♡♡♡♡♡♡♡♡♡♡♡♡♡♡♡♡♡♡♡♡♡♡♡♡♡♡♡♡♡♡♡♡♡♡♡♡♡♡♡♡단가에 의문을 가지실수 있을거라 생각합니다.하지만, 절대 단가에 문제가 있는것이 아닙니다!!예를들어, 갤럭시S7을 저희는 42만원에 판매를하지만 일반 개인거래로 37~39만 선 에서 구매를 하셨을경우? 아시겠지만 싼 중고폰은 그만큼 이유가 있을 것 이며, 내부적인 상황은 전문가가 아닌이상 일반 소비자는 잘 모른다는걸 잘 알고있습니다.그말은 즉슨, 뒷감당은 소비자가 감당하게되어있습니다. (2~5만원 싸게사려다가 2배 손해를 감수를 해야하는경우도 있습니다.)중고폰거래 특성상 교환이나 환불이 힘들다는 점에 대해 악용을하는 일부 비양심적인 업체들 때문에 솔직하게 말씀드리고갑니다.이러한 자주적인 사유로 저희에게 호소하시는 소비자분들이 많아서 대신 대변해드리고자 적어드리는겁니당♡ 물론! 정말 정직하게 판매하시는분들도 계시다는거 아주 잘 알고있습니다.허나, 물건이 저렴한건 항상 [이유]가 있기 때문이라는것을 꼭!!!!무조건!!! 알아주세요 저희는 몇푼을 위해 양심을 파는 매장이 아닙니다 예쁘게 봐주세요♡♡♡♡♡♡♡♡        ♥♥♥♥♥♥♥♥♥♥♥♥저희의 가장 장점인 판매시 1년 무상A/S 까지 해드립니다 ^^♥♥♥♥♥♥♥♥♥♥♥♥♥(고객과실로인한 A/S는 불가 예를들어 침수 등)기존에 있던 업체들과는 차원이틀릴겁니다 기존업체라든지 개인거래는 팔고나면 땡 이지만 저희는 철저한 고객관리, 체계적으로 MGM까지 신경쓰는 매장이기에 걱정안하시고 믿고 구매하실수있을겁니다 ^^현재 올려드린 모든 단가는 A급판매 기준이며, 상태에따라 D/C가 가능하답니다♡현명하신분은 전화/방문을 해보시겠죠?♡♡♡♡♡♡♡♡♡♡♡♡♡♡♡♡♡♡♡♡♡♡♡♡♡♡♡♡♡♡♡♡♡♡♡♡♡♡♡♡♡♡♡♡♡♡♡♡♡♡♡♡♡가격표( A급 기준 )삼성S7엣지 520,000  S7 440,000S6엣지 340,000  S6 300,000S5 150,000S4 130,000S3 70,000노트5 400,000노트4 220,000노트3 160,000노트2 100,000J5 100,000(2015년도)J7 150,000(2015년도)A5 150,000(2015년도)A7 180,000(2015년도)A5 200,000(2016년도)A7 250,000(2016년도)알파 130,000 [이외 현재 게시물에 올리지 않은 기기는 문의주세요 모든기종 보유중입니다]♡♡♡♡♡♡♡♡♡♡♡♡♡♡♡♡♡♡♡♡♡♡♡♡♡♡♡♡♡♡♡♡♡♡♡♡♡♡♡♡♡♡♡♡♡♡♡♡♡♡♡♡♡LGG5 300,000G4 180,000G3 100,000G2 90,000G3비트 80,000G3스크린 100,000X스킨,X파워 110,000V10 250,000V20 550,000 [이외 현재 게시물에 올리지 않은 기기는 문의주세요 모든기종 보유중입니다]♡♡♡♡♡♡♡♡♡♡♡♡♡♡♡♡♡♡♡♡♡♡♡♡♡♡♡♡♡♡♡♡♡♡♡♡♡♡♡♡♡♡♡♡♡♡♡♡♡♡♡♡♡[아이폰,스카이]아이폰6 16기가 300,000아이폰6 64기가 400,000아이폰6+ 16기가 350,000아이폰6+ 64기가 500,000아이폰6S 16기가 400,000아이폰6S 64기가 500,000아이폰6S+ 16기가 500,000아이폰6S+ 600,000베가시크릿업 80,000베가시크릿노트 110,000베가아이언 50,000베가아이언2 120,000[이외 현재 게시물에 올리지 않은 기기는 문의주세요 모든기종 보유중입니다]문의 전화만 주셔도 사랑입니다!♥찾아오시는곳 - 경기도 평택시 평택동 293-2번지 1층 중고폰#(평택시내 국민은행 맞은편)실장 임승윤 010-7186-2705실장 장구덕 010-7474-5382  매장 번호 070-4085-3331 [국내 유일무이 중고폰 전기종 판매매장]**위에 없는 단가 혹은 기기는 문의를 해주세요!왠만하면 전기종 다있습니다**",2017-03-25 13:40:26.0
369015028,339,SKT,M380 E230 M480테플릿 경산 대구 삽니다 안전 결제 가능 깨끗한 상태만요,2017-03-17 19:13:00,a급,1,,,직접거래,판매 상품 사진 및 상세 설명을 적어주세요 A급만 삽니다 M380 SK.KT 11만E230 SK.KT 15만M480 SK.KT 14만구매 원합니다 경산 이나 대구 직거래 원하구요타 지역은 안전 거래도 가능 해요010 8704 1001[출처] M380 E230 M480테플릿 경산 대구 삽니다 안전 결제 가능 깨끗한 상태만요 (중고나라) |작성자 열화전차,2017-03-25 13:36:10.0
369015263,339,SKT,아이폰7플러스 128기가 로즈골드/제트블랙 새제품 팝니다. 인천부천,2017-03-17 19:14:00,^^,10,,,직접거래,판매 상품 사진 및 상세 설명을 적어주세요 사진은 별도로 여러각도로 안올리겠습니다. 모든구성품 사용안했습니다.색상은 로즈골드/제트블랙 입니다. 초기필름도 그대로이고 젤리케이스끼어놨습니다. 가개통폰이며 사용한거라곤 전화몇통이 끝입니다. 인천/부천 직거래입니다. 업자 이런거아니구요선택약정 가능하며 3사 통신사 유심만끼시면 사용가능하구요 리퍼 1년남았다고 보시면됩니다.궁금하신건 010-4761-4836 우선 문자나 카톡주세요 가격은 85만원 입니다.,2017-03-25 13:36:11.0
369006113,339,SKT,(판매완료) 아이폰7 플러스 제트블랙 128기가 B+급 68만,2017-03-17 18:19:00,직접거래,68,,,판매자와 직접 연락하세요.,"판매 상품 사진 및 상세 설명을 적어주세요 다른 폰도 판매중이니 닉네임 눌러서 확인해보세요~^^##필독##예약 취소가 많아 입금 순으로 거래를 진행하고 있습니다.예약 문의는 안받습니다.1.기종 - 아이폰7 플러스2.내부저장용량 - 1283.가격 - 68만4.통신사 - 3사5.외관상태 - 외관에 찍힘 및 생활기스 있습니다.액정은 깨끗한 상태에요~!6.구성품 - 기기단품7.직거래지역 - 신설동역, 그외 택배 거래 (착불 발송 됩니다)직거래시 쓰던폰 판매하시고 차액으로 구입 가능하니 문의주시기 바랍니다~!파손폰도 매입가능! (단, 화면이 켜지지않을 시 x)01097466838카톡 - ssanmai",2017-03-25 13:40:26.0
369008280,339,SKT,선불유심 판매 합니다.,2017-03-17 18:31:00,직접거래,1,,,판매자와 직접 연락하세요.,,2017-03-25 13:36:15.0
370219080,339,SKT,갤럭시 노트4S A+급 판매합니다 18만원!!!,2017-03-23 15:11:00,1,1,,,직접거래,,2017-03-25 13:21:34.0
369016628,339,SKT,알카텔 원터치 팝니다.,2017-03-17 19:23:00,직접거래,1,,,판매자와 직접 연락하세요.,알카텔 원터치 팝니다.,2017-03-25 13:40:41.0
369010481,339,SKT,[중고폰#]중고폰 최다기종보유 친절 상담을 약속드립니다!,2017-03-17 18:44:00,중고폰,486,,,직접거래,"♡모든 중고폰 세상의 모든 중고폰!!!♡매일 매일 최신 업데이트 되는 [중고폰#] 입니다. 친절과 고객만족도가 최대의 가치라고 생각하고있습니다. 당사는 평택시내에 위치한 중고폰매장으로 하루에 200여대 이상의 중고폰이 들어오는 중고폰의 마트같은곳입니다 원하는 기기 예약도 가능하며,모든 중고폰은 유심인식, 마이크, 기타성능테스트를 모두 마친 말끔하고 투명한 A급 중고폰 입니다.♡♡♡♡♡♡♡♡♡♡♡♡♡♡♡♡♡♡♡♡♡♡♡♡♡♡♡♡♡♡♡♡♡♡♡♡♡♡♡♡♡♡♡♡♡♡♡♡♡♡♡♡♡단가에 의문을 가지실수 있을거라 생각합니다.하지만, 절대 단가에 문제가 있는것이 아닙니다!!예를들어, 갤럭시S7을 저희는 42만원에 판매를하지만 일반 개인거래로 37~39만 선 에서 구매를 하셨을경우? 아시겠지만 싼 중고폰은 그만큼 이유가 있을 것 이며, 내부적인 상황은 전문가가 아닌이상 일반 소비자는 잘 모른다는걸 잘 알고있습니다.그말은 즉슨, 뒷감당은 소비자가 감당하게되어있습니다. (2~5만원 싸게사려다가 2배 손해를 감수를 해야하는경우도 있습니다.)중고폰거래 특성상 교환이나 환불이 힘들다는 점에 대해 악용을하는 일부 비양심적인 업체들 때문에 솔직하게 말씀드리고갑니다.이러한 자주적인 사유로 저희에게 호소하시는 소비자분들이 많아서 대신 대변해드리고자 적어드리는겁니당♡ 물론! 정말 정직하게 판매하시는분들도 계시다는거 아주 잘 알고있습니다.허나, 물건이 저렴한건 항상 [이유]가 있기 때문이라는것을 꼭!!!!무조건!!! 알아주세요 저희는 몇푼을 위해 양심을 파는 매장이 아닙니다 예쁘게 봐주세요♡♡♡♡♡♡♡♡        ♥♥♥♥♥♥♥♥♥♥♥♥저희의 가장 장점인 판매시 1년 무상A/S 까지 해드립니다 ^^♥♥♥♥♥♥♥♥♥♥♥♥♥(고객과실로인한 A/S는 불가 예를들어 침수 등)기존에 있던 업체들과는 차원이틀릴겁니다 기존업체라든지 개인거래는 팔고나면 땡 이지만 저희는 철저한 고객관리, 체계적으로 MGM까지 신경쓰는 매장이기에 걱정안하시고 믿고 구매하실수있을겁니다 ^^현재 올려드린 모든 단가는 A급판매 기준이며, 상태에따라 D/C가 가능하답니다♡현명하신분은 전화/방문을 해보시겠죠?♡♡♡♡♡♡♡♡♡♡♡♡♡♡♡♡♡♡♡♡♡♡♡♡♡♡♡♡♡♡♡♡♡♡♡♡♡♡♡♡♡♡♡♡♡♡♡♡♡♡♡♡♡가격표( A급 기준 )삼성S7엣지 520,000  S7 440,000S6엣지 340,000  S6 300,000S5 150,000S4 130,000S3 70,000노트5 400,000노트4 220,000노트3 160,000노트2 100,000J5 100,000(2015년도)J7 150,000(2015년도)A5 150,000(2015년도)A7 180,000(2015년도)A5 200,000(2016년도)A7 250,000(2016년도)알파 130,000 [이외 현재 게시물에 올리지 않은 기기는 문의주세요 모든기종 보유중입니다]♡♡♡♡♡♡♡♡♡♡♡♡♡♡♡♡♡♡♡♡♡♡♡♡♡♡♡♡♡♡♡♡♡♡♡♡♡♡♡♡♡♡♡♡♡♡♡♡♡♡♡♡♡LGG5 300,000G4 180,000G3 100,000G2 90,000G3비트 80,000G3스크린 100,000X스킨,X파워 110,000V10 250,000V20 550,000 [이외 현재 게시물에 올리지 않은 기기는 문의주세요 모든기종 보유중입니다]♡♡♡♡♡♡♡♡♡♡♡♡♡♡♡♡♡♡♡♡♡♡♡♡♡♡♡♡♡♡♡♡♡♡♡♡♡♡♡♡♡♡♡♡♡♡♡♡♡♡♡♡♡[아이폰,스카이]아이폰6 16기가 300,000아이폰6 64기가 400,000아이폰6+ 16기가 350,000아이폰6+ 64기가 500,000아이폰6S 16기가 400,000아이폰6S 64기가 500,000아이폰6S+ 16기가 500,000아이폰6S+ 600,000베가시크릿업 80,000베가시크릿노트 110,000베가아이언 50,000베가아이언2 120,000[이외 현재 게시물에 올리지 않은 기기는 문의주세요 모든기종 보유중입니다]문의 전화만 주셔도 사랑입니다!♥찾아오시는곳 - 경기도 평택시 평택동 293-2번지 1층 중고폰#(평택시내 국민은행 맞은편)실장 임승윤 010-7186-2705실장 장구덕 010-7474-5382  매장 번호 070-4085-3331 [국내 유일무이 중고폰 전기종 판매매장]**위에 없는 단가 혹은 기기는 문의를 해주세요!왠만하면 전기종 다있습니다**",2017-03-25 13:40:32.0
369614989,339,SKT,SKT G5 핑크/젠틀폰 아이스크림 스마트폰(서울/면목동),2017-03-20 21:25:00,1,1,,,직접거래,"아래내려보시면 스마트폴더 있습니다제품 상세설명/가격있습니다문의주세요전화,문자 O1O-구사구사-팔이1구010-9494-8219카톡 : GAMZA91SKT G5 핑크   SKT G5 핑크[제품정보]통신사 : SKT모델/색상 : F700S 핑크제품구성 : 단품 (충전기/케이스 드려요)선택약정 : 20%요금할인가능확정기변 : 가능 / 정상해지 공기기판매가격 : 250,000원판매지역 : 서울 중랑구 면목동최초통화 : 16년3월A/S 남은기간 : 약1개월배송방법 : 택배 / 뽁뽁이or신문지로 감싼후 안전하게 포장/골드도있습니다네고XSKT/KT/U+통신3사호환가능전화,문자 O1O-구사구사-팔이1구010-9494-8219카톡 : GAMZA91※ 첨부사진은 실물 사진입니다.        젠틀폰  젠틀폰전화,문자 O1O-구사구사-팔이1구010-9494-8219카톡 : GAMZA91[제품정보]통신사 : U+모델/색상 : F580L  와인제품구성 : 단품선택약정 : 20%요금할인가능확정기변 : 가능 / 정상해지 공기기판매가격 : 60,000원판매 지역 : 서울 중랑구 면목동 배송방법 : 택배 / 뽁뽁이or신문지로 감싼후 안전하게 포장/※ 첨부사진은 실물 사진입니다.      아이스크림 스마트폰 아이스크림 스마트폰SKT/KT/U+통신3사호환가능전화,문자 O1O-구사구사-팔이1구010-9494-8219카톡 : GAMZA91[제품정보]통신사 : U+모델/색상 : F440L  블루제품구성 : 단품선택약정 : 20%요금할인가능확정기변 : 가능 / 정상해지 공기기판매가격 : 60,000원판매 지역 : 서울 중랑구 면목동배송방법 : 택배 / 뽁뽁이or신문지로 감싼후 안전하게 포장/개통일자 : 15년3월 A/S 기간 : 약0개월※ 첨부사진은 실물 사진입니다.      판매 상품 사진 및 상세 설명을 적어주세요",2017-03-25 13:29:17.0
