ID,카테고리_ID,카테고리명,제목,등록날짜,거래구분,판매금액,제품설명,지불방법,배송방법,상세설명,수집날짜
369535598,339,SKT,아이폰 6 팝니다. 강남,2017-03-20 14:53:00,아이폰6 실버,1,,,직접거래,"판매 상품 사진 및 상세 설명을 적어주세요 아이폰6 팝니다. 16기가 실버 직거래 : 강남역 , 신논현역 가격 : 20만원 문자주세요. 공일0- 2공10 - 일구96",2017-03-25 13:54:29.0
369535601,339,SKT,설현 sol폰 skt전용 새기기와 다름없는 s급 정상해지 공기기팝니다.(거래불발재업),2017-03-20 14:53:00,팝니다.,120000,,,직접거래,판매 상품 사진 및 상세 설명을 적어주세요 현금 완납주고 구매한 실사용3주정도 된 새것과 마찬가지입니다.구매하자마자 액정 강화필름1만원짜리 방탄필름부착하였구요뒷판 스티커도 떼지 않은채로 투명 케이스 부착하여 기스찍힘 일절 없습니다.제품 자신있는 만큼 안전거래 직거래 택배거래 전부 가능하구요직거래는 평일에는 경북상주시주말에는 서울강동구에서 가능합니다.제가 대학교를 다니고있어서요에누리도 가능하고 상태좋으니 궁금하신점 여쭤봐주세요설현이 광고하는 sol폰입니다.구성은 솔폰 전용 대용량 보조베터리와 jbl에서나온 함께 동봉되어있던 이어폰있구요박스는 제가 다른분과 택배거래하면서 물건보내면서 보내버려서 없네요 아쉽지만..많이 찔러봐주세요!!01090139038입니다!가격은12만원생각하구있습니다!,2017-03-25 13:54:29.0
369537142,339,SKT,아이폰6S 플러스 64기가(로즈골드)팝니다.(리퍼가능),2017-03-20 14:59:00,"정상해지 재품이며,상태 완전S급입니다.(리퍼가능)",500000,,,직접거래,"판매 상품 사진 및 상세 설명을 적어주세요 아이폰6S 플러스 (로즈골드) 64기가 팝니다.정상해지 재품이며 , 리퍼가긴 올해 7월까지 입니다.깨진곳이나 흠집 전혀 없습니다.리퍼기간도 남아있어요다른 구성품은 없습니다.싸게 올리니 네고는 사양할게요.010-55일칠-99육사연락주세요.",2017-03-25 13:54:33.0
369178820,339,SKT,[부산]SK 와인스마트 가개통 판매합니다.,2017-03-18 17:25:00,카톡 가능한 폴더 스마트폰입니다.,120000,,,직접거래,가격 인하했습니다. 문자 연락 부탁드립니다.SKT 용 와인스마트 3G 가개통 모델입니다.2017년 2월 6일 개통되었습니다. 따라서 무상 A/S 기간은 2018년 2월 5일 까지 되겠습니다.가개통이라 다른 설명은 필요없을 것 같습니다.구성은 사진처럼 가개통 풀박스+투명 하드케이스 따라 나갑니다.경쟁모델인 와인스마트 재즈/갤럭시 폴더와 비교해 장점은 와인스마트 재즈보다 성능이 좋고 (스냅400 1.2쿼드코어) 화면이 큽니다.(3.5인치 LCD)색상도 고급스럽구요.갤럭시 폴더 보다는 가볍습니다^^부산 직거래 가장 선호 합니다. 연락은 010-4448-96O1 입니다.댓글 잘 못봅니다 문자주시면 성실하게 답변드리겠습니다.,2017-03-25 13:44:59.0
369178917,339,SKT,갤럭시s7엣지 S급판매합니다,2017-03-18 17:26:00,직접거래,50,,,판매자와 직접 연락하세요.,,2017-03-25 13:44:59.0
369181193,339,SKT,아이폰6 16기가 골드 판매합니다,2017-03-18 17:40:00,10,10,,,아이폰6 16기가 골드 판매합니다,판매 상품 사진 및 상세 설명을 적어주세요 아이폰6 16기가 골드 판매합니다 1액정에 강화유리필름 새로 붙여놨구요바로 쓰시면 됩니다.구성품은 본체만 있습니다.금액 23만원송파 &amp; 강동 지역 직거래 가능문의 : 010.3317.1354,2017-03-25 13:34:19.0
369181194,339,SKT,갤럭시s6 판매합니다,2017-03-18 17:40:00,직접거래,19,,,판매자와 직접 연락하세요.,갤럭시s6 32기가sk기계이며 3사호환 가능합니다전체적으로B급입니다액정 모서리 찍힘있어여010-3939-7726안산 한대앞역 직거래합니다19만원전화문자 주세요,2017-03-25 13:34:19.0
369182161,339,SKT,갤럭시s2 HD LTE 1만원에 팝니다,2017-03-18 17:46:00,직접거래,1,,,판매자와 직접 연락하세요.,"판매 상품 사진 및 상세 설명을 적어주세요              갤럭시 S2 HD LTE SKT 팝니다정상해지 모델입니다구성품은 베터리 충전 키트 2개, 배터리 3개와 기기입니다기기 측면 까짐등 사용 흔적이 있으나 케이스 사용으로 전체적으로 깨끗합니다상단바 번인 있습니다후면에 작은 금색 스티커 붙어있습니다 (때려다가 기스날까바 못땠습니다)가격은 직거래시 1만원 택배거래시 3천원 추가입니다직거래는 서울 8호선 장지역이나 위례 트랜짓몰에서만 합니다---------------------------판매완료",2017-03-25 13:34:22.0
370404481,339,SKT,아이폰6s  가개통급-인천,2017-03-24 13:06:00,풀박스,45,,,직접거래,아이폰6S로즈골드 16기가가개통급풀박스-45만아이폰6S 골드 16기가 가개통급풀박스-45만(박스는 실버입니다만 골드 맞습니다)실제 사용하던폰이아니구 통화이력만 발생시킨 폰입니다-리퍼기간종료인천임학동 직거래나  택배착불합니다 혹은 세이프 유 안전거래 가능합니다알뜰폰이나 선불폰개통도 가능합니다.010-9615-9925카톡아이디: yazjang네고문의는 죄송합니다  댓글은 잘안보니 전화문자카톡주세요.     판매 상품 사진 및 상세 설명을 적어주세요,2017-03-25 13:18:32.0
370405279,339,SKT,[인천] 아이폰5s 실버 A급 16g,2017-03-24 13:10:00,[인천] 아이폰5s 실버 A급,150000,,,직접거래,"판매 상품 사진 및 상세 설명을 적어주세요 케이스,강화유리 사용으로 깨긋한 상태이며액정도 문제없고 배터리도 컨디션 좋은편입니다.기타 문제되는부분은 업어 실사용하실분이 구매하셧음하네요보증은 끝낫고 구성품은 본체,박스,강화유리새거1,슈피겐케이스1 입니다인천 남동구 이며 협의해서 직거래햇음하구요위 안심번호로 문자부터 주십쇼",2017-03-25 14:22:16.0
369183496,339,SKT,<<팝니다>> 중고폰 갤럭시 A5(A500) 저렴하게 팝니다.,2017-03-18 17:54:00,각각 한대씩있습니다.,120000,,,직접거래,중고폰입니다.갤럭시A5 입니다.모델명 A500블랙색상은 SK통신사입니다.테두리에 찍힘 몇군데 있는거 빼곤 화면 깨끗합니다.가격은 11만원사진참고해주세요직거래 강변테크노마트 매장이나 천호동 사무실에서 합니다.선입금 택배거래도 가능합니다. 우체국으로 보내드려요      화이트는 KT통신사입니다.찍힘은 없으나 테두리 벗겨짐있네요가격은 12만원입니다.사진참고해주세요    직거래 강변테크노마트 매장이나 천호동 사무실에서 합니다.선입금 택배거래도 가능합니다. 우체국으로 보내드려요문의 O10 9298 8392문의시간 오전 10시부터 오후 8시까지입니다.문자는 확인하는데로 보내드립니다.저희 페이스북 페이지입니다.구매전 오셔서 팔로우및 태그해주시면케이스 및 액정보호필름 서비스로 드립니다.https://www.facebook.com/Np통신-1971966573031552/,2017-03-25 13:45:11.0
369650660,339,SKT,"소니 엑스페리아 XZ 32GB 판매합니다! (S급 풀박스, 사은품 증정, 53만원)",2017-03-21 00:35:00,직접거래,53,,,판매자와 직접 연락하세요.,,2017-03-25 13:57:50.0
369653243,339,SKT,"소니 엑스페리아 XZ 32GB 판매합니다! (상태 S급, 풀박스, 사은품 증정, 53만원)",2017-03-21 00:55:00,직접거래,53,,,판매자와 직접 연락하세요.,,2017-03-25 13:57:55.0
369654972,339,SKT,아이폰 7 매트블랙 [미개봉],2017-03-21 01:12:00,70,70,,,직접거래,판매 상품 사진 및 상세 설명을 적어주세요 아이폰 7 32기가 매트블랙입니다,2017-03-25 13:28:53.0
369655801,339,SKT,"소니 엑스페리아 XZ 32GB 판매합니다!  (상태 S급, 풀박스, 사은품 증정,  53만원)",2017-03-21 01:21:00,직접거래,53,,,판매자와 직접 연락하세요.,,2017-03-25 13:28:54.0
370406265,339,SKT,SKT 갤럭시 S6 골드 32G 정상해지 공기계 18만원에 판매합니다 (인천 부평),2017-03-24 13:15:00,직접거래,18,,,판매자와 직접 연락하세요.,판매 상품 사진 및 상세 설명을 적어주세요 SKT 갤럭시 S6 골드 32G 정상해지 공기계 18만원에 판매합니다 (인천 부평)선택약정할인(20%요금할인) 가능한 정상해지 공기계입니다상태는 외관은 중고폰치곤 깨끗한데 액정 왼쪽 상단부분에 살짝 액정뜸있고잔상 살짝 있어서 싸게 판매합니다 기능은 다 정상이구요서브폰이나 싸게 쓰실분 가져가셔서 쓰시면 좋을것같아요최초통화일 2015년 4월 18일이며 기기단품이고 가격은 18만원입니다직거래시 인천 부평에서 가능하고 택배거래시 택배비별도입니다010 8485 1691 전화나 문자주세요,2017-03-25 14:22:20.0
369660062,339,SKT,T데이터쿠폰 .SKT데이터 선물쿠폰 판매합니다.,2017-03-21 02:34:00,T데이터쿠폰 .SKT데이터 선물쿠폰 판매합니다.,4000,,,직접거래,T데이터쿠폰 .SKT데이터 선물쿠폰 판매합니다.T데이터선물하기 1GB 2GB 판매합니다.1GB 4000원 2기가 7500원 데이터쿠폰아닙니다.당월소멸입니다.데이터 쿠폰 500메가 10.000원 2기가 19.000원 5기가 33.000원 입니다.데이터쿠폰은 유효기간 17/06/31일까지구요데이터쿠폰은 등록하기전 2017/06/31일까지이구요 등록후 등록할날짜로부터 1년뒤소멸됩니다100mb 1200원 2개이상구매시 2200원 100메가는 등록하기전 2년 등록후 한달이내소멸010 6253 1661 문자.카톡 연락 주세요010 6253 1661 문자.카톡 연락 주세요,2017-03-25 13:58:00.0
370408001,339,SKT,포켓파이Y 풀박 판매합니다,2017-03-24 13:24:00,직접거래,25000,,,판매자와 직접 연락하세요.,판매 상품 사진 및 상세 설명을 적어주세요 포켓파이Y 화이트 판매합니다6개월 유지 후 오늘 해지했으며실사용은 10회 미만입니다아주 새것같진 않고 생활기스는 있습니다(책상에 둬서 움직이면서 기스가 생긴 것 같네요)구성품 모두 있으나 박스 아랫부분이 없네요usb선은 강아지가 물어서 다른 새것으로 드립니다택포 25000원입니다문자주세요 010-2772-9051 요 박스 위에 덮는 뚜껑이 없는겁니다..,2017-03-25 13:18:30.0
370408307,339,SKT,2G 스마트폰 엑시드2 Exceed 2 새제품(9만원) 볼트 중고 액정고장(7만원)판매합니다. 세팅시 3만원 추가,2017-03-24 13:25:00,직접거래,1,,,판매자와 직접 연락하세요.,"판매 상품 사진 및 상세 설명을 적어주세요 판매 상품 사진 및 상세 설명을 적어주세요 버라이즌 엑시드 2입니다. 구매 후 SKT 인증 받아놓았고, ESN 사용가능합니다. 물론 2G 011 에서 이용하시는 겁니다. 예비용으로 박스 그대로 보관하고 있으며, 제품은 새제품입니다. 물론 박스는 열어보았습니다. 구성품 모두 동봉되어 있습니다. 직접 세팅해서 사용하시면 됩니다. 세팅 귀찮아서 안했습니다.9만원 입니다. 가끔 전화와서 자기 번호만 입력하면 011 스마트폰으로 사용할 수 있는거 아니냐고 물어보는 사람 있는데, 그런 전화는 이제 안 받아 줍니다. 책 볼 시간 아깝습니다. 컴퓨터에 연결해서 해야 하는 세팅이고, 1시간 정도 걸립니다. 세팅을 원하면 3만원 추가 입니다. 세팅을 잘 한다고 해도011 2G 폰이라는 것이 그래도 기계를 조금 아는 분이 사용하는게 낫습니다. 기계 셋업이 필요하면 본인이 다시 하셔야 합니다.  시간도 없고, 다시 해드리기는 어렵습니다. 귀찮기도 합니다. 물론 기계가 고장나 있거나 ESN 중복이라 못쓰는 기기라면 당연히 팔지도 않겠지만, 이경우 즉각 환불해드립니다. &amp;볼트 중고 판매합니다. 집에 가족 쓰라고 드렸는데, 액정부 파손되어 액정 교체 해야 합니다. LCD 고장ESN 미중복으로 현재 사용 가능합니다. 메인보드는 살아있고, 상태 좋습니다. 액정부만 교체해서 사용하면 됩니다. 따라서 볼트제품이 있는데 ESN 중복으로 사용하지 못하는게 있다면액정부만 교체해서 사용하면 되겠습니다. 아니면 싸게 파는 ESN 중복폰 사서 부품 갈아끼우셔도 됩니다. 일단 메인보드 정상임을 확인했지만, 혹시라도 보드에 문제 있으면환불 가능합니다. (택배 수령 1~2일 시간 줌)현재 2G 세팅 되어 있고, 번호만 바꿔서 쓰시면 될 것입니다.이건 구성품이 핸드폰 단품과 박스, 설명서만 있습니다. 이거는 7만원---------------------------------------------------------완료시 글 지우겠습니다.파는 이유 011 번호로 스마트폰 쓰기 힘들어서 팝니다.거래 내역 보시면 알겠지만, 이런 소액으로 사기같은거 생각도 안합니다.걱정되는 분은 연락하지 마세요.택배 거래시 3천원 추가됩니다. (나머지 택배비1000~2000은 는 제가 부담합니다.)o1o-34o1-o738전화하지 말고 문자로 주세요.바로 거래하실 분만 연락주세요.가끔 바쁘면 답장 못하는 경우가 있는데 10분 기다려보고 답장 없으면 다른 분꺼 구매하세요.도서관이라 바쁠 수 있습니다.여기 저기 다 알아보고 확실히 구매할 사람만 연락하세요.통화가 필요하면 문자 먼저 주시고, 전화하시면 됩니다.네고 문자 보내지 말아주세요.(답장 없습니다.)거래 완료되면 글 지웁니다.",2017-03-25 14:22:24.0
369662362,339,SKT,갤6엣지플러스 골드색상 특AA급팝니다,2017-03-21 03:54:00,직접거래,37,,,판매자와 직접 연락하세요.,판매 상품 사진 및 상세 설명을 적어주세요 갤6엣지플러스 골드색상 특AA급팝니다상태는 정식센터에서 LCD수리교체후 미사용제품이라 잔상 전혀없구요~옆테두리는 하단부에 경미한 정도찍힘 외 전체적으로 A급상태입니다그외 기능및 성능 테스트 12가지 모두 점검했구요부천 상동이구요 직거래 택배거래 안전거래 가능합니다010 9129 8349 연락주세요,2017-03-25 13:58:02.0
369666598,339,SKT,[판매완료] 갤럭시s5 광대역 lte-a  팝니다.,2017-03-21 06:49:00,갤오광,110000,,,직접거래,판매 상품 사진 및 상세 설명을 적어주세요  구성품은 위 사진과 같습니다. 핑크폰입니다.2년약정 끝났구요. 20%선택약정할인 됩니다.010-4142-4524 연락주세요.,2017-03-25 13:28:47.0
369153579,339,SKT,G5 핑크/골드  입니다(서울/동대문구),2017-03-18 14:55:00,1,1,,,직접거래,"G5 골드 G5 골드[제품정보]통신사 : U+모델/색상 : F700L 골드제품구성 : 단품 (충전기/케이스 드려요)선택약정 : 20%요금할인가능확정기변 : 가능 / 정상해지 공기기판매가격 : 0원판매지역 : 서울 동대문구 회기역최초통화 : 16년4월A/S 남은기간 : 약2개월배송방법 : 택배 / 뽁뽁이or신문지로 감싼후 안전하게 포장/SKT/KT/U+통신3사호환가능전화,문자 O1O-구사구사-팔이1구010-9494-8219카톡 : GAMZA91※ 첨부사진은 실물 사진입니다.    G5 핑크    G5 핑크[제품정보]통신사 : U+모델/색상 : F700L 핑크제품구성 : 단품 (충전기/케이스 드려요)선택약정 : 20%요금할인가능확정기변 : 가능 / 정상해지 공기기판매가격 : 0원판매지역 : 서울 동대문구 회기역최초통화 : 16년6월A/S 남은기간 : 약4개월배송방법 : 택배 / 뽁뽁이or신문지로 감싼후 안전하게 포장/SKT/KT/U+통신3사호환가능전화,문자 O1O-구사구사-팔이1구010-9494-8219카톡 : GAMZA91※ 첨부사진은 실물 사진입니다.      판매 상품 사진 및 상세 설명을 적어주세요",2017-03-25 13:44:11.0
368920761,339,SKT,(광주광역시) 갤럭시노트3 팝니다. (사진 많음),2017-03-17 11:22:00,(광주광역시) 갤럭시노트3 팝니다. (사진 많음),1,,,직접거래,"판매 상품 사진 및 상세 설명을 적어주세요 2. 갤럭시 노트3 (사진참조)※ 실사용 1년반정도 했습니다.찍힘 및 기스 사진상으로 확인 하시라고 근접으로 촬영했습니다.공장 초기화 한 상태고 정상 해지 기기 입니다.다른 궁금한 사항 있으시면 전화 연락 주세요터치 문제 없고, 보호필름 붙어져 있습니다.판매금액 : 10만원 (기기단품)전남 광주 북구 입니다.직접 실물 확인하시라고 직거래 우선적으로 하구요 직거래는 광주광역시 북구 북구청 앞에서 가능합니다.사진상 찍힘 및 기스 확인하시고 택배 구매 원하시면 착불 우체국 택배로 배송 됩니다. (착불 확인하세요.)공일공-3338-오일육이",2017-03-25 13:37:35.0
369671987,339,SKT,갤s5.6,2017-03-21 08:06:00,공기계이며 약정할인가능20%,27,,,직접거래,"010-5488-3731 서울근교,수원근교 직거래희망,,,s6(27)s5(19)  최상급입니다  정상폰이며 바로사용가능 합니다..구성품도 다드립니다  판매 상품 사진 및 상세 설명을 적어주세요",2017-03-25 13:58:13.0
369672061,339,SKT,대구 중고폰 a5 2016 a510,2017-03-21 08:06:00,대구 중고폰 a5 2016 a510,24,,,직접거래,"★ 판매금액: 240,000원 ★ 1.모델명 : SM-A510S (갤럭시 A5 2016 ) 2.색상    : 흰색,블랙,핑크3.통신사 : SKT ( 전 통신사 유심장착후 바로사용가능)4.상태    : S급(엄청깨끗함,보증기간남음)5.구성품 : 단말기본체+강화필름(부착하여발송)6.지역    : 대구(직거래),택배가능(안전거래)7.연락처  : 010-2956-3333★문자나 전화주시면 최대한 빨리연락 드리도록 하겠습니다.★",2017-03-25 13:58:14.0
369672384,339,SKT, SKT 데이터 팝니다,2017-03-21 08:09:00,직접거래,3000,,,판매자와 직접 연락하세요.,,2017-03-25 13:58:14.0
369672628,339,SKT,SKT 데이터 1GB당 3500원 팝니다,2017-03-21 08:11:00,3500,3500,,,직접거래,판매 상품 사진 및 상세 설명을 적어주세요 010-3188-4377 연락주세요~,2017-03-25 13:58:15.0
369673309,339,SKT,울산] 갤럭시노트5 구매합니다,2017-03-21 08:17:00,울산] 갤럭시노트5 구매합니다,1,,,직접거래,울산] 갤럭시노트5 구매합니다A급 이상 풀박스 구매 원합니다공업탑 직거래 sk나 kt 기계 구합니다010 7169 2829 문자나 전화주세요,2017-03-25 13:58:17.0
368922520,339,SKT,G4  sk용&  lg용  -인천,2017-03-17 11:29:00,단품,15,,,직접거래,sk용 블랙가죽 -15만 생활기스 2군데찍힘KT용 블랙-판매완료lg용 브라운가죽-16만-판매완료LG용 화이트-15만-생활기스 뒷면 기스G4는 통신3사 다 가능합니다유심만 넣으면 바로 사용가능합니다인천임학동 직거래나  택배착불합니다 혹은 세이프 유 안전거래 가능합니다알뜰폰이나 선불폰개통도 가능합니다.댓글은 잘안보니 전화문자카톡주세요~010-9615-9925카톡아이디: yazjang네고문의는 죄송합니다.      판매 상품 사진 및 상세 설명을 적어주세요,2017-03-25 13:37:45.0
369837096,339,SKT,sk데이터1기가 3천냥,2017-03-21 20:56:00,skt 데이터 1기가 3000원 팝니다.,3000,,,직접거래,판매 상품 사진 및 상세 설명을 적어주세요 skt 데이터 1기가 3000원 팝니다.국민은행 01040688042,2017-03-25 14:03:02.0
368922572,339,SKT,"[양산시][다운] 갤럭시노트4, SK용",2017-03-17 11:29:00,직접거래,111,,,판매자와 직접 연락하세요.,"판매용 폰들은 모두 18가지 기본 기능 검사를 마쳤기에 유심 넣어 바로 사용할 수 있습니다.사진과 게시물에서 품번(네자리)으로 문의 주세요.예약보다는 빠른거래 우선으로 진행하니 오해 없으시기 바랍니다.양산 직거래나 선입금 착불 택배로 진행합니다.그리고 덧글이나 쪽지보다 문자나 전화가 우선입니다.매일 새로운 상품을 업데이트 하면서 이월 상품은 조금씩 네고하고 있습니다.게시된 폰 외에도 계속 입고되고 있으니 문의 바랍니다.게시물에 설명 잘 보시고 상세 사진 원하시면 폰으로 촬영한 전,후,상,하,좌,우 6컷 보내드리겠습니다.촬영에 시간 걸리는 만큼 구매의사 있을 경우 요청 바랍니다.판매자 전번은 010-7445-6058 입니다.번호를 조회해보면 신용도 최상급인 99% 레벨이며 중고나라 최고회원 등급이니 믿고 거래하셔도 됩니다.",2017-03-25 13:37:45.0
369837551,339,SKT,[대구] 갤럭시노트4 화이트 풀박스 팔아요 (SSSS급),2017-03-21 20:58:00,직접거래,22,,,판매자와 직접 연락하세요.,판매 상품 사진 및 상세 설명을 적어주세요사용하던 갤럭시노트4 화이트 풀박스로 22만 판매합니다구성품은 사용안한 새거구요 기기는 정상해지하고 초기화 한 상태로 구성품이랑 같이 보관중입니다 3사 통신사 다 호환가능하구요 아무 이상없는 기기에요 외관은 완전 깨끗하구요 아무래도 조심스럽게 써서 기스나 찍힌것도 없어요 대구에서 직거래 원합니다 사진 보시고 연락주세요 010.팔사사육.구일구삼,2017-03-25 14:03:02.0
370554533,339,SKT,아이폰6S 64스그 상태A급 폰과 충전기입니다. 40만,2017-03-25 09:15:00,직접거래,40,,,판매자와 직접 연락하세요.,앙       판매 상품 사진 및 상세 설명을 적어주세요 폰상태는 사진 나온대로 아주좋습니다.64기가이며 폰과 사진에는 없지만 충전기 드립니다.광주광역시 직거래 선호하고 타지역 안전거래 가능합니다.댓글 답장 많이 늦습니다.010 팔사셋칠 이공공2 문자나 카톡주세요,2017-03-25 14:29:08.0
368922584,339,SKT,"SKT 아이폰 6+(플러스) 16기가 팝니다. 풀박,상태좋음",2017-03-17 11:29:00,직접거래,250000,,,판매자와 직접 연락하세요.,"판매 상품 사진 및 상세 설명을 적어주세요 SKT 아이폰 6+ 팝니다. 직거래장소 - 포항 송도해수욕장가격 - 25만원상태 - 2개월전에 리퍼받고 정상해지한폰이라서 거의 새폰이라고 보시면 됩니다.          보험 안들어놔서 리퍼받을때 449,000원 나갔습니다. 직거래를 위주로 할게요. 직접 보시고 구매하세요.택배거래가 가능은 해도. 배송시 파손우려가 있어서.. 충전기 모듈은 다른회사겁니다. 박스랑 이어폰이랑 선은 전부다 있습니다.사진으로 확인해주세요.  금일 까지만 판매하고 안팔릴 시에 그냥 사용하려고 합니다. 기존에 판매예약 걸어놓고 잠수타신분들  번호랑 카톡은 자동으로 차단되어있어서 연락하셔도 확인 안됩니다.",2017-03-25 13:37:23.0
368922785,339,SKT, 노트4...기스 흠집 없는 새거같은 중고폰,2017-03-17 11:30:00,직접거래,24,,,판매자와 직접 연락하세요.,갤럭시 노4초기필름 붙어있는 특 S급 중고폰구성품미사용개통없이 쓰던 유심 꽂고 바로 사용가능새것처럼 깨끗한 폰정상해지...확정기변 가능선택약정 가능SK KT LG 삼사호환가능풀박스 24만원안산 수원 안양 군포 직거래택배거래 가능010 8255 0506문자주세요,2017-03-25 13:37:24.0
368922991,339,SKT,SK용 갤럭시S6 32G 완전특A급 골드색상 팝니다 정상해지,2017-03-17 11:31:00,SK용 갤럭시S6 32G 완전특A급 골드색상 팝니다,24,,,직접거래,판매 상품 사진 및 상세 설명을 적어주세요 상태보시면 알겠찌만 ~ 기스하나없고 찍힘하나 없는 완전 특A급 제품입니다 ~저장공간은 32G 골드색상 갤럭시S6 입니다. SK용이구요 ~~ KT LG도 유심꼽아서 사용 가능합니다 ~ 직거래는 부천 중동에서 가능하시구요 ~ 택배는 선불로 발송해드릴께요 ~~~~정상해지된건 당연한거구요 ~ 24만원 생각합니다. 궁금하신건 연락주세요 ~~~ 010-9083-4676       판매 상품 사진 및 상세 설명을 적어주세요,2017-03-25 13:37:26.0
370399592,339,SKT,아이폰6 128기가 실버블랙 24만 판매,2017-03-24 12:43:00,아이폰6 128기가 실버블랙 24만 판매,24,,,직접거래,"판매 상품 사진 및 상세 설명을 적어주세요   - 아이폰6 128기가 실버블랙 24만 판매합니다.다른 아이폰으로 갈아타고 남은 기기 입니다. 박스 있고, 미사용 이어폰 있습니다. 충전기 케이블 포함.- 기기 상태는 전반적으로 사용감 있습니다.  배터리는 1달전 교체하여 쌩쌩합니다.액정에 강화필름 있으며, 모서리 살짝 금 있습니다. 우측 하단 으로.. 잘 보이지 않습니다.액정도 사용 중 한번 교체 했는데,우측으로 약간의 변색이 있네요. 잘 봐야 보입니다.- 거래는 직거래 / 택배거래 가능합니다. 직거래는 인천 만수동 가능합니다.우측상단 안심번호로 연락 바랍니다.쿨거래 하시면 네고 가능합니다.",2017-03-25 14:21:52.0
370556182,339,SKT,"노트5 32기가 폰만있는 단품, 선택약정가능 33만",2017-03-25 09:26:00,직접거래,33,,,판매자와 직접 연락하세요.,"판매 상품 사진 및 상세 설명을 적어주세요 개통 통신사는 sk고 kt,lg사용 됩니다.정상해지된 공기계고 선택약정 가능합니다.사진 나온대로 하단에 펜쪽에 찍힘과 기스제외하고는 깨끗합니다.광주광역시 직거래 선호하고 타지역 안전거래 가능합니다.안전거래시 수수료 배송비는 구매자 부담입니다.댓글 답장 많이 늦습니다.010 팔43칠 이공공2 문자나 카톡주세요",2017-03-25 14:29:14.0
369154369,339,SKT,sk 데이터 2기가 팝니다. ,2017-03-18 15:00:00,2기가,5500,,,직접거래,판매 상품 사진 및 상세 설명을 적어주세요 sk 데이터 2기가 팝니다. 거래내역 많으니 안심하고 연락주세요.010-2947-44칠4 연락주셔요~.,2017-03-25 13:44:14.0
369154814,339,SKT,갤럭시S6 블랙사파이어32G 판매합니다~!!정상해지 선택약정가능!!서울강변역 직거래,2017-03-18 15:02:00,32G,21,,,직접거래,S6 블랙사파이어 32G 판매합니다!!정상해지 됐고요 선택약정 가능합니다!!약간의 사용감은있지만 깔끔한 편이고 풀박스에 구성품은 사용감이 있습니다!!가격은 22만원 생각해요!!서울 강변역 직거래원하고 택배시 선입금 입니다연락처-  010-6666-구육육삼실사진첨부해요!!풀구성 이고요액정 깔끔합니다!!번인도 없어요^^뒷판도 깔끔하고요~!!베젤부분에 약간씩의 흠집이 있지만 액정 뒷판은 깔끔합니다^^,2017-03-25 13:44:14.0
370399888,339,SKT,갤럭시s6 A급 판매합니다,2017-03-24 12:45:00,직접거래,23,,,판매자와 직접 연락하세요.,갤럭시S6 A급32G 단품 입니다SK기계이며 3사호환 가능전체적으로 A급입니다23만원 싸게사가세요안산  한대앞역 직거래합니다010-3939-7726전화문자 주세요,2017-03-25 14:21:53.0
370556936,339,SKT,아이폰6 64기가 스그 판매합니다 배터리 교체함,2017-03-25 09:31:00,아이폰6 64기가 스그,290000,,,직접거래,,2017-03-25 14:29:19.0
369161270,339,SKT,베가 시크릿 업 팝니다.,2017-03-18 15:39:00,직접거래,60000,,,판매자와 직접 연락하세요.,"판매 상품 사진 및 상세 설명을 적어주세요 베가 시크릿 업 팝니다.옆 뒷면 잔기스좀 있구요. 액정은 아주 깔끔해요.6만원이구요 추가배터리하나 같이있어요.직거래로만 받습니다. 고속터미널, 신논현, 강남역에서만 받아용skt용입니다!010-2923-742팔",2017-03-25 13:44:25.0
370401481,339,SKT,초S 급 G5 블랙 색상 팝니다. SK용입니다!! 사진 참고!!,2017-03-24 12:52:00,LG 옵티머스 G5 블랙색상 S급 판매합니다 :),250000,,,직접거래,"판매 상품 사진 및 상세 설명을 적어주세요       LG 옵티머스 G5 블랙색상 S급 판매합니다 :)가격: 25만원통신사: SKT (3사호환가능)기가수: 32GB유리 및 액정 깨끗하고 터치문제 없으며기능정상 및 외관상태 ""초S급"" 으로 저렴하게 판매하고 있습니다.유심만 연결하셔서 바로 사용가능하신 제품입니다.직거래 우선적으로 선호합니다.지역은 12시~8시 양천구 신정역or신월7동 입니다.그외 시간은 인천2호선 아시아드경기장역 입니다.택배거래 원하시면 파손면책 동의하에 모든기종 선불로 부담해드립니다.문의 주세요",2017-03-25 14:21:58.0
370401523,339,SKT,( 울산 ) LG-F500S G4 브라운 상태최상 SS급 직거래우선,2017-03-24 12:53:00,직접거래,140000,,,판매자와 직접 연락하세요.,LG-F500S G4 브라운 기기상태최상입니다. *외관:찍힘이나 긁힘 없이 깨끗합니다.  *액정 : 잔상이나 기스없이 완벽합니다. 기기상태는 실물 사진 확인하시면 될듯합니다 . 유심넣으시면 바로 사용가능합니다. 모든 동작및 기능 아무이상없습니다. *구성품: 본체+사제충전기 울산직거래 우선입니다.네고 절대 없음판매 상품 사진 및 상세 설명을 적어주세요,2017-03-25 14:21:59.0
370402294,339,SKT,(대구) 아이폰6  64g  매트블랙  새제품 7스타일 간지작살 풀박스 팔아요.....(대구),2017-03-24 12:56:00,직접거래,33,,,판매자와 직접 연락하세요.,"구성품:풀박스판매가:33만상태:프레임 기스,흠집 전혀없는 새거입니다.. 7스타일로 매트블랙 간지작살 납니다.....선택,확정 모두 가능한 공기계입니다....대구직거래(죽전네거리 알리앙스 3번출구)가능,택배거래가능....직거래시간:오전9시-오후7시까지 언제든지 오시면됩니다......언제든지 연락주세요.............^^마구마구 찔러주세요..................^^휴대폰: o1o-3o6o-1oo7",2017-03-25 13:18:36.0
370402344,339,SKT,(대구) 갤럭시 코어 어드밴스 3만 팔아요.....(대구),2017-03-24 12:57:00,직접거래,3,,,판매자와 직접 연락하세요.,"구성품:단품판매가:3만    통신사:skt............대구직거래(죽전네거리 알리앙스 3번출구)가능,택배거래가능....직거래시간:오전9시-오후7시까지 언제든지 오시면됩니다......언제든지 연락주세요.............^^마구마구 찔러주세요..................^^휴대폰: o1o-3o6o-1oo7",2017-03-25 13:18:36.0
370402359,339,SKT,대구 중고폰 a5 2016 a510,2017-03-24 12:57:00,대구 중고폰 a5 2016 a510,24,,,직접거래,"★ 판매금액: 240,000원 ★ 1.모델명 : SM-A510S (갤럭시 A5 2016 ) 2.색상    : 흰색,블랙,핑크(품절)3.통신사 : SKT ( 전 통신사 유심장착후 바로사용가능)4.상태    : S급(엄청깨끗함,보증기간남음)5.구성품 : 단말기본체+강화필름(부착하여발송)6.지역    : 대구(직거래),택배가능(안전거래)7.연락처  : 010-2956-3333★문자나 전화주시면 최대한 빨리연락 드리도록 하겠습니다.★ [출처] 대구 중고폰 a5 2016 a510 16g (중고나라) |작성자 song5705",2017-03-25 13:18:36.0
370402405,339,SKT,갤럭시S4 Lte 32기가 블랙(판매중),2017-03-24 12:57:00,직접거래,10,,,판매자와 직접 연락하세요.,"갤럭시S4 Lte 32기가 블랙 생활기스외 기스나 찍힘, 테두리크롬 까짐 없고 깨끗합니다.기기단품+전원연결선+젤리케이스+가죽수첩케이스 포함 입니다.군포 산본 직거래네고없이 10만원",2017-03-25 13:18:37.0
370402865,339,SKT,대구 중고폰 노트5 n920 실버골드,2017-03-24 12:59:00,대구 중고폰 노트5 n920 실버골드,40,,,직접거래,"★ 판매금액: 400,000원 ★ 1.모델명 : SM-N920L (갤럭시 노트5 ) 2.색상    : 티타늄실버,골드3.통신사 : LGT ( 전 통신사 유심장착후 바로사용가능)4.상태    : S급(엄청깨끗함)5.구성품 : 단말기본체+강화필름(부착하여발송)6.지역    : 대구(직거래),택배가능(안전거래)7.연락처  : 010-2956-3333★문자나 전화주시면 최대한 빨리연락 드리도록 하겠습니다.★[출처] 대구 중고폰 노트5 n920 실버 골드 (중고나라) |작성자 song5705",2017-03-25 14:22:03.0
369167198,339,SKT,아이패드 미니3 64기가 셀룰러 S급 판매합니다,2017-03-18 16:15:00,.,42,,,직접거래,판매 상품 사진 및 상세 설명을 적어주세요 아이패드 미니3 셀룰러 64기가 판매합니다사진에서 보시다시피 찍힘이나 기스 없습니다집에서만 사용했는데 사용빈도가 너무적어서 판매합니다박스풀이고 액정에 강화유리 붙어있어서바로 가져가서 사용하시면 됩니다서울 망우역 신사역 직거래 환영합니다!오자키 흰색 케이스도 같이 드립니다01052팔오29팔팔연락주세요^^,2017-03-25 13:34:36.0
369167235,339,SKT,SKT 갤럭시와이드 블랙 16GB A급 팝니다.,2017-03-18 16:15:00,.,17,,,직접거래,판매 상품 사진 및 상세 설명을 적어주세요 상품 - SKT 갤럭시와이드 칼라 - 블랙가격 - 17만원내용 -  외관상에 전혀 하자 없음 생활흠집정도입니다상품 - 단일상품연락처 - 010-5046-0797직거래 원할시 부산시 개금동에서 가능하구요 택배거래시 택배비는 무료로 해드립니다안전거래 가능하세요 ^^,2017-03-25 13:44:33.0
369167475,339,SKT,사사용가능한 그랜드맥스 화이트A급 판매합니다,2017-03-18 16:16:00,.,18,,,직접거래,판매 상품 사진 및 상세 설명을 적어주세요 상품 - 그랜드맥스 화이트 A510S칼라 - 화이트가격 - 18만원내용 -  외관상에 전혀 하자 없음 생활흠집정도입니다상품 - 단일상품연락처 - 010-5046-0797직거래 원할시 부산시 개금동에서 가능하구요 택배거래시 택배비는 무료로 해드립니다안전거래 가능하세요 ^^,2017-03-25 13:44:35.0
369822026,339,SKT,액정무료교체가능) G3캣 그레이 G3cat,2017-03-21 19:39:00,G3캣,10,,,직접거래,판매 상품 사진 및 상세 설명을 적어주세요       G3cat 판매합니다전체적으로 상태는 양호해 그냥 사용하셔도 좋지만크랙으로 인해 무상A/S (액정 및 옆부분 테두리?) 교체 가능합니다유심만 있으시면 바로 사용 가능11만원에 판매합니다010-4457-둘둘삼오(죄송하지만 문자는 돈나가서 답변 안합니다 카톡이나 전화주세요),2017-03-25 14:02:40.0
369822468,339,SKT,★노트5 실버 32기가 팜 !서울 도봉구 노원구 강북구 의정부 직거래!,2017-03-21 19:42:00,노트5 실버,35,,,직접거래,판매 상품 사진 및 상세 설명을 적어주세요 안녕하세요 노트 5 실버 s급팝니다.서울 도봉구 노원구 강북구 의정부 직거래 합니다.외관 테두리 찍힘 기스 전혀 없이 완전 깨끗한 상품입니다.모든 기능 이상없이 정상작동합니다.구성품은 급속 충전기와 케이스 함께 드려요.20프로 선택약정 가능한 물건입니다.안전거래 택배거래 가능합니다 가격은 35만원 입니다.통신사 어디든 유심만 꽂으면 바로 사용 가능한 제품입니다.아무때나 연락 주세요010 3065 6599카톡 : nky011,2017-03-25 14:02:41.0
369168141,339,SKT,"삼성갤럭시S4 새것같은폰-SSS급-""풀박스""로 판매해요",2017-03-18 16:20:00,직접거래,13,,,판매자와 직접 연락하세요.,"판매 상품 사진 및 상세 설명을 적어주세요   SK/KT/LG 삼성갤럭시4(E300/E330)풀박스로 판매합니다.색상은 화이트/블랙 색상있습니다.(E330 lte-a 모델은 1만원추가)판매가격은 14만원 입니다케이스를 새걸로 모두 교체하여 생활기스가 전혀없으며,외관상은 사진으로 보시는것과같이 새것과 동일하다고 보시면 됩니다!기기도 정검을 모두 하여 안전하게 사용하실수 있구요,현사용중인 유심만 꽂아 바로 사용 하실수 있습니다.구매시 사은품으로젤리케이스,액정스티커 드려요~(풀박스 구성품은 사은품 이므로 불량시 교환안됩니다.)직거래.안전거래.택배 모두 가능하며,직거래시 경산.대구 가능합니다.(대구는 경산인근만 가능함)자세한 문의는 전화.카톡모두 실시간 문의주세요.카톡문의----&gt;MINYUL85",2017-03-25 13:44:36.0
369827008,339,SKT,갤럭시노트2 (부품용),2017-03-21 20:05:00,"노트2,갤럭시노트2,노트3,노트4",1,,,직접거래,"판매 상품 사진 및 상세 설명을 적어주세요 노트2입니다. 안쪽 액정이 파손되어 화면이 안나오네요소리 잘나고 진동 잘되고 기타 기능에는 이상이 없습니다.프레임,보드,배터리커버 등 부품용으로 사용하실 분 구입하세요펜x,배터리는2개이지만 잘안됩니다010-구이66-칠오 6 6 (문의는 전화, 카톡만 주세요)SKT,KT 모두 가능합니다.신용에 관한 부분은 지난 글 참고 부탁드립니다.제품 교환 및 환불 불가40,000원 (택배비포함)",2017-03-25 14:02:48.0
369168492,339,SKT,"삼성갤럭시S5 새것같은폰-SSS급-""풀박스""로 판매해요",2017-03-18 16:22:00,직접거래,18,,,판매자와 직접 연락하세요.,"판매 상품 사진 및 상세 설명을 적어주세요  SK/KT/LG 삼성갤럭시5(G900/G906) 풀박스로 판매합니다.색상은 화이트/블랙/화이트골드/블랙골드 색상있습니다.(G906 또는 베젤 골드 색상은 1만원추가)판매가격은 18만원 입니다케이스를 새걸로 모두 교체하여 생활기스가 전혀없으며,외관상은 사진으로 보시는것과같이 새것과 동일하다고 보시면 됩니다!기기도 정검을 모두 하여 안전하게 사용하실수 있구요,현사용중인 유심만 꽂아 바로 사용 하실수 있습니다.구매시 사은품으로젤리케이스,액정스티커 드려요~(풀박스 구성품은 사은품 이므로 불량시 교환안됩니다.)직거래.안전거래.택배 모두 가능하며,직거래시 경산.대구 가능합니다.(대구는 경산인근만 가능함)자세한 문의는 전화.카톡모두 실시간 문의주세요.카톡문의----&gt;MINYUL85",2017-03-25 13:44:37.0
369827042,339,SKT,베가시크릿노트 스마트폰 상태최상 S급 팝니다.,2017-03-21 20:05:00,직접거래,1,,,판매자와 직접 연락하세요.,,2017-03-25 14:02:48.0
369168516,339,SKT,갤럭시s6 A급판매합니다,2017-03-18 16:22:00,직접거래,26,,,판매자와 직접 연락하세요.,갤럭시S6 A급32G 단품 입니다SK기계이며 3사호환 가능전체적으로 A급입니다26만원 싸게사가세요쿨거래시 2만원할인안산  한대앞역 직거래합니다010-3939-7726전화문자 주세요,2017-03-25 13:44:37.0
369168851,339,SKT,(광주) LG 스타일러스2 화이트 가개통 15만원,2017-03-18 16:24:00,직접거래,15,,,판매자와 직접 연락하세요.,,2017-03-25 13:44:39.0
369170962,339,SKT,[중고폰#]최다 기종 보유매장!!! 친절 상담을 약속드리겠습니다.,2017-03-18 16:37:00,중고폰,1004,,,직접거래,"♡모든 중고폰 세상의 모든 중고폰!!!♡매일 매일 최신 업데이트 되는 [중고폰#] 입니다. 친절과 고객만족도가 최대의 가치라고 생각하고있습니다. 당사는 평택시내에 위치한 중고폰매장으로 하루에 200여대 이상의 중고폰이 들어오는 중고폰의 마트같은곳입니다 원하는 기기 예약도 가능하며,모든 중고폰은 유심인식, 마이크, 기타성능테스트를 모두 마친 말끔하고 투명한 A급 중고폰 입니다.♡♡♡♡♡♡♡♡♡♡♡♡♡♡♡♡♡♡♡♡♡♡♡♡♡♡♡♡♡♡♡♡♡♡♡♡♡♡♡♡♡♡♡♡♡♡♡♡♡♡♡♡♡단가에 의문을 가지실수 있을거라 생각합니다.하지만, 절대 단가에 문제가 있는것이 아닙니다!!예를들어, 갤럭시S7을 저희는 42만원에 판매를하지만 일반 개인거래로 37~39만 선 에서 구매를 하셨을경우? 아시겠지만 싼 중고폰은 그만큼 이유가 있을 것 이며, 내부적인 상황은 전문가가 아닌이상 일반 소비자는 잘 모른다는걸 잘 알고있습니다.그말은 즉슨, 뒷감당은 소비자가 감당하게되어있습니다. (2~5만원 싸게사려다가 2배 손해를 감수를 해야하는경우도 있습니다.)중고폰거래 특성상 교환이나 환불이 힘들다는 점에 대해 악용을하는 일부 비양심적인 업체들 때문에 솔직하게 말씀드리고갑니다.이러한 자주적인 사유로 저희에게 호소하시는 소비자분들이 많아서 대신 대변해드리고자 적어드리는겁니당♡ 물론! 정말 정직하게 판매하시는분들도 계시다는거 아주 잘 알고있습니다.허나, 물건이 저렴한건 항상 [이유]가 있기 때문이라는것을 꼭!!!!무조건!!! 알아주세요 저희는 몇푼을 위해 양심을 파는 매장이 아닙니다 예쁘게 봐주세요♡♡♡♡♡♡♡♡        ♥♥♥♥♥♥♥♥♥♥♥♥저희의 가장 장점인 판매시 1년 무상A/S 까지 해드립니다 ^^♥♥♥♥♥♥♥♥♥♥♥♥♥(고객과실로인한 A/S는 불가 예를들어 침수 등)기존에 있던 업체들과는 차원이틀릴겁니다 기존업체라든지 개인거래는 팔고나면 땡 이지만 저희는 철저한 고객관리, 체계적으로 MGM까지 신경쓰는 매장이기에 걱정안하시고 믿고 구매하실수있을겁니다 ^^현재 올려드린 모든 단가는 A급판매 기준이며, 상태에따라 D/C가 가능하답니다♡현명하신분은 전화/방문을 해보시겠죠?♡♡♡♡♡♡♡♡♡♡♡♡♡♡♡♡♡♡♡♡♡♡♡♡♡♡♡♡♡♡♡♡♡♡♡♡♡♡♡♡♡♡♡♡♡♡♡♡♡♡♡♡♡가격표( A급 기준 )삼성S7엣지 520,000  S7 440,000S6엣지 340,000  S6 300,000S5 150,000S4 130,000S3 70,000노트5 400,000노트4 220,000노트3 160,000노트2 100,000J5 100,000(2015년도)J7 150,000(2015년도)A5 150,000(2015년도)A7 180,000(2015년도)A5 200,000(2016년도)A7 250,000(2016년도)알파 130,000 [이외 현재 게시물에 올리지 않은 기기는 문의주세요 모든기종 보유중입니다]♡♡♡♡♡♡♡♡♡♡♡♡♡♡♡♡♡♡♡♡♡♡♡♡♡♡♡♡♡♡♡♡♡♡♡♡♡♡♡♡♡♡♡♡♡♡♡♡♡♡♡♡♡LGG5 300,000G4 180,000G3 100,000G2 90,000G3비트 80,000G3스크린 100,000X스킨,X파워 110,000V10 250,000V20 550,000 [이외 현재 게시물에 올리지 않은 기기는 문의주세요 모든기종 보유중입니다]♡♡♡♡♡♡♡♡♡♡♡♡♡♡♡♡♡♡♡♡♡♡♡♡♡♡♡♡♡♡♡♡♡♡♡♡♡♡♡♡♡♡♡♡♡♡♡♡♡♡♡♡♡[아이폰,스카이]아이폰6 16기가 300,000아이폰6 64기가 400,000아이폰6+ 16기가 350,000아이폰6+ 64기가 500,000아이폰6S 16기가 400,000아이폰6S 64기가 500,000아이폰6S+ 16기가 500,000아이폰6S+ 600,000베가시크릿업 80,000베가시크릿노트 110,000베가아이언 50,000베가아이언2 120,000[이외 현재 게시물에 올리지 않은 기기는 문의주세요 모든기종 보유중입니다]문의 전화만 주셔도 사랑입니다!♥찾아오시는곳 - 경기도 평택시 평택동 293-2번지 1층 중고폰#(평택시내 국민은행 맞은편)실장 임승윤 010-7186-2705실장 장구덕 010-7474-5382  매장 번호 070-4085-3331 [국내 유일무이 중고폰 전기종 판매매장]**위에 없는 단가 혹은 기기는 문의를 해주세요!왠만하면 전기종 다있습니다**",2017-03-25 13:34:30.0
369171085,339,SKT,[SKT] 정상해지폰 천안 S7엣지(32G) 골드 팝니다,2017-03-18 16:38:00,선택약정 가능합니다,430000,,,직접거래,"판매 상품 사진 및 상세 설명을 적어주세요 근무중에는 댓글을 잘 못볼수 있으니 문자 or 카톡 부탁드립니다천안 직거래 가능합니다홈버튼 생활 스크래치 외 A급이고 아무 문제 없습니다.최초 개통일 16.10.31정상 해지폰 선택약정 가입 가능합니다.박스 및 구성품은 찾아봐야 합니다.만약 없으면 핸드폰 매장가서 구매후(비정품)동봉 해드리고 원하시면 필름도 같이 붙여달라고 하겠습니다sk, kt ,lg 3사 모두 호환 됩니다가격은 43만원 입니다기타 문의사항이나 구매 하실분은 010-3949-II84로 연락주세요~",2017-03-25 13:34:31.0
369171475,339,SKT,LG-F610S 스마트 재즈 판매,2017-03-18 16:40:00,스마트 째즈,100000,,,직접거래,"판매 상품 사진 및 상세 설명을 적어주세요 모델 : 와인스마트 째즈(LG-F610S)통신사 : SK, KT, LG 사용가능색상 : 실버베이지구성품 : 풀박스개통일 : 2016년 8월 19일(개통일기준 1년무상AS 됩니다)상품설명 : 16년 11월 말에 가개통 새폰을 부모님께 구매해 드린후 터치기능을 어려워 하셔서 보관해둔 폰입니다. S급 상태입니다.수원직거래 가능하며,택배거래도 가능합니다.첨부된 실사진 보시고 문의사항은 010. 3776. 3356 으로연락주시기 바랍니다.",2017-03-25 13:34:31.0
369171644,339,SKT,갤럭시S6 골드 32G 판매합니다,2017-03-18 16:41:00,직접거래,20,,,판매자와 직접 연락하세요.,갤럭시S6 골드 32기가단품이며 정상해지공계20%요금할인가능LG기계이며 3사호환가능전체적으로B급 입니다20만원010-3939-7726전화문자주세요안산 한대앞역 직거래 합니다,2017-03-25 13:34:32.0
369829166,339,SKT,SK데이터 1기가 3500원 ,2017-03-21 20:16:00,SK데이터 1기가 3500원 ,3500,,,직접거래,판매 상품 사진 및 상세 설명을 적어주세요 SK데이터 1기가 3500원 2기가 있어요010 4949 0309,2017-03-25 14:02:51.0
369172938,339,SKT,SKT 갤럭시 노트3네오 박스풀셋 저렴하게 팝니다.,2017-03-18 16:49:00,갤럭시노트3 네오 급쳐합니다,70000,,,직접거래,갤럭시 노트3네오 팝니다.정상해지된 공기계구여 박스 풀셋입니다.충전기만 꺼내서 쓰고나머지(이어폰 데이타선등)는 사용안했어여2년정도 사용했으니 어느정도 사용감있지만 깔끔합니다.감안하시구 구매해주세여사진상에 홈키왼쪽밑에보면 살짝 들뜬거(금간거아님)있구여 홈키 아래끝부분 살짝 찍힘 있어여그외에는 외관상 이상없내여네고없이 7만에 팝니다 . 010 - 2100 - 4056직거래는 인천 부평역에서 가능하며 택배거래시 택배비 착불로 보내드립니다문자주세여 팔리면 판매완료라구 적을께여~,2017-03-25 13:44:48.0
369173117,339,SKT,SK 노트4 블랙 32G 정상해지 된 공기계 싸게 팝니다,2017-03-18 16:50:00,직접거래,18,,,판매자와 직접 연락하세요.,판매 상품 사진 및 상세 설명을 적어주세요     SK 노트4 32G 블랙 정상해지 된 공기계 팔아요 정상해지 공기계라 선택약정/확정기변 가능한 공기계 입니다사진처럼 테두리에 찍힘 기스 좀 있습니다 케이스 씌우시면 깔금해요구성품은 인터넷으로 구매한 usb케이블 일반충전기 젤리케이스 같이 드리고요 필름도 새걸로 깨끗이 붙여서 드릴께요  ^^혹시라도 구매 하시고 일주일안에 기능 문제 있으면 환불 해드릴께요19 만원  팝니다 에눌은 힘들어요 ㅠ   직거래는 여수 순천 광양 가능하고 그외지역은 택배/안전거래 가능합니다 문의는 010 8564 0209 전화나 문자 주세요 ^^,2017-03-25 13:44:48.0
369174781,339,SKT,삼성 미니멀 폴더2(SHW-A310S) 공기계 판매합니다.,2017-03-18 17:00:00,삼성 미니멀 폴더2(SHW-A310S) 공기계 판매합니다.(바로사용가능),50000,,,직접거래,,2017-03-25 13:44:52.0
369174809,339,SKT,고장난 노트2 4만원팜,2017-03-18 17:00:00,ㅇ,4,,,직접거래,판매 상품 사진 및 상세 설명을 적어주세요 ㅠㅠ 떨어트렸는데 고장났네요노트2 부품으로쓰시던 액정뽑아서쓰시던 하세요ㅠㅠ010 448공 -171구문자주세요직거래는 서울 송파구택배 하셔도되구요,2017-03-25 13:44:52.0
369175531,339,SKT,(쿨매! 가격인하) 아이폰 6s 128G 로즈골드 단품 53만원,2017-03-18 17:04:00,직접거래,530000,,,판매자와 직접 연락하세요.,,2017-03-25 13:44:54.0
369175604,339,SKT,LG-V20  A급 판매합니다,2017-03-18 17:05:00,직접거래,45,,,판매자와 직접 연락하세요.,lg-v20 A급 실버 64기가단품공계 임다3사호환가능하구요010-3939-7726전화 문자주세요안산 한대앞역 직거래합니다45만원쿨거래시 네고해드림니다,2017-03-25 13:44:54.0
369175696,339,SKT,[중고폰#]중고폰 최다 보유매장!! 친절 상담을 약속드리겠습니다.,2017-03-18 17:05:00,중고폰,1004,,,직접거래,"♡모든 중고폰 세상의 모든 중고폰!!!♡매일 매일 최신 업데이트 되는 [중고폰#] 입니다. 친절과 고객만족도가 최대의 가치라고 생각하고있습니다. 당사는 평택시내에 위치한 중고폰매장으로 하루에 200여대 이상의 중고폰이 들어오는 중고폰의 마트같은곳입니다 원하는 기기 예약도 가능하며,모든 중고폰은 유심인식, 마이크, 기타성능테스트를 모두 마친 말끔하고 투명한 A급 중고폰 입니다.♡♡♡♡♡♡♡♡♡♡♡♡♡♡♡♡♡♡♡♡♡♡♡♡♡♡♡♡♡♡♡♡♡♡♡♡♡♡♡♡♡♡♡♡♡♡♡♡♡♡♡♡♡단가에 의문을 가지실수 있을거라 생각합니다.하지만, 절대 단가에 문제가 있는것이 아닙니다!!예를들어, 갤럭시S7을 저희는 42만원에 판매를하지만 일반 개인거래로 37~39만 선 에서 구매를 하셨을경우? 아시겠지만 싼 중고폰은 그만큼 이유가 있을 것 이며, 내부적인 상황은 전문가가 아닌이상 일반 소비자는 잘 모른다는걸 잘 알고있습니다.그말은 즉슨, 뒷감당은 소비자가 감당하게되어있습니다. (2~5만원 싸게사려다가 2배 손해를 감수를 해야하는경우도 있습니다.)중고폰거래 특성상 교환이나 환불이 힘들다는 점에 대해 악용을하는 일부 비양심적인 업체들 때문에 솔직하게 말씀드리고갑니다.이러한 자주적인 사유로 저희에게 호소하시는 소비자분들이 많아서 대신 대변해드리고자 적어드리는겁니당♡ 물론! 정말 정직하게 판매하시는분들도 계시다는거 아주 잘 알고있습니다.허나, 물건이 저렴한건 항상 [이유]가 있기 때문이라는것을 꼭!!!!무조건!!! 알아주세요 저희는 몇푼을 위해 양심을 파는 매장이 아닙니다 예쁘게 봐주세요♡♡♡♡♡♡♡♡        ♥♥♥♥♥♥♥♥♥♥♥♥저희의 가장 장점인 판매시 1년 무상A/S 까지 해드립니다 ^^♥♥♥♥♥♥♥♥♥♥♥♥♥(고객과실로인한 A/S는 불가 예를들어 침수 등)기존에 있던 업체들과는 차원이틀릴겁니다 기존업체라든지 개인거래는 팔고나면 땡 이지만 저희는 철저한 고객관리, 체계적으로 MGM까지 신경쓰는 매장이기에 걱정안하시고 믿고 구매하실수있을겁니다 ^^현재 올려드린 모든 단가는 A급판매 기준이며, 상태에따라 D/C가 가능하답니다♡현명하신분은 전화/방문을 해보시겠죠?♡♡♡♡♡♡♡♡♡♡♡♡♡♡♡♡♡♡♡♡♡♡♡♡♡♡♡♡♡♡♡♡♡♡♡♡♡♡♡♡♡♡♡♡♡♡♡♡♡♡♡♡♡가격표( A급 기준 )삼성S7엣지 520,000  S7 440,000S6엣지 340,000  S6 300,000S5 150,000S4 130,000S3 70,000노트5 400,000노트4 220,000노트3 160,000노트2 100,000J5 100,000(2015년도)J7 150,000(2015년도)A5 150,000(2015년도)A7 180,000(2015년도)A5 200,000(2016년도)A7 250,000(2016년도)알파 130,000 [이외 현재 게시물에 올리지 않은 기기는 문의주세요 모든기종 보유중입니다]♡♡♡♡♡♡♡♡♡♡♡♡♡♡♡♡♡♡♡♡♡♡♡♡♡♡♡♡♡♡♡♡♡♡♡♡♡♡♡♡♡♡♡♡♡♡♡♡♡♡♡♡♡LGG5 300,000G4 180,000G3 100,000G2 90,000G3비트 80,000G3스크린 100,000X스킨,X파워 110,000V10 250,000V20 550,000 [이외 현재 게시물에 올리지 않은 기기는 문의주세요 모든기종 보유중입니다]♡♡♡♡♡♡♡♡♡♡♡♡♡♡♡♡♡♡♡♡♡♡♡♡♡♡♡♡♡♡♡♡♡♡♡♡♡♡♡♡♡♡♡♡♡♡♡♡♡♡♡♡♡[아이폰,스카이]아이폰6 16기가 300,000아이폰6 64기가 400,000아이폰6+ 16기가 350,000아이폰6+ 64기가 500,000아이폰6S 16기가 400,000아이폰6S 64기가 500,000아이폰6S+ 16기가 500,000아이폰6S+ 600,000베가시크릿업 80,000베가시크릿노트 110,000베가아이언 50,000베가아이언2 120,000[이외 현재 게시물에 올리지 않은 기기는 문의주세요 모든기종 보유중입니다]문의 전화만 주셔도 사랑입니다!♥찾아오시는곳 - 경기도 평택시 평택동 293-2번지 1층 중고폰#(평택시내 국민은행 맞은편)실장 임승윤 010-7186-2705실장 장구덕 010-7474-5382  매장 번호 070-4085-3331 [국내 유일무이 중고폰 전기종 판매매장]**위에 없는 단가 혹은 기기는 문의를 해주세요!왠만하면 전기종 다있습니다**",2017-03-25 13:44:54.0
369176152,339,SKT,홍미4프라임 골드 32g 개선판 팝니다 ,2017-03-18 17:08:00,개봉후 글로벌롬만 설치후 유심개통만 확인후 미사용폰,17,,,직접거래,"판매 상품 사진 및 상세 설명을 적어주세요 홍미4프라임 32g 골드 개선판입니다 17만원팝니다 구입후 글로벌롬 설치후 , 유심껴서 확인만했고 미사용폰입니다 구성품 다있고요 직거래 위주 거래합니다 택배거래시 선입금후발송 해드리고 반품환불 불가입니다 직거래는 인천에서 가능합니다",2017-03-25 13:34:23.0
369831948,339,SKT,갤럭시노트5 32G 블랙 서울권에서 판매합니다.,2017-03-21 20:30:00,",",35,,,직접거래,판매 상품 사진 및 상세 설명을 적어주세요 갤럭시노트5 32G 블랙 서울권에서 판매합니다.정상해지 20%요금할인 적용되며 A/S기간은 만료입니다.상태는 전체적으로 깨끗하나 작은 상처들은 있습니다.액정불량 없으며 약잔상있고 기능상 문제는 전혀없습니다.구성물은 아답타 케이블 미사용 같이 드립니다.거래지역은 광진 송파 일대면 조정가능합니다.구입의사 있다면 010-사영사영-4014 연락주세요,2017-03-25 13:26:47.0
369832163,339,SKT,갤럭시S7 골드 64기가,2017-03-21 20:31:00,갤럭시S7 골드 64기가 기기 단품입니다,420000,,,직접거래,,2017-03-25 13:26:47.0
369834680,339,SKT,의정부 LGU+ 겔7실버32G 가게통풀박 S급 판매합니다 48만원판매합니다 3사사용가능합니다,2017-03-21 20:44:00,S7,48,,,직접거래,판매 상품 사진 및 상세 설명을 적어주세요 안녕하세요 의정부LGU+ 매장직원입니다가게통급 겔S7 실버 32G SS급 판매합니다잔기스 생활기스 찍힘 하나없습니다매장근무중이며  직거례시의정부역 그외대한통운CJ택배발송합니다판매가격 480.000만원입니다 구성품 다있으며 50만원에서 48만원가격내렸습니다 010 5845 4433 연락주세요  직거례시 의정부역 그외 대한통운CJ택배발송,2017-03-25 14:02:57.0
