ID,카테고리_ID,카테고리명,제목,등록날짜,거래구분,판매금액,제품설명,지불방법,배송방법,상세설명,수집날짜
369953673,339,SKT,아이폰6 골드 16기가 외관찍힘없는 S급팝니다~ 인천직거래 가능해용~,2017-03-22 12:05:00,아이폰6 골드 16기가 외관찍힘없는 S급팝니다~ 인천직거래 가능해용~,25,,,직접거래,"외관 찍힘 , 기스 없습니다정상해지완료 요금할인20% 가능 (선택약정가능)통신사 상관없이 유심끼우시면 바로사용가능 (3사호환)구성품은 기계랑 아이폰충전기 판매하는용 하나 드립니다 !가격은 25만원 입니다~010-7247-6943 전화나 문자쥬세용직거래 선호합니다 (인천구월) , 택배거래도 가능",2017-03-25 14:06:12.0
368942014,339,SKT,갤럭시s6 s7 엣지 / 노트5 / 아이폰7 팝니다,2017-03-17 12:54:00,ㄴㅇㄹㄴㅇㄹ,34534,,,직접거래,판매 상품 사진 및 상세 설명을 적어주세요 갤럭시s6 s7 엣지 / 노트5 / 아이폰7 팝니다010 2342 9371,2017-03-25 13:38:28.0
368928384,339,SKT,갤럭시S7엣지 언락폰 32g 핑크골드 해외판,2017-03-17 11:53:00,직접거래,50,,,판매자와 직접 연락하세요.,,2017-03-25 13:37:20.0
369956133,339,SKT,kt정상해지 겔럭시노트 4 블랙s급 단품팝니다,2017-03-22 12:16:00,KT정상해지 블랙 S급 단품팝니다,150000,,,직접거래,"판매 상품 사진 및 상세 설명을 적어주세요 노트4 s급 판매합니다케이스를 계속 끼우는 위주라 위쪽 파인자국 하자 이외엔 단말기에 상처없습니다KT 정상해지 핸드폰이며 기능작동 문제없습니다.유심만 구매후 요금할인으로 20% 할인 받기 가능하시며 구매후 바로사용 가능하십니다- 색상 : 블랙- 판매가격 : 150,000원 ( 금액이 금액인만큼 네고없습니다)- 외관:  s급- 구성품   단품이라 단말기와 S펜 드립니다.추가 문의 사항 있으시면 아래 연락처로 연락바랍니다 서울 석계역이며 직거래 원합니다 - 연락처 -010 -2일0오-칠4사3",2017-03-25 14:06:18.0
370293242,339,SKT,아이폰6 16기가 실버 팝니다. ,2017-03-23 22:05:00,실버에요! 깨긋해요,25,,,직접거래,"아이폰 6 실버 16기가 팝니다. 전체적으로 깨긋하고 크게 까지거나 흠집없습니다. 선택약정 가능한 기기이며, 정상해지된 기기 입니다. 확정기변까지도 가능합니다. 구성품으로는 케이블(미사용) , 미러케이스 (로즈골드색상) 이렇게 드립니다. 보호필름은 당연히 붙어 있고요~ 가져가시면 필름 붙이느라 따로 돈 안쓰셔도 됩니다. 전북 익산에서 직거래 가능하며 인근지역 전주나 군산은 협의후 진행토록 할게요 24시간 아무때나 가능하오니 연락주세요~ 010-6833-8161 입니당~",2017-03-25 14:17:39.0
369570590,339,SKT,옵티머스G5 32GB 골드 SK 정상해지 기기 단품 팝니다.,2017-03-20 17:38:00,"300,000",300000,,,제품명 : 옵티머스 G5,"제품명 : 옵티머스 G5기가수 : 32GB통신사 : SK.KT. LGU+ 사용가능 (3사 사용가능)구성품 : 단품 + 젤리케이스개통일 : 2016년 4월 21일가격 : 300,000원 (안전거래 수수료 + 택배비 포함가격) 택배비는 판매자가 부담입니다. 에눌 불가하오니 이점 양해 부탁드립니다!결제방법 : 구매하기 눌러 주시면 되용~상태 : 상태는 사진에 나와 있는 것 같이 테두리에 찍힘 없습니다.액정은 새로 액정 수리 받은 깨끗한 액정입니다.깨져서 수리 받은게 아니라 그냥 수리 받은 거입니다.20% 요금 약정 할인 가능 합니다.이점 향해 부탁드리며 생각 하시고 난뒤 구매해 주세요.기능이상 없이 모두 정상 입니다.찔러보기, 말도 안되는 가격에눌 무시하겠습니다!",2017-03-25 13:29:48.0
369570637,339,SKT,SK텔레콤 스마트폰 데이타 2기가 팝니다.(6천원),2017-03-20 17:39:00,sk텔레콤 스마트폰 데이타 2기가,6000,,,직접거래,판매 상품 사진 및 상세 설명을 적어주세요 SK텔레콤 스마트폰 데이타 2기가 팝니다.가격 6천원데이타 선물하기로 보내드립니다.우리은행으로 거래010-7243-8558  판매 상품 사진 및 상세 설명을 적어주세요,2017-03-25 13:29:48.0
369571134,339,SKT,갤럭시s5 대구 직거래 10장,2017-03-20 17:41:00,정상해지,10,,,직접거래,판매 상품 사진 및 상세 설명을 적어주세요 직거래만 합니다~,2017-03-25 13:29:50.0
369571186,339,SKT,아이폰5S 16G 샴페인골드 S급 [정상해지] 판매합니다,2017-03-20 17:41:00,"아이폰5S 16G 가개통급,아이폰5,아이폰SE,S급",1,,,직접거래,,2017-03-25 13:29:51.0
368942609,339,SKT,[삽니다] 11번가 마일리지 구합니다. 9만점,2017-03-17 12:57:00,직접거래,2,,,판매자와 직접 연락하세요.,판매 상품 사진 및 상세 설명을 적어주세요 11번가 9만 마일리지 구합니다.마일리지 많으신 분 연락부탁드립니다.가격은 2.5만에 구해봅니다.연락주세요. 공1공-8974-8008,2017-03-25 13:37:05.0
368943519,339,SKT,저렴한중고 옵-지프로2 (F350S) 8만원,2017-03-17 13:02:00,직접거래,8,,,판매자와 직접 연락하세요.,판매 상품 사진 및 상세 설명을 적어주세요 비닐도 안떼고 쓴 깨끗한중고지프로2 팔아요SKT정상해지 공기계 입니다실사용 15개월 구성품은 사진에 있는대로 입니다상태 너무 좋습니다..자신해요DMB안테나 꼬다리만 뿌라졌네요~ ㅠ.ㅠ부천 직구가능하구요.. 8만원에 가져가세요010-5785-9011 전화나 문자 주세요,2017-03-25 13:37:06.0
368934569,339,SKT,SKT 베가 시크릿노트 판매 5만원,2017-03-17 12:21:00,직접거래,50000,,,판매자와 직접 연락하세요.,"판매 상품 사진 및 상세 설명을 적어주세요  베가 시크릿 노트 판매합니다.5만원.사용감 많이 있습니다.베젤거의 벗겨졌습니다.실제 2년정도 사용한폰이고, 화면이 커서 강의듣는용으로 쓰고있었는데,필요없어져서 팝니다.기능상에는 전혀 문제없고, 뽑기를 잘해서 A/S 한번도 받은적 없는폰입니다.녹테현상,줄무늬 현상 - 전혀 없습니다. (정상작동) 구성품은:  핸드폰본체 ,베터리1개 입니다.사진상으로는 안나왔는데, 셀카카메라용 렌즈, USB선,같이 보내드릴께요.  택배-선불로 해드립니다. (제가 선불로 내드립니다.)당연히 반품,교환 안되니. 상태 꼼꼼히 살펴보세요. 네고 안됩니다.판매금액 5만원.직거래 원하시면 복정역 가능합니다.(평일저녁, 주말은 점심때쯤가능)회사원이니 일단 문자주세요! 010-(예약중이후에 삭제하였습니다~)",2017-03-25 13:38:09.0
368934613,339,SKT,"미사용 가개통 와인스마트재즈 F610S,K 11만원에 팔아요~",2017-03-17 12:21:00,직접거래,11,,,판매자와 직접 연락하세요.,"미사용 가개통 와인스마트재즈 F610S 11만원에 팔아요~색상 브라운, 실버베이지 있구요.KT용 있는 건 정상해지됐습니다..초기필름 당연히 있습니다..초기필름이 없으면 사용한 거니 다른분꺼 사실때 잘 보고 사세요..^^직거래 선호하구요..장소는 서울 답십리(회사),성남,분당,용인기흥(집),수원 영통까지만 가능합니다..택배는 선입금 착불입니다..연락처 영일영-이칠육이-68칠구 입니다. 판매 상품 사진 및 상세 설명을 적어주세요",2017-03-25 13:38:10.0
368934728,339,SKT,SKT 갤럭시와이드 블랙 16GB A급 팝니다.,2017-03-17 12:21:00,.,17,,,직접거래,판매 상품 사진 및 상세 설명을 적어주세요 상품 - SKT 갤럭시와이드 칼라 - 블랙가격 - 17만원내용 -  외관상에 전혀 하자 없음 생활흠집정도입니다상품 - 단일상품연락처 - 010-5046-0797직거래 원할시 부산시 개금동에서 가능하구요 택배거래시 택배비는 무료로 해드립니다안전거래 가능하세요 ^^,2017-03-25 13:38:10.0
368934908,339,SKT,사사용가능한 그랜드맥스 화이트A급 판매합니다,2017-03-17 12:22:00,.,18,,,직접거래,판매 상품 사진 및 상세 설명을 적어주세요 상품 - 그랜드맥스 화이트 A510S칼라 - 화이트가격 - 18만원내용 -  외관상에 전혀 하자 없음 생활흠집정도입니다상품 - 단일상품연락처 - 010-5046-0797직거래 원할시 부산시 개금동에서 가능하구요 택배거래시 택배비는 무료로 해드립니다안전거래 가능하세요 ^^,2017-03-25 13:38:11.0
370304051,339,SKT,아이폰7 매트블랙 128기가 68만원 팝니다 상태좋아요,2017-03-23 23:04:00,직접거래,68,,,판매자와 직접 연락하세요.,"판매 상품 사진 및 상세 설명을 적어주세요 아이폰7 128기가 매트블랙 상태S급리퍼기간 남앗습니다.구성품은 와이프가쓰고있는상태라 못드리구요제가쓰던 아이폰충전기 같이드리겠습니다인증샷은 원하는대로 다찍어드리고요금액잇다보니 직거래위주로 하고싶습니다직 거래 목포,택배거래도가능합니다",2017-03-25 14:17:58.0
369572007,339,SKT,아이폰6 6s 64GB 골드 팝니다,2017-03-20 17:45:00,직접거래,31,,,판매자와 직접 연락하세요.,판매 상품 사진 및 상세 설명을 적어주세요 아이폰6 64기가 골드에요3번째 사진 확대해서 확인해보시면 모래알 만한 찍힘 있어요.확대해서 확인해도 잘 안보이는 정도기는 합니다.전면 필름 붙이고 써서 때어내면 깨끗할꺼에요~택미포 31만원이고요. 죄송하지만 네고는 사양할게요.구매하고 싶으신 분은 편하게 거래하려고 중간거래 사이트에 상품등록 해두었으니아래 사진 눌러서 구매 및 결제 가능합니다.궁금한 게 있으시면 010-칠사54-구8공공으로 연락주세요.,2017-03-25 13:55:47.0
370291196,339,SKT,울산 SK 루나폰 판매,2017-03-23 21:55:00,직접거래,90000,,,판매자와 직접 연락하세요.,"1년 5개월 정도 사용했기 때문에 테두리에 찍힘이나 기스가 있습니다.   구성품은 박스와 휴대폰입니다.  선택약정으로 가입 가능하며, 가격은 90,000원입니다.  직거래는 울산(울산대 인근 환영)에서 가능하며, 택배거래는 선입금 착불로 합니다.  연락은 되도록 전화보다는 문자로 주세요.",2017-03-25 13:20:29.0
370291529,339,SKT,"키즈폰 준3 (유심기변 가능, 5/1 이후 확정기변 가능!!! )",2017-03-23 21:56:00,유심기변 가능 5/1 이후 확정기변 가능!!!,100000,,,직접거래,"SKT 키즈폰 준3"" 유심기변 가능 5/1 이후 확정기변 가능!!! ""5/1전엔 유심만 끼고, 사용하시다가 5/1부터 명의변경 가능!전화번호 지정 가능!원하시는 요금제 가능!개통하고 무상서비스기간 1년!딸아이가 쓴거라 사용기간 짧으면서, 깨끗하게 썼지만, 색상특성상 때탐이 있어서, 교체줄분 대신 충전기 드려여~^^*( 반품X , 에눌X , 문의만 하시려면 정중히 사양하겠습니다!!! )( 문자 문의만 가능 : 010 - 9359 - 육삼공칠 )",2017-03-25 13:20:31.0
368946259,339,SKT,아이폰6 64실버 SK정상해지선택약정신청가능오산동탄용인수원천안평택거래가능안전거래가능,2017-03-17 13:14:00,선택약정신청가능,29,,,직접거래,"상태, 사진확인 잘 해주세요아이폰6 64기가 실버SK최초개통, 선택약정신청 가능통신사 상관없이 유심꽂아 바로 사용 가능카메라, 터치, 지문, 와이파이 등등 자체검수결과 이상 무. 정상작동배터리 상태 좋음티나는 찍힘 있음구성품 없이 기기만 단품으로 29만원 네고 불가직거래는 오산동탄 수원 용인 안산 천안 평택 인천 서울 등등 타지역 퀵&amp;택배 안전거래 가능(착불, 수수료부담)구입시 필름&amp;투명젤리케이스 드려요안전거래 가능(실제문의주신 연락처와, 안전거래 사이트 상 연락처 주소가 동일해야 거래 진행)댓글보다 010-2029-0824로 연락주세요 답변 가장빠릅니다.",2017-03-25 13:38:32.0
369957043,339,SKT,갤럭시S6 32G (SK) 골드 상태A급 서울권에서 판매합니다.,2017-03-22 12:20:00,",",24,,,직접거래,판매 상품 사진 및 상세 설명을 적어주세요 갤럭시S6 32G 골드 상태A급 서울권에서 판매합니다.정상해지 20%요금할인 적용되며 A/S기간은 끝났습니다.상태는 A급으로 하단부와 상단우측 상처 외 전체적으로 깨끗합니다.액정불량 및 잔상없으며 기능상 하자 역시 전혀없습니다.구성물은 미사용 아답타 케이블 같이 드립니다.거래지역은 광진 송파 일대면 조정가능합니다.구입의사 있다면 010-사영사영-4014 연락주세요,2017-03-25 14:06:20.0
369957058,339,SKT,대구에서 아무문제없이 잘작동하는  b510폴더팜니다 ,2017-03-22 12:20:00,"90,000",90000,,,대구에서 아무문제없이 잘작동하는  b510폴더팜니다,SM-B510S 잘됨니다skt용이며 유심장착됨니다 공유심 사용가능한거 따로 가지고있습니다대구직거래가능구입하실분연락바람니다 010 9197 0366,2017-03-25 14:06:21.0
369957119,339,SKT,(sk)갤럭시s3 lte,2017-03-22 12:20:00,직접거래,40000,,,판매자와 직접 연락하세요.,,2017-03-25 14:06:21.0
369939451,339,SKT,[대전] 갤럭시7엣지 64기가 블루코랄 가개통 판매합니다,2017-03-22 11:09:00,가개통,62,,,직접거래,[대전] 갤럭시7엣지 64기가 블루코랄 가개통 판매합니다통신사 에스케이유심기변용입니다가격:62만원문의:010.2474.5949,2017-03-25 13:25:35.0
368947446,339,SKT,"삼성갤럭시S5 새것같은폰-SSS급-""풀박스""로 판매해요",2017-03-17 13:20:00,직접거래,18,,,판매자와 직접 연락하세요.,"SK/KT/LG 삼성갤럭시5(G900/G906) 풀박스로 판매합니다.색상은 화이트/블랙/화이트골드/블랙골드 색상있습니다.(G906 또는 베젤 골드 색상은 1만원추가)판매가격은 18만원 입니다케이스를 새걸로 모두 교체하여 생활기스가 전혀없으며,외관상은 사진으로 보시는것과같이 새것과 동일하다고 보시면 됩니다!기기도 정검을 모두 하여 안전하게 사용하실수 있구요,현사용중인 유심만 꽂아 바로 사용 하실수 있습니다.구매시 사은품으로젤리케이스,액정스티커 드려요~(풀박스 구성품은 사은품 이므로 불량시 교환안됩니다.)직거래.안전거래.택배 모두 가능하며,직거래시 경산.대구 가능합니다.(대구는 경산인근만 가능함)자세한 문의는 전화.카톡모두 실시간 문의주세요.카톡문의----&gt;MINYUL85",2017-03-25 13:38:34.0
368947768,339,SKT,선불유심 판매 합니다.,2017-03-17 13:21:00,직접거래,1,,,판매자와 직접 연락하세요.,,2017-03-25 13:38:34.0
368947961,339,SKT,"삼성갤럭시S4 새것같은폰-SSS급-""풀박스""로 판매해요",2017-03-17 13:22:00,직접거래,13,,,판매자와 직접 연락하세요.,"SK/KT/LG 삼성갤럭시4(E300/E330)풀박스로 판매합니다.색상은 화이트/블랙 색상있습니다.(E330 lte-a 모델은 1만원추가)판매가격은 14만원 입니다케이스를 새걸로 모두 교체하여 생활기스가 전혀없으며,외관상은 사진으로 보시는것과같이 새것과 동일하다고 보시면 됩니다!기기도 정검을 모두 하여 안전하게 사용하실수 있구요,현사용중인 유심만 꽂아 바로 사용 하실수 있습니다.구매시 사은품으로젤리케이스,액정스티커 드려요~(풀박스 구성품은 사은품 이므로 불량시 교환안됩니다.)직거래.안전거래.택배 모두 가능하며,직거래시 경산.대구 가능합니다.(대구는 경산인근만 가능함)자세한 문의는 전화.카톡모두 실시간 문의주세요.카톡문의----&gt;MINYUL85",2017-03-25 13:38:35.0
368948797,339,SKT,갤럭시W 16G 블랙 001,2017-03-17 13:26:00,직접거래,12,,,판매자와 직접 연락하세요.,"판매 상품 사진 및 상세 설명을 적어주세요 SK대리점에서 기기등록 후 사용하셔야됩니다!!!!!!!마이크로 유심들어가며, SD카드도 들어갑니다~확정기변 가능하구요, 번인현상이나 파손된 곳 없지만,기기테두리 작은 찍힘 2방있으니 사진확인해주세요~기기작동은 잘됩니다~~기기만 단품으로 12만원에 판매하구요,직거래시 안양역 근처에서 합니다~금정역, 군포역, 수원역, 신도림 이동가능하구요,택배거래, 안전거래 가능합니다~너무 늦은 밤이나 새벽, 일요일엔 답변이 많이 늦을 수 있으니되도록 평일 오후에 연락주세요.공일공 오구육사 이공구사",2017-03-25 13:38:37.0
368948831,339,SKT,아이폰6 액파 삽니다. ,2017-03-17 13:26:00,ㅇ,1,,,직접거래,판매 상품 사진 및 상세 설명을 적어주세요 아이폰6 액정파손되거나 완전 상태안좋은거 삽니다. 사용만 할수 있으면 됩니다. 가격은 10 ~ 14 사이로 생각합니다. 상태에 따라서요. 지방이라 안전거래만 합니다. 여기 사기꾼들이 많아서요. 진짜 파시는 분만 연락주세요.,2017-03-25 13:38:37.0
369941913,339,SKT,[부산] 아이폰 6 실버 상태 A 급 팝니다. ,2017-03-22 11:19:00,정상해지 공기기입니다.,26,,,직접거래,정상해지 공기기입니다.선택약정 확정기변 모두가능합니다.  색상은 실버 입니다.용량은 64GB 입니다.리퍼 기간은 만료 되었습니다 .  가격은 26만원 입니다.상태는 외관 생활 찍힘이 있습니다. 무난하게 쓸만 합니다. 직거래는 부산대 인근에서만 합니다.택배거래/ 안전거래 / 퀵 거래 모두가능합니다. 관심 있으시면 010 7979 7131 카톡은 BSTcom 으로 연락주세요.  판매 상품 사진 및 상세 설명을 적어주세요,2017-03-25 14:05:45.0
369183600,339,SKT,<<팝니다>>  중고 G5 SK통신사 핑크색 팝니다.,2017-03-18 17:55:00,액정에 잔기스가 쫌 있지만 보호필름 붙이면 티가 안납니다.,26,,,직접거래,중고폰입니다.B급이고액정 생활기스랑 백판 렌즈옆 가로로 기스 있습니다.나머지 테두리는 정말 깨끗합니다.통신사는 SK입니다색상은 핑크색입니다다만 ...정상해지가 안됬습니다..유심기변용으로 사용하시면되고혹시나 사용중 분실이나 요금미납등 정지로 인한 제품 사용 불가능할시환불이나 교환 해드립니다.성능이 완전 좋고 게임잘돌아갑니다.가격대비 정말 완전 좋음.가격은 26만원입니다.신용은 완전 좋으니 믿고 구매 해주심되고중고폰이다 보니 직거래 선호하구요직거래는 천호동 사무실이나 강변테크노마트 매장에서 가능합니다.택배거래 또한 가능하며 우체국택배로 보내드립니다.문의 o10 9298 8392 문의시간 오전 10시부터 오후8시입니다.문자는 상관없이 답변 해드립니다.사진 참고해주세요!     액정에 잔기스 있는거 빼고는 다멀쩡합니다.액정잔기스는 보호필름 붙이면 가려집니다~,2017-03-25 13:45:12.0
369183700,339,SKT,아이폰7플러스 32g 리퍼폰 풀박스 팝니다.(매트블랙),2017-03-18 17:55:00,매트블랙,78,,,직접거래,아이폰7플러스 32g 리퍼폰 풀박스 팝니다.(매트블랙)구성품은 미사용 입니다.리퍼받아서 초기상태그대로입니다.색상은 매트블랙입니다.가격은 78만원입니다.가통폰이랑 상태가 같다고 생각하시면 됩니다.안전거래 가능하구요...안전거래시 택배비와 수수료는 구매자 부담입니다.직거래는 대구에서 가능합니다.,2017-03-25 13:45:12.0
369183854,339,SKT,갤럭시 S3 3G(16G) 팝니다.,2017-03-18 17:56:00,직접거래,50000,,,판매자와 직접 연락하세요.,갤럭시 S3 3G 팝니다. 구성품은 충전기는 사진에서 빠졌지만 다 있습니다.상태는 다 괜찮은데 마지막사진에서 보시면 전원버튼과 반대쪽 볼륨버튼에 금이 갔습니다.가격은 5만원에 판매합니다. 직거래는 일산에서 합니다.무반품이며 착불택배입니다.010-9163-3462로 문자주세요. 감사합니다.,2017-03-25 13:45:13.0
369572378,339,SKT,블랙베리 프리브 공기계(100-3)한국 정발 팝니다.(가격인하),2017-03-20 17:47:00,블랙베리프리브 100-3,330000,,,직접거래,판매 상품 사진 및 상세 설명을 적어주세요 블랙베리 프리브고요 SKT정발이고요 11월2일 개통했습니다정상해지 상태이고요 S7으로 교체했습니다구매해서 바로 유심기변 확정기변 가능합니다.S7엣지 핑크색생과 교환도 합니다,2017-03-25 13:55:48.0
369573472,339,SKT,갤럭시s7 아이폰7 갤럭시s6 아이폰6 삽니다.,2017-03-20 17:53:00,직접거래,800000,,,판매자와 직접 연락하세요.,판매 상품 사진 및 상세 설명을 적어주세요 경북구미입니다 먼지역 택배거래합니다.연락주세요 카톡 or 01046668494가격변동 있을수있고 액파 등 차감 있습니다,2017-03-25 13:55:50.0
369575101,339,SKT,대구)아이폰6 64GB 실버 A1586내장밧대리교환판매 ^^(선택약정O),2017-03-20 18:02:00,직접거래,33,,,판매자와 직접 연락하세요.,,2017-03-25 13:55:54.0
369575170,339,SKT,SKT 2G 슬라이드폰 SCH-S350 미니인테나폰,2017-03-20 18:02:00,"20,000",20000,,,SKT 2G 슬라이드폰 SCH-S350 미니인테나폰,SKT 2G 슬라이드폰 SCH-S350 미니인테나폰판매하는 물품은 사진에 나와 있는 본체+배터리1+충전거치대 입니다.생활기스 상당하고 버튼부도 많이 노후된 편입니다,2017-03-25 13:55:54.0
369576068,339,SKT,스카이 아임백 풀박스 가개통급 18만,2017-03-20 18:07:00,직접거래,18,,,판매자와 직접 연락하세요.,"판매 상품 사진 및 상세 설명을 적어주세요 사진 나온대로 상태 아주좋습니다.개통은 sk에서했으나 kt,lg사용가능합니다.광주광역시 직거래 선호하고안전거래 가능합니다.안전거래는 수수료,배송비 구매자 부담입니다.댓글 답장 많이 늦습니다.010 팔사삼칠 이공공2 문자나 카톡주세요",2017-03-25 13:29:44.0
369576089,339,SKT,SK S6 32G 화이트 유심기변용 공기계 팝니다 ,2017-03-20 18:07:00,직접거래,20,,,판매자와 직접 연락하세요.,판매 상품 사진 및 상세 설명을 적어주세요     U+ S6 32G 화이트 유심기변용 공기계 팔아요 유심기변용이라 공기계라 확정기변/선택약정 불가능한 공기계입니다 사진처럼 테두리에 찍힘 기스 없이 깔끔한 제품입니다화면에 잔상이 좀 있어서 싸게 팝니다   구성품은 인터넷으로 구매한 usb케이블 일반충전기 케이스 같이 드리고요 필름도 새걸로 깨끗이 붙여서 드릴께요  ^^혹시라도 구매 하시고 일주일안에 기능 문제 있으면 환불 해드릴께요15년 7월 개통했어요 무상 A.S기간은 끝났습니다 20 만원  팝니다 에눌은 힘들어요    직거래는 여수 순천 광양 가능하고 그외지역은 택배/안전거래 가능합니다 문의는 010 8564 0209 전화나 문자 주세요,2017-03-25 13:29:44.0
369960971,339,SKT,갤럭시 그랜드맥스,2017-03-22 12:37:00,갤럭시 그랜드맥스,60000,,,직접거래,"판매 상품 사진 및 상세 설명을 적어주세요 외관은 사진확인 해주시고, 고장난 곳없이 정상작동되는 기기입니다.택배거래 - 6만원직거래(부산) - 5만원010 9163 0256 연락주세요.",2017-03-25 14:06:27.0
369184610,339,SKT,아이폰6 플러스 팝니다.,2017-03-18 18:01:00,골드 16G,300000,,,직접거래,판매 상품 사진 및 상세 설명을 적어주세요 아이폰6 플러스 골드 16G 30만원에 직거래합니다.평일 판교역근처에서 직거래하겠습니다.카톡ID aldus7028 로 연락주세요.감사합니다.,2017-03-25 13:45:16.0
368939925,339,SKT,(판매완료) 아이폰7 플러스 제트블랙 128기가 B+급 68만,2017-03-17 12:45:00,직접거래,68,,,판매자와 직접 연락하세요.,"판매 상품 사진 및 상세 설명을 적어주세요 다른 폰도 판매중이니 닉네임 눌러서 확인해보세요~^^##필독##예약 취소가 많아 입금 순으로 거래를 진행하고 있습니다.예약 문의는 안받습니다.1.기종 - 아이폰7 플러스2.내부저장용량 - 1283.가격 - 68만4.통신사 - 3사5.외관상태 - 외관에 찍힘 및 생활기스 있습니다.액정은 깨끗한 상태에요~!6.구성품 - 기기단품7.직거래지역 - 신설동역, 그외 택배 거래 (착불 발송 됩니다)직거래시 쓰던폰 판매하시고 차액으로 구입 가능하니 문의주시기 바랍니다~!파손폰도 매입가능! (단, 화면이 켜지지않을 시 x)01097466838카톡 - ssanmai",2017-03-25 13:38:24.0
369577403,339,SKT,"갤럭시 그랜드2 화이트 단품 팝니다. (SMG710, 선택약정가능)",2017-03-20 18:14:00,갤럭시 그랜드2 화이트 (SMG710),45000,,,직접거래,"갤럭시 그랜드2 화이트 (SMG710) 팝니다.단품입니다. 핸드폰 본체 말고는 구성품은 아무것도 없습니다.(액정보호필름 새것 하나 드립니다) 어른이쓰시던거라 험하게 쓰진 않으셨는데 플라스틱 플립케이스를 사용했더니 크롬이 많이 벗겨졌네요 선택약정 20% 할인가능합니다. (제조 2014년. 3)택배비포함 45000원입니다. 직거래시 3000원 빼드립니다.직거래는 왕십리역, 강남역 부근에서 가능합니다. 안전거래시 안전거래 수수료 구매자분부담입니다.",2017-03-25 13:55:58.0
369578508,339,SKT,SK S6 32G 사파이어블랙 유심기변용 공기계 팝니다,2017-03-20 18:20:00,직접거래,15,,,판매자와 직접 연락하세요.,판매 상품 사진 및 상세 설명을 적어주세요      U+ S6 32G 사파이어블랙 유심기변용 공기계 팔아요 유심기변용이라 공기계라 확정기변/선택약정 불가능한 공기계입니다 사진처럼 테두리에 찍힘 기스 없이 깔끔한 제품입니다화면에 잔상이 심해서 싸게 팝니다   구성품은 인터넷으로 구매한 usb케이블 일반충전기 케이스 같이 드리고요 필름도 새걸로 깨끗이 붙여서 드릴께요  ^^혹시라도 구매 하시고 일주일안에 기능 문제 있으면 환불 해드릴께요15년 6월 개통했어요 무상 A.S기간은 끝났습니다 15 만원  팝니다 에눌은 힘들어요    직거래는 여수 순천 광양 가능하고 그외지역은 택배/안전거래 가능합니다 문의는 010 8564 0209 전화나 문자 주세요,2017-03-25 13:56:03.0
369580254,339,SKT,대구아이폰7 128기가 가개통급 개통1달도안됨 제트블랙,2017-03-20 18:29:00,아이폰7,650000,,,직접거래,판매 상품 사진 및 상세 설명을 적어주세요 아이폰7 제트블랙 개통 1달도안됨  새상품 풀박스 010-5741-7777,2017-03-25 13:29:38.0
369580306,339,SKT,갤럭시S6 32G (SK) 골드 상태A급 서울권에서 판매합니다.,2017-03-20 18:29:00,",",24,,,직접거래,판매 상품 사진 및 상세 설명을 적어주세요 갤럭시S6 32G 골드 상태A급 서울권에서 판매합니다.정상해지 20%요금할인 적용되며 A/S기간은 끝났습니다.상태는 A급으로 하단부와 상단우측 상처 외 전체적으로 깨끗합니다.액정불량 및 잔상없으며 기능상 하자 역시 전혀없습니다.구성물은 미사용 아답타 케이블 같이 드립니다.거래지역은 광진 송파 일대면 조정가능합니다.구입의사 있다면 010-사영사영-4014 연락주세요,2017-03-25 13:29:38.0
369580336,339,SKT,대구 직거래) 갤럭시 S6 블루토파즈 풀박 A급 팝니다. 선택약정가능,2017-03-20 18:29:00,블루토파즈 32G,240000,,,직접거래,판매 상품 사진 및 상세 설명을 적어주세요 서비스 센터에서 액정교환 했습니다. 초기 필름 붙어있어요(3월 18일날 했으니 액정관련 AS는 18년 3월 17일까지 가능)상태는 찍힘 없는 A급이구요. 선택약정 가능합니다.++ 갤럭시 S6는 통신3사 상관없이 사용가능 ++ U+ 정상해지폰입니다.구성품은 풀박이고직거래는 대곡역 앞에서 가능합니다.  (타지역은 택배가능)010-3000-1574,2017-03-25 13:29:38.0
369580679,339,SKT,아이폰5S 16G 실버 서울권에서 판매합니다.,2017-03-20 18:31:00,",",15,,,직접거래,판매 상품 사진 및 상세 설명을 적어주세요 아이폰5S 16G 실버 서울권에서 판매합니다.정상해지 20%요금할인 적용되며 리퍼는 만료입니다.상태는 하단부 및 작은 찍힘은 있으며 전체적으로는 깨끗합니다.액정불량 및 빛샘 멍 없고 기능상 문제 전혀없이 사용가능합니다.구성물은 따로없고 충전케이블 같이 드립니다.거래지역은 광진 송파 일대면 조정가능합니다.구입의사 있다면 010-사영사영-4014 연락주세요,2017-03-25 13:29:40.0
369580690,339,SKT,갤럭시노트2 팝니다,2017-03-20 18:31:00,직접거래,70000,,,판매자와 직접 연락하세요.,,2017-03-25 13:29:40.0
369945677,339,SKT,SKT LG-SH840 와인샤베트폰 화이트 팔아요~~~~~~~~~~,2017-03-22 11:33:00,"35,000",35000,,,화이트,"판매 상품 사진 및 상세 설명을 적어주세요 실사진 입니다~SKT 와인샤베트 화이트 이구요~SKT KT 호환 되십니다정상작동, 정상해지 공기기 이구요~구성품은 본체 배터리2개 드립니다!배송비 포함 35000원 이구요직거래 대구입니다~더 궁금하신건 010-3824-2472 로 전화나 문자부탁드릴게요~",2017-03-25 14:05:51.0
368923384,339,SKT,"아이폰7 제트블랙 256G A급 판매, AS 2년, 악세사리 포함 일괄판매",2017-03-17 11:32:00,"아이폰7 제트블랙 256G A급 판매, AS 2년, 악세사리 포함 일괄판매",990000,,,직접거래,"판매 상품 사진 및 상세 설명을 적어주세요 아이폰7 제트블랙 256기가 판매합니다.2016년도 11월에 구입하였고 아이폰 적응이 힘들어 한달반정도 사용후 2017년 1월부터 보관중입니다.아이폰7 상태는 기스하나 흠집하나 없이 매우매우 깨끗합니다.제트블랙 256기가에 애플케어까지 추가되어 2018년도 11월까지 AS 가능한 제품입니다.사용하는동안 액정보호필름에 정품 레더케이스까지 사용하였구요. 떨어뜨린적 한번도 없습니다. 사진에서 보는바와같이 새제품고 동일합니다. 특히 폰만 꺼내 썼었고 기타 악세사리 이어폰 충전기 등 사용한적 없습니다.처음 구매후 보호필름 기포 및 먼지가 많아 현재 제거 하였구요.강화유리 하나, 케이스는 사용했던 애플정품 레더케이스, 애플스토어에서 구매한 투명케이스 새거 두개 모두 일괄판매 합니다.용인, 분당, 서울 강남역, 광화문, 천안, 평택 정도에서 직거래 원하구요.연락처는 0 1 0   5 3 1 3   3 6 2 6카톡 : sbkang36",2017-03-25 13:37:27.0
369581431,339,SKT,"대구 직거래) 갤럭시 노트3 N900 블랙 A급 팝니다. skt정상해지, 선택약정가능",2017-03-20 18:35:00,블랙,110000,,,직접거래,판매 상품 사진 및 상세 설명을 적어주세요 skt 정상해지폰이구요. sk랑 KT는 같이 사용가능합니다.한군데 찍힘빼고는 매우 깨끗한편입니다.정상작동 잘하구요.. 추가 구성품은 충전기 하나만 있습니다.직거래는 대곡역앞에서 가능하구요 . 타지역은 택배가능~010-3000-1574,2017-03-25 13:56:06.0
369946090,339,SKT,SKT 지프로 2 판매 ,2017-03-22 11:35:00,티탄실버,120000,,,직접거래,"지프로 2 FULL BOX 판매 합니다. 작년 5월에 액정 터치 불량으로 새 액정으로 교환 했으며, 밧데리 1 개는 사용하지 않았습니다. 직거래는 장한평역 및 판교역에서 하며, 그 외 지역은 택배 거래 합니다. 연락처 : 010-9313-7965",2017-03-25 14:05:54.0
369946885,339,SKT,노트5 실버 테두리 프레임 온라인제품(새거) 팝니다 - 용인,2017-03-22 11:38:00,온라인 제품,2000,,,직접거래,온라인에서 구입한 노트5 실버 테두리 프레임입니다.제가 가가로 해보려 했는데 잘  안되더군요그냥 포기하고 처분하려고 합니다.장착은 안 해구요 주문한상태 그대로 입니다.온라인에서 택비포함 62.350원에 주문했습니다.45.000원(택비포함)팝니다.직거래는 용인 에이스카운티에서 가능합니다.,2017-03-25 14:05:58.0
368923553,339,SKT,SK용 G5 핑크색상 정상해지폰팝니다. 카메라모듈포함,2017-03-17 11:33:00,SK용 G5 핑크색상 정상해지폰팝니다,29,,,직접거래,"판매 상품 사진 및 상세 설명을 적어주세요      상태 보시는것처럼 깨끗하구여 ~~~ SK용 입니다. 유심빼서 KT,LG에서도 가능하구여 ~~실사진이니까 상태는 참고하시면될꺼같고  카메라모듈 함께드려요 ~~당연히 정상해지된 폰이고 문제없으니까 그런건 질문 사양합니다 ~~29만원 생각하구요 택배거래는 선불로 발송처리 해 드릴꺼구요 직거래 원하시면 부천 신중동역 3번출구에서 ~ 한 10분 정도 거리에서 가능합니다. 궁금한건 연락주세요 010-9083-4676    판매 상품 사진 및 상세 설명을 적어주세요",2017-03-25 13:37:45.0
368923893,339,SKT,아이폰6 16기가 실버 정상해지 팝니다 (대구직거래),2017-03-17 11:35:00,직접거래,26,,,판매자와 직접 연락하세요.,판매 상품 사진 및 상세 설명을 적어주세요 아이폰6 16기가 실버 정상해지 팝니다대구직거래만 하구요구성품은 본체 충전기 케이스 뿐입니다상태 아주깨끗이 사용햇습니다010 5052 2045연락주세요,2017-03-25 13:37:46.0
368925116,339,SKT,갤럭시알파 화이트 A급-인천,2017-03-17 11:39:00,단품,13,,,직접거래,갤럭시알파 A급  단품입니다상태 깔끔합니다 13만원입니다유심만 넣으면 바로 사용가능합니다인천임학동 직거래나  택배착불합니다 혹은 세이프 유 안전거래 가능합니다알뜰폰이나 선불폰개통도 가능합니다.댓글은 잘안보니 전화문자카톡주세요~010-9615-9925카톡아이디: yazjang네고문의는 죄송합니다.      판매 상품 사진 및 상세 설명을 적어주세요,2017-03-25 13:37:49.0
368925240,339,SKT,포켓파이M/40000원/가개통정상해지/약정없음,2017-03-17 11:40:00,"40,000",40000,,,"영업처에서 실적부분 때문에 가개통만 하고, 사용하지 않은 정상 해지한 단말기입니다. 의무약정 전혀 필요 없는 단말기로 필요하실 때 SK에서 개통만 하셔서 이용하시면 됩니다. 24개월 의무약정 필요없이 마음 편하게 필요하실 때 사용, 정지하시면서 이용하세요.","영업처에서 실적부분 때문에 가개통만 하고, 사용하지 않은 정상 해지한 단말기입니다. 의무약정 전혀 필요 없는 단말기로 필요하실 때 SK에서 개통만 하셔서 이용하시면 됩니다. 24개월 의무약정 필요없이 마음 편하게 필요하실 때 사용, 정지하시면서 이용하세요.  판매 상품 사진 및 상세 설명을 적어주세요",2017-03-25 13:37:50.0
369581846,339,SKT,SK 노트5 64G 로즈골드 유심기변용 공기계 팝니다 ,2017-03-20 18:37:00,직접거래,36,,,판매자와 직접 연락하세요.,판매 상품 사진 및 상세 설명을 적어주세요     SK 노트5 64G 유심기변용 공기계 팔아요 유심기변용이라 선택약정/확정기변 불가한 공기계 입니다사진처럼 테두리에 찍힘기스 살짝씩 있습니다  구성품은 인터넷으로 구매한 usb케이블 일반충전기 케이스 같이 드리고요 필름도 새걸로 붙여서 보내드릴께요혹시라도 구매 하시고 일주일안에 기능 문제 있으면 환불 해드리겠습니다16년 1월 2일 개통했습니다 무상 A.S기간은 끝났습니다 36 만원  팝니다 에눌은 힘들어요 ㅠ   직거래는 여수 순천 광양 가능하고 그외지역은 택배/안전거래 가능합니다 문의는 010 8564 0209 전화나 문자 주세요 ^^,2017-03-25 13:56:07.0
369581960,339,SKT,노트4부품용팝니다(916s),2017-03-20 18:38:00,직접거래,50000,,,판매자와 직접 연락하세요.,,2017-03-25 13:56:07.0
369948523,339,SKT,아이폰6플러스 16g 골드 풀박스 30만 a급입니다.,2017-03-22 11:44:00,골드,300000,,,직접거래,"안녕하세요. 성북구 정릉동 위치한 휴런통신입니다. 모델 : 아이폰6플러스 메모리 ; 16gb 색상 : 골드 구성품 : 풀박스 제품설명 : 액정기스없음 상하단찍힘있음(사진참조)                버튼,음량,카메라,네트워크이상없음                40대여성분이 사용하신폰입니다. 확정기변및선택약정 가능                정상해지된 공기계입니다.                자세한 문의는 전화주세요.^^ 직거래 : 서울시 성북구 정릉동매장방문 택배거래 : 입금확인후 송장발송 h.p 010 6223 3439",2017-03-25 13:25:27.0
369963288,339,SKT,신용무관 연체무관 LTE 최신폰 본인명의로 정상개통 ,2017-03-22 12:47:00,최신스마트폰,50000,,,직접거래,,2017-03-25 13:25:11.0
369963343,339,SKT,a7 2016 핑크 판매합니다.,2017-03-22 12:47:00,직접거래,180000,,,판매자와 직접 연락하세요.,"사용 : 1년 정도 사용 후 세컨폰(데이터 함께쓰기)으로 사용중, 거래 예정 확인시 정상 해지후 거래 예정 (2016년 1월 구입)가격 : 18만원상태 : 아래 사진 보시는바와 같이 상태 좋음거래 : 직거래 , 주말 ( 숭실대 입구역 근처 가능), 주중 (강원도 원주시 가능)내용물 : 본체만 ( 사용중인 슈피겐 케이스 드림 ) (사진 유)",2017-03-25 13:25:11.0
369848447,339,SKT,* LG X스크린 팝니다 * 스마트폰,2017-03-21 21:50:00,1,1,,,직접거래,"X스크린 3개월 의무사용끝난 폰 팝니다. 정상해지완료 검정색이며 상태 S급 기스없습니다. 풀박스 입니다. LG, SK, KT 사용 가능하며 정상해지 상태라 선택약정 할인 가능합니다 옆에, 뒷면 테두리 비닐도 안뜯었습니다. 보호필름 붙여있고 케이스 드립니다. 9만원에 판매하며 안전번호로 문자주세요 !!! 구미직거래&amp;타지 택배(착불) 입니다.",2017-03-25 13:26:39.0
369848538,339,SKT,*  베가아이언2 팝니다 *,2017-03-21 21:50:00,1,1,,,직접거래,"베가아이언2 박스, 배터리1, 거치대1, 충전기 이렇게 팝니다.핸드폰을 분실해서 필요없어서 판매합니다... 대채적으로 사용을안해 상태좋습니다. 2만원에 판매하며 안전번호로 문자주세요 !!!",2017-03-25 13:26:39.0
369563864,339,SKT,대구 노트4 엣지 화이트 특S,2017-03-20 17:04:00,대구 북구 칠곡,1,,,직접거래,판매 상품 사진 및 상세 설명을 적어주세요 [제품정보]통신사 : SK (KT.LG) 3사 사용가능모델/색상 : N915S 노트4 엣지 화이트 특S제품구성 : 본체.충전기(새거)스마트링(새거)확정기변 : 가능 / 정상해지 공기기IMIE : 88145판매가격 : 235000원배송방법 : 우체국택배 / 뽁뽁이로 감싼후 안전하게 포장/최초통화 : 2015년 2월 9일※ 첨부사진은 실물 사진입니다.[외관평가]- 액정 : 최상급(찍힘.기스없음)- 크롬 : 최상급(찍힘.기스없음)- 뒷판 : 최상급(찍힘.기스없음)- 상세 :  너무나 조신하게 사용한 폰입니다 기능검수는 다했구요          그냥 편하게 사용 하시면 됩니다          사용하시던 폰 판매를 원하시면 매입 해드립니다 연락주세요~,2017-03-25 13:55:32.0
369563985,339,SKT,"( 판매완료 ) 갤럭시탭E , T375 A급 직거래우선",2017-03-20 17:05:00,직접거래,150000,,,판매자와 직접 연락하세요.,"갤럭시탭E T375 화이트  기기상태최상입니다. *외관:전체적으로 깨끗합니다,단지 사진에 보이는 기기 하나 테두리에 살짝 찍힘있습니다만무시할 정도 입니다.",2017-03-25 13:29:52.0
369566381,339,SKT,갤럭시7 G930S 핑크색 판매합니다 ^^,2017-03-20 17:17:00,.,38,,,직접거래,판매 상품 사진 및 상세 설명을 적어주세요 상품 - 갤럭시7 G930S 칼라 - 핑크가격 - 38만원내용 -  외관상에 전혀 하자 없음 생활흠집정도입니다상품 - 단일상품연락처 - 010-5046-0797직거래 원할시 부산시 개금동에서 가능하구요 택배거래시 택배비는 무료로 해드립니다안전거래 가능하세요 ^^,2017-03-25 13:55:35.0
369566546,339,SKT,s7 가게통 팔아요,2017-03-20 17:18:00,새삼품가개통,500000,,,직접거래,sk갤럭시 S7  32GB 가개통 색상:실버  2017년 3월18일개통KT갤럭시 S7 32GB 가개통 색상: 블랙  2017년 3월20일개통U+갤럭시 S7 32GB 가개통 색상: 실버 2017년 3월17일개통KT노트5 32GB 중고 색상: 티나늄 실버할부없습니다010-5741-7777부재시 문자남겨 주시면 연락 드리겟습니다. 판매 상품 사진 및 상세 설명을 적어주세요,2017-03-25 13:55:35.0
369566816,339,SKT,[중고폰#]중고폰 최다 기종 보유매장!!1 친절상담을 약속드리겠습니다.,2017-03-20 17:19:00,중고폰,1004,,,직접거래,"♡모든 중고폰 세상의 모든 중고폰!!!♡매일 매일 최신 업데이트 되는 [중고폰#] 입니다. 친절과 고객만족도가 최대의 가치라고 생각하고있습니다. 당사는 평택시내에 위치한 중고폰매장으로 하루에 200여대 이상의 중고폰이 들어오는 중고폰의 마트같은곳입니다 원하는 기기 예약도 가능하며,모든 중고폰은 유심인식, 마이크, 기타성능테스트를 모두 마친 말끔하고 투명한 A급 중고폰 입니다.♡♡♡♡♡♡♡♡♡♡♡♡♡♡♡♡♡♡♡♡♡♡♡♡♡♡♡♡♡♡♡♡♡♡♡♡♡♡♡♡♡♡♡♡♡♡♡♡♡♡♡♡♡단가에 의문을 가지실수 있을거라 생각합니다.하지만, 절대 단가에 문제가 있는것이 아닙니다!!예를들어, 갤럭시S7을 저희는 42만원에 판매를하지만 일반 개인거래로 37~39만 선 에서 구매를 하셨을경우? 아시겠지만 싼 중고폰은 그만큼 이유가 있을 것 이며, 내부적인 상황은 전문가가 아닌이상 일반 소비자는 잘 모른다는걸 잘 알고있습니다.그말은 즉슨, 뒷감당은 소비자가 감당하게되어있습니다. (2~5만원 싸게사려다가 2배 손해를 감수를 해야하는경우도 있습니다.)중고폰거래 특성상 교환이나 환불이 힘들다는 점에 대해 악용을하는 일부 비양심적인 업체들 때문에 솔직하게 말씀드리고갑니다.이러한 자주적인 사유로 저희에게 호소하시는 소비자분들이 많아서 대신 대변해드리고자 적어드리는겁니당♡ 물론! 정말 정직하게 판매하시는분들도 계시다는거 아주 잘 알고있습니다.허나, 물건이 저렴한건 항상 [이유]가 있기 때문이라는것을 꼭!!!!무조건!!! 알아주세요 저희는 몇푼을 위해 양심을 파는 매장이 아닙니다 예쁘게 봐주세요♡♡♡♡♡♡♡♡        ♥♥♥♥♥♥♥♥♥♥♥♥저희의 가장 장점인 판매시 1년 무상A/S 까지 해드립니다 ^^♥♥♥♥♥♥♥♥♥♥♥♥♥(고객과실로인한 A/S는 불가 예를들어 침수 등)기존에 있던 업체들과는 차원이틀릴겁니다 기존업체라든지 개인거래는 팔고나면 땡 이지만 저희는 철저한 고객관리, 체계적으로 MGM까지 신경쓰는 매장이기에 걱정안하시고 믿고 구매하실수있을겁니다 ^^현재 올려드린 모든 단가는 A급판매 기준이며, 상태에따라 D/C가 가능하답니다♡현명하신분은 전화/방문을 해보시겠죠?♡♡♡♡♡♡♡♡♡♡♡♡♡♡♡♡♡♡♡♡♡♡♡♡♡♡♡♡♡♡♡♡♡♡♡♡♡♡♡♡♡♡♡♡♡♡♡♡♡♡♡♡♡가격표( A급 기준 )삼성S7엣지 520,000  S7 440,000S6엣지 340,000  S6 300,000S5 150,000S4 130,000S3 70,000노트5 400,000노트4 220,000노트3 160,000노트2 100,000J5 100,000(2015년도)J7 150,000(2015년도)A5 150,000(2015년도)A7 180,000(2015년도)A5 200,000(2016년도)A7 250,000(2016년도)알파 130,000 [이외 현재 게시물에 올리지 않은 기기는 문의주세요 모든기종 보유중입니다]♡♡♡♡♡♡♡♡♡♡♡♡♡♡♡♡♡♡♡♡♡♡♡♡♡♡♡♡♡♡♡♡♡♡♡♡♡♡♡♡♡♡♡♡♡♡♡♡♡♡♡♡♡LGG5 300,000G4 180,000G3 100,000G2 90,000G3비트 80,000G3스크린 100,000X스킨,X파워 110,000V10 250,000V20 550,000 [이외 현재 게시물에 올리지 않은 기기는 문의주세요 모든기종 보유중입니다]♡♡♡♡♡♡♡♡♡♡♡♡♡♡♡♡♡♡♡♡♡♡♡♡♡♡♡♡♡♡♡♡♡♡♡♡♡♡♡♡♡♡♡♡♡♡♡♡♡♡♡♡♡[아이폰,스카이]아이폰6 16기가 300,000아이폰6 64기가 400,000아이폰6+ 16기가 350,000아이폰6+ 64기가 500,000아이폰6S 16기가 400,000아이폰6S 64기가 500,000아이폰6S+ 16기가 500,000아이폰6S+ 600,000베가시크릿업 80,000베가시크릿노트 110,000베가아이언 50,000베가아이언2 120,000[이외 현재 게시물에 올리지 않은 기기는 문의주세요 모든기종 보유중입니다]문의 전화만 주셔도 사랑입니다!♥찾아오시는곳 - 경기도 평택시 평택동 293-2번지 1층 중고폰#(평택시내 국민은행 맞은편)실장 임승윤 010-7186-2705실장 장구덕 010-7474-5382  매장 번호 070-4085-3331 [국내 유일무이 중고폰 전기종 판매매장]**위에 없는 단가 혹은 기기는 문의를 해주세요!왠만하면 전기종 다있습니다**",2017-03-25 13:55:37.0
369567242,339,SKT,note 3 액정나감 각20.000원,2017-03-20 17:22:00,액정 불량 .팬 없어요,30000,,,직접거래,,2017-03-25 13:55:38.0
369848923,339,SKT,최고가격) 티머니 92% / 캐시비 94 % 최고가로 삽니다,2017-03-21 21:52:00,최고가격) 티머니 92% / 캐시비 94 % 최고가로 삽니다,9500,,,직접거래,"판매 상품 사진 및 상세 설명을 적어주세요 최고가격) 티머니 92% / 캐시비 94 % 최고가로 삽니다이전 거래내역 많고, 더치트 확인하셔도 됩니다 ^^* 소중한 단골고객님 감사합니다.당분간 최고가로 구입하겠습니다.* 현재 중고나라 티머티, 캐시비 거래금액 최고금액으로구입합니다. 직접비교하고 따져보시고 연락주세요!!*부정충전한 캐시비, 티머니는 절대 안삽니다!!!!!!!! 연락 X010 7348 2204 로 연락주세요 ^^* 신용, 믿음으로 거래하고 있습니다!* 단 8만원 이하 소액의 경우에는 티머니 90%, 캐시비 92%로 사겠습니다.캐시비, 티머니",2017-03-25 14:03:17.0
369568013,339,SKT,블랙베리 Q5 화이트 100-2 팝니다 A+급 수원,2017-03-20 17:26:00,100-2,10,,,직접거래,"판매 상품 사진 및 상세 설명을 적어주세요 안녕하세요블랙베리 Q5 100-2 화이트 입니다서브폰으로 사용하려고 구매했으나너무 어려워서 사용을 못할것같아요..잘 아시고 쓸줄 아시는 분이 사셨으면 좋겠습니다상태는 A+구요 기스나 파임 전혀 없습니다 아주 깔끔하구요영어각인 입니다!KT,SK 둘다 가능하구요저는 KT로 유심만 껴서 바로 사용하였습니다그리고 구성품은 박스, 핸드폰 본체,  충전기 인데충전기 끝이 약간 휘었으나 충전은 잘됩니다직거래로만 거래하구요수원시 장안구 송죽동입니다제가 6시에 인덕원에서 퇴근이라 그때는 인덕원 두산벤처다임 근처도 괜찮습니다o1o6262123육 으로 문자주세요네고는 죄송합니다",2017-03-25 13:55:39.0
369953403,339,SKT,갤럭시노트5  판매합니다,2017-03-22 12:04:00,28,28,,,노트5  화이트 32G,노트5골드 32G단품 정상해지 공기계20%선택약정가능 합니다연락처010 3939 7726안산 한대앞역 직거래 합니다 가격:28만원 네이버페이 안전거래 가능LG기계이며 3사 호환 가능상태 전체적으로 양호 B급입니다 전화 문자주세요택배착불,2017-03-25 13:25:24.0
338567958,425,LGU+,LG유플러스 N920 노트5 단품 실버 판매합니다.,2016-09-30 19:55:00,노트5 단품,380000,,,"
	                            직접거래
	                        ","판매 상품 사진 및 상세 설명을 적어주세요 노트5 단품 판매합니다.색상은 실버첨부파일보시면 하단 모서리쪽에약간 찍힘부분있구요나머지 화면이나 테두리 부분은 기스 없습니다. 정상 해지된기계로 확정기변도가능통신사 3사모두 호환 가능합니다. 안전거래,직거래 가능해요직거래는 전라북도 전주 입니다.문의전화,문자 주세요010.오오육공.84육육^^",2016-10-28 14:47:10.0
338571471,425,LGU+,LG U+ G PRO 2 (지 프로 2) 팝니다(7만),2016-09-30 20:22:00,LG U+ G PRO 2 (지 프로 2) 정상 해지 공기계,70000,,,"
	                            직접거래
	                        ",판매 상품 사진 및 상세 설명을 적어주세요 G PRO 2 정상 해지 공기계 입니다.구매가능하신분 연락주세요대전은 직거래 가능합니다.,2016-10-28 14:47:12.0
338572673,425,LGU+,"갤럭시7(실버) 32g -> 아이폰se 교환원합니다 (부천,서울)",2016-09-30 20:31:00,"갤럭시7(실버) 32g -> 아이폰se 교환원합니다 (부천,서울)",100,,,"
	                            직접거래
	                        ","갤럭시7(실버) 32g -&gt; 아이폰se 교환원합니다 (부천,서울)두달정도 사용했습니다 바로케스 + 필름해서 기스는없구요원하시면 사진보내드리겠습니다.구성품은 그대로있는데 충전기 단자는 쓰지않았지만 라인만썼내요~교환원합니다 쪽지 또는 연락주세요 ^^!",2016-10-28 14:47:12.0
338575194,425,LGU+,갤럭시 탭 E 화이트 팝니다...,2016-09-30 20:50:00,갤럭시 탭 E 화이트 16기가 가개통 미개봉 제품입니다.,180000,,,"
	                            직접거래
	                        ",갤럭시 탭 E 화이트 16기가 팝니다..  부산 정관이고 택배 직거래 다 가능 합니다..제품상태는 미개봉이라 깨끗합니다.,2016-10-28 14:47:14.0
369678311,339,SKT,아이폰 5S 스그 16기가 팝니다,2017-03-21 08:52:00,아이폰 5S 스그 16기가 팝니다,150000,,,직접거래,"판매 상품 사진 및 상세 설명을 적어주세요 아이폰 5S 16기가 스페이스그레이 팝니다.정상해지 공기계이구요5S 특성상 아주 살짝의 녹테는 있습니다. 많이 티 나는건 아니구요찍힘, 스크래치는 없는 특A급입니다.살짝의 생활기스 정도만 있습니다.자세한건 사진보시구요카메라에도 먼지낌 전혀 없습니다.구성품은 박스와 본품만 있습니다직거래 제천,대전 가능하구요이외의 지역은 우체국택배(배송비 제가부담) 하겠습니다.다수의 판매이력있으니 안심하셔도 좋습니다.         판매 상품 사진 및 상세 설명을 적어주세요",2017-03-25 13:58:22.0
338592066,425,LGU+,아이폰6 16기가 골드색상 28 팝니다.,2016-09-30 22:52:00,"
					",280000,,,골드색상 16기가,판매 상품 사진 및 상세 설명을 적어주세요  풀박스 구성에서 이어폰은 잃어버려서 없고 충전케이블 선도 잃어버려서 별도로 라이트닝싸구려말고 하나구매해서 잘되는거있습니다. 초기화 잘되어있구요 정상해지공기계이구요 LGU+ 찍힘 좁쌀만한거 하나있는데 크게눈에안띄구요 전체적으로 깨끝한 편입니다.구매신청주시면 편의점으로 최대한빨리 택배보내드립니다.010-2585-9088 연락주세요,2016-10-28 14:47:22.0
338595699,425,LGU+,아이폰 6+ 16기가 골드 판매합니다,2016-09-30 23:19:00,플러스 골드 16기가,1,,,"
	                            직접거래
	                        ",아이폰 판매합니다 사실분만 연락 주세요현재 공기계이구 확정기변 가능합니다리퍼는 끝났고 기스 없는 s급입니다배터리 성능 좋고 오래갑니다 전혀 하자없는 제품입니다가격은 43만원입니다직거래는 오산에서 할겁니다,2016-10-28 14:47:04.0
339978942,425,LGU+,갤럭시 s5 팝니다./액정 꺠끗 9만원.,2016-10-09 17:04:00,"
					",90000,,,검정,,2016-10-28 14:59:08.0
338606442,425,LGU+,노트4 s-lte,2016-10-01 00:48:00,"
	                            직접거래
	                        ",180000,,,"
	                            판매자와 직접 연락하세요.
	                        ",판매 상품 단품입니다정상해지되엇구요 찍힘이좀잇습니다부천직거래가능공1공33팔공35삼이,2016-10-28 14:47:25.0
338606878,425,LGU+,아이폰 6 플러스 16G 골드 판매합니다,2016-10-01 00:53:00,"
	                            직접거래
	                        ",380000,,,"
	                            판매자와 직접 연락하세요.
	                        ","판매 상품 사진 및 상세 설명을 적어주세요      ㅇ아이폰 6 플러스 16G 골드 풀박 판매합니다.8월 초에 리퍼받고 2달 안되게 사용했습니다.상태는 액정에 잔기스 약간있고 나머진 깨끗합니다.이어폰은 사용안했고 충전기는 사용감있습니다. 가격 38만원.천안 직거래, 택배 거래 가능합니다.010-이이일공-일공사팔",2016-10-28 14:47:25.0
339979024,425,LGU+,아이폰se 골드 64GB S급 풀박스,2016-10-09 17:04:00,"
	                            직접거래
	                        ",50,,,"
	                            판매자와 직접 연락하세요.
	                        ",판매 상품 사진 및 상세 설명을 적어주세요 아이폰SE 64GB골드색상판매합니다S급이구요 찍힘 기스없습니다 필름이라 케이스항상붙히면서 애지중지하며 사용했구요내년6월까지 리퍼가능합니다 문의 010 4936 9533연락주십쇼,2016-10-28 14:59:09.0
338611592,425,LGU+,[LGU+] 옵티머스 G1 액정손상폰 판매(정상해지),2016-10-01 02:10:00,"
					",20000,,,정상해지된 G1 액정손상폰 판매합니다.,"중고나라 공식 앱 다운받기      편한 택배 / 퀵 신청하기 판 매 양 식아이디이메일싸이,블로그,타카페,타사이트 링크시 삭제 및 강퇴거주지역도,시,동까지 정확히 기재판매 제품명구입시기년,월 기재희망가격정확히 기재: (3만~4만등의 경매 유도글 삭제)거래방법방문택배 신청하기, 직거래, 택배,  안전거래상세설명옵티머스 G1(정상해지) 액정손상폰 판매합니다.손상된 액정 외엔 모두 정상이며, 깨끗하게 사용하였습니다.공장초기화도 완료하였으며, 액정교체 시 정상작동 가능합니다.관심있으신 분들은 댓글이나 메세지 주시면 감사하겠습니다. ^^(수원, 안양 직거래 가능하며, 안전거래나 택배도 가능합니다.)공일공 구사칠사 일삼칠구위 항목을 (거래금지 항목 포함) 허위작성하거나 임의 삭제 또는 채우지 않을 경우 무통보 삭제될수 있습니다.",2016-10-28 14:47:26.0
338615012,425,LGU+,"갤럭시7(실버) 32g -> 아이폰se 교환원합니다 (부천,서울)",2016-10-01 04:28:00,갤럭시7(실버) 32g ->아이폰se,1000,,,"
	                            직접거래
	                        ","갤럭시7(실버) 32g -&gt; 아이폰se 교환원합니다 (부천,서울)두달정도 사용했습니다 바로케스 + 필름해서 기스는없구요원하시면 사진보내드리겠습니다.구성품은 그대로있는데 충전기 단자는 쓰지않았지만 라인만썼내요~교환원합니다 쪽지 또는 연락주세요 ^^!",2016-10-28 14:47:28.0
338615599,425,LGU+,판매완료)대구직거래 아이폰SE 64GB 50만원 로즈골드 정상해지폰 풀박스,2016-10-01 05:16:00,아이폰SE 64GB,50,,,"
	                            직접거래
	                        ",판매 상품 사진 및 상세 설명을 적어주세요아이폰SE 64GB 로즈골드 가개통 폰 판매 (풀박스) 공시지원금받지않고 선택약정으로 개통함 정상해지 폰으로 선택약정추가등록가능 개통날짜 16.06.18 대구 남구 대명2동 직거래 50만원 흥정하려면 연락하지마시오.교통비는 본인 부담입니다.,2016-10-28 14:47:29.0
338627020,425,LGU+,[LG]G3 cat6 특AAA++급 (케이스4개포함) 팔아요:가격 13만원 : 010-3719-6500,2016-10-01 09:33:00,[LG] G3 cat6 특AAA++급 (케이스4개포함,130000,,,"
	                            직접거래
	                        ",[LG] G3 cat6) 특AAA++급 (케이스4개포함) 팔아요:가격 13만원 : 010-3719-6500사진보시면 아시겠지만 특A급 공기계 입니다.잔기스 전혀 없구요 떨어트린적도 없습니다.케이스 4개 새것도 같이 드려요광주에서 직거래 원하지만 택배도 가능합니다(선입금원칙)^^제가 중고나라 거래하신 내역 보시면 신뢰가실껍니다 ^^,2016-10-28 14:47:34.0
338630078,425,LGU+,아이폰6 64G 골드색상 삽니다.,2016-10-01 09:58:00,"아이폰6 64G 골드색상 삽니다.

테두리 찍힘, 액정깨짐 없는걸로 구매합니다.(인천 직거래)

* 공10- 5017 - 5062 *",35,,,"
	                            직접거래
	                        ",,2016-10-28 14:47:35.0
338631802,425,LGU+,갤럭시 노트3 액정파손 8만원,2016-10-01 10:11:00,갤럭시 노트3 액정파손 8만원,8,,,"
	                            직접거래
	                        ",판매 상품 사진 및 상세 설명을 적어주세요010-9394-4378부산시 동구 초량갤럭시노트3 lg 제품입니다이건 남편이 작년에 새제품 구매했다가 2주만에 잃어버렸는데 어느 미친x이 액정만 저렇게 파손시켜서우체통에 넣어서 다시 저희한테 오게되었어요 이미 새 폰을 구매한 뒤라 놔뒀다가 담에 고쳐쓰려고했는데 갖고있으면 시세만 계쏙떨어지니 그냥 판매합니다 as센터 가보니 수리비 12~14만원 사이라고합니다밑에 사진 자세히봐주세요 갤럭시 노트3 LG 제품입니다 액정파손보시면 카메라나 중요한 부분은 흠을안냈어요as센터가서 다 확인받았습니다 수리비 12~14 사이라고 하셨어요   새로사고 2주만에 잃어버린거라 사용감은 거의없다고보면되요액정만 고쳐서 사용하면 거의 새폰이지싶습니다8만원에 팔아요010-9394-4378부산시 동구 초량,2016-10-28 14:47:01.0
338634931,425,LGU+,갤럭시S7 엣지 실버 정상해지 SS급 판매합니다. (선택약정 가능),2016-10-01 10:32:00,"
	                            직접거래
	                        ",1,,,"
	                            판매자와 직접 연락하세요.
	                        ","LG에서 개통됐고, 정상해지, 찍힘, 기스 하나 없는 SS급 단품 입니다. 박스도 같이 드립니다. 박스는 골드입니다.가격은 520,000원에 에누리 없이 판매합니다.선택약정  20% 할인 가능한 정상해지된 폰입니다. 대구 직거래 택배거래 다 가능합니다.필요하신분 연락주세요.010 칠오공일 육사66",2016-10-28 14:47:02.0
338638167,425,LGU+,액정파손 노트4 팝니다,2016-10-01 10:54:00,내부액정 파손,70000,,,"
	                            직접거래
	                        ",판매 상품 사진 및 상세 설명을 적어주세요 액정파손된 노트4 7만원에 판매합니다.내부 액정 파손으로 화면이 나오진 않습니다. 부품용으로 사용하실 분들에게 판매합니다.서비스 센터 에서 초기화 진행하며 메인보드 정상 인거 확인했습니다.다른부품 역시 이상없고 액정만 파손되었습니다. 용산역 이나 서울역 부근에서 직거래로만 합니다.네고X 문의X010-오878-851삼,2016-10-28 14:47:35.0
338639560,425,LGU+,대구) 갤럭시A5 2016 화이트 풀박(이어폰제외)팝니다. S급,2016-10-01 11:03:00,"
	                            직접거래
	                        ",250000,,,"
	                            판매자와 직접 연락하세요.
	                        ",,2016-10-28 14:47:37.0
369680150,339,SKT,아이폰5S 16G 샴페인골드 S급 [정상해지] 판매합니다,2017-03-21 09:03:00,"아이폰5S 16G 가개통급,아이폰5,아이폰SE,S급",1,,,직접거래,,2017-03-25 13:58:28.0
369681454,339,SKT,아이폰5s 16기가 팝니다.,2017-03-21 09:10:00,직접거래,12,,,판매자와 직접 연락하세요.,,2017-03-25 13:28:38.0
338640830,425,LGU+,부산 G3 f400 5만원에 팝니다.,2016-10-01 11:11:00,사용감 있지만 작동엔 문제 없는 G3 팝니다.,50000,,,"
	                            직접거래
	                        ",판매 상품 사진 및 상세 설명을 적어주세요   정상 해지된 G3 팝니다 폰만 있어요 구성품 없음...사용한지는 1년반정도 되구요 5개월전에 서비스센터에서 무상으로 메인보드 교환 한 제품입니다.겉모습은 많이 더러운데 (제가 케이스를 한달정도 안했더니..ㅜㅜ) 상태는 양호한 제품입니다.당연히 전면은 필름 붙어서 기스 하나 없습니다. 대신 새로 가셔야 할거에요.. 배터리 찍힘 있지만 사용하는데 지장 없었습니다.좀 더러움... 판매 가격은 5만원인데.자녀 폰으로 쓰실려는 분들에겐 4만원에 드려요 아이사진 보여주셔야 합니다.왠만한 저가폰보다는 빠름. 초기화 시켜놨습니니다. 문자 먼저 주세요. 휴대폰 산다고 해주세요 제가 다른것도 몇개 팔고 있어서요.. 직거래만 하며 폰 보시고 맘에 안드시면 안사셔도 됩니다.,2016-10-28 14:47:38.0
338640894,425,LGU+,[부산] LG g패드 8.0 판매합니다 8만 상태 굳! ,2016-10-01 11:12:00,g패드,80000,,,"
	                            직접거래
	                        ",판매 상품 사진 및 상세 설명을 적어주세요 안녕하세요 g패드 8.0 판매합니다네비 &amp; 푹 티비보는 용으로 사용하엿으며 구성품은 박스외 풀구성품 입니다 케이스 젤리케이스 가죽케이스 이렇겟습니다.직거래 부산 에서 가능하며 판매금액 8만원 입니다010 8993 7887 연락주세요.,2016-10-28 14:47:39.0
338642154,425,LGU+,인천 갤럭시s7엣지  실버 s급 판매 합니다 정상해지된기계 입니다 50에 2대잇습니다,2016-10-01 11:20:00,실버,50,,,"
	                            직접거래
	                        ",판매 상품 사진 및 상세 설명을 적어주세요 기계는 단품이며 구성품은 다드릴수 잇습니다 박스만 없습니다 케이블선도 없습니다 싸게 50 네고는 정중하게 사양하겟습니다 오늘 까지 팔고 판매 안되면 그냥업자 한테 넘길려고 합니다 상태 꺠끗합니다 연락주세요 인천 직거래만 합니다  구매 하실분만 연락주세요 정상해지된기계이면 선택약정 가능합니다010-23334226,2016-10-28 14:47:40.0
338643862,425,LGU+,갤럭시기어핏2 블랙 라지 완전새거!!팝니당 ,2016-10-01 11:30:00,"
	                            직접거래
	                        ",100000,,,"
	                            판매자와 직접 연락하세요.
	                        ",갤럭시기어핏2 블랙 (라지)사이즈10만원 팝니다완전 새거 미개봉상태입니다.택배거래가능직거래지역 부산 사하구!!010-5532-9801 판매 상품 사진 및 상세 설명을 적어주세요,2016-10-28 14:47:42.0
338647160,425,LGU+,유플러스 갤럭시 s4 lte-a 32g팝니다,2016-10-01 11:51:00,"
	                            직접거래
	                        ",60000,,,"
	                            판매자와 직접 연락하세요.
	                        ",판매 상품 사진 및 상세 설명을 적어주세요 갤럭시 s4 lte-a 32g팔아요사용감 꽤 있고요 사진 보시면 뒤에 플라스틱 금간 부분 있고 크롬도 벗겨진 부분 있습니다정상해지 폰이고 기기는 정상적으로 잘 작동합니다기기랑 배터리 1개만 있습니다송파구에서 직거래 또는 택배거래합니다~,2016-10-28 14:47:43.0
338648179,425,LGU+,LG 유플러스용 F580 젠틀 효도폰 판매 8만원 상태S급,2016-10-01 11:57:00,"
	                            직접거래
	                        ",80000,,,"
	                            판매자와 직접 연락하세요.
	                        ",판매 상품 사진 및 상세 설명을 적어주세요  유플러스용 젠틀 8만원에판매합니다상태는 사진참조하시고 안되는기능은 없습니다직거래는 전주에서가능하고 택배도 착불로 가능합니다010 8834 2519 연락주세요,2016-10-28 14:47:45.0
338650863,425,LGU+,LG-F700L 사용한지 5개월된 G5 판매합니다.,2016-10-01 12:14:00,실사용기간 5개월된 핸드폰입니다. 몇번 떨어트린적이있어서 테두리 한군데 찍힌자국이있고 한군데는 살짝 벗겨지기만 했습니다. 핸드폰 박스도 보유하고있습니다. 구성품은 사용하시던분이 분실하셨습니다 010-2467-3481 번으로 연락주시고 약수역 3번출구에서 직거래희망합니다,330000,,,"
	                            직접거래
	                        ",판매 상품 사진 및 상세 설명을 적어주세요,2016-10-28 14:46:56.0
338654547,425,LGU+,A5(A500)상태 AAA  기스 없음,2016-10-01 12:37:00,상태 기스없음 풀박스,120000,,,"
	                            직접거래
	                        ","중고나라 공식 앱 다운받기      편한 택배 / 퀵 신청하기 판 매 양 식아이디sxyxy이메일&lt;font color=""#7d7d7d""&gt;gyoems@gmail.com&lt;/font&gt;거주지역광주 남구 진월동판매 제품명갤럭시 A5구입시기2015년4월희망가격12만거래방법방문택배 신청하기, 직거래, 택배, 상세설명사진 및 상세내용상태 AAA 기스 없음  구성품 있음 박스 있음직접거래 우선 택배는 구매자 부담위 항목을 (거래금지 항목 포함) 허위작성하거나 임의 삭제 또는 채우지 않을 경우 무통보 삭제될수 있습니다.",2016-10-28 14:46:58.0
338658525,425,LGU+,인천 갤럭시S7엣지 실버 2대 저렴하게 내놉니다 선택약정 가능 정상해지 된기계 입니다,2016-10-01 13:03:00,S급,50,,,"
	                            직접거래
	                        ",인천 입니다 실버 2대 잇으며선택약정 가능 하고정상 해지된기계 입니다 사진보시고 결정하시구요구성품은 없습니다 네고는정중하게 사절합니다선택약정 가능 정상해지된기계 입니다바로 사용하시면 됩니다 케이스랑 등등은 드리겟습니다 010-2333-4226 판매 상품 사진 및 상세 설명을 적어주세요,2016-10-28 14:47:47.0
338664438,425,LGU+,[유플] g3 스크린 블랙 단품 서울에서 6만에 팜팜팜 [사진 참조] @@@@@@@@@@@@@,2016-10-01 13:42:00,g3 스크린 F490L 블랙 단품 팜팜팜,60000,,,"
	                            직접거래
	                        ",판매 상품 사진 및 상세 설명을 적어주세요 유플러스 g3 스크린 f490l 블랙 팜팜 사진에서 보시다시피 본체와 배터리2개 배터리펙 이렇게 있어요사진 보시면 아시겠지만 B+ 급 스마트폰 이며 배터리 하나는 산지 1달정도 배터리 빵빵 하나는 오래 된거구요정상해지된 폰 입니다 필요하신분은  010-9278-6372 이리로 문자 주세요 가격은 60.000원 입니다p/s 거래는 직거래만(서울 돈암동) 합니다,2016-10-28 14:47:52.0
338666040,425,LGU+,아이폰6s 16g 로즈골드 가x통 팝니다 ,2016-10-01 13:53:00,아이폰6,50,,,"
	                            직접거래
	                        ",실사용 한번도 안한단말기구요금액조율 조금은 가능하니 궁금문의는010 둘둘22 삼육육3으로 연락주세요직거래는 부산진구 부암동에서 합니다택배거래시 선입금으로 하고있구요거래내역보면 믿고 하실수있으실꺼에요 ㅎ,2016-10-28 14:47:53.0
338667772,425,LGU+,LG G패드2 8.0 V607L 홈보이 화이트 판매합니다. (판매완료),2016-10-01 14:05:00,"
					",134000,,,사용은 미드 글리 두 편 본 것밖에 없고 액정 보호필름도 떼지 않은 상태로 사용했습니다. 잘 쓰지 않게 돼서 판매하게 됐습니다!,"사지는 않았고 1년 전? 쯤에 어디서 공짜로 새 제품을 받게 됐는데영화 보는 용도로 쓰려고 놔두다가 결국 미드 두 편 보고 팝니다ㅜㅜ     기스 없고 색 바랬거나 묻은 자국 같은 것도 없이 깨끗합니다.액정 보호필름은 처음 새거인 상태 때 붙어있던 비닐을 안 뗀 상태입니다.필름에 별다른 기스는 없지만 기포가 끼고 위쪽에 먼지가 조금 있기는 한데 필름 떼면 새거 같이 반짝반짝 할겁니다.기포는 제품이 처음 왔을 때부터 있었습니다.     펜이 있다는 걸 방금 처음 알았습니다.   초기화를 해서 전원을 켜면 이런 화면이 뜰겁니다.현재 약 70%까지 충전시켜놨고 전원 꺼놨습니다.     바로 위 사진의 충전기는 비닐을 뜯지 않은 상태로 몇 번 사용했습니다.연결잭은 보시다시피 비닐도 뜯지 않았고 사용도 안했습니다.   제품과 구성품들 모두 상자에 넣은 모습입니다! 네이버페이는 제휴택배라 택배비가 없다는 식으로 써있는데처음 판매하는 거라 잘 못 이해하겠습니다ㅜㅜ만약 택배비가 있다면 착불이고, 직거래는 서울 관악구 주변으로 가능합니다.",2016-10-28 14:47:54.0
338668529,425,LGU+,LG G2 상태a급 판매합니다~~!!빨리오셔유! 케이스포함(통신사:LGU+),2016-10-01 14:10:00,"
					",70000,,,G2 공기계입니다!,"판매 상품 사진 및 상세 설명을 적어주세요  얼마전에 겔럭시 S7을 구입하여서 쓸일이없는 LG G2를 판매하게되었습니다. 상태는A급이구요 가격은오늘10월 첫날 기념으로 오늘 구매하시는 분에게 60000에드리겠습니다 첫번쨰 사진을 찍은이유가 안테나 부분이 꺠져서 안테나를 쓰려면 바늘로 빼서 쓰시던지 해야되요...ㅜ,ㅜ 그래도 그거뺴면 상태는 진짜 좋구요~!~ 기스도 거의 없어용ㅎㅎ 네고,에누리는 안될거같아요ㅠㅠ지금 급하게 돈을마련해야되서 무리일거같네요 01038079552로 연락주시면 빠른답변 해드리겠습니다!! 아맞다 고속 충전기,케이스,보조배터리도 같이 드립니다",2016-10-28 14:47:55.0
338668540,425,LGU+,LG G2 상태a급 판매합니다~~!!빨리오셔유! 케이스포함(통신사:LGU+),2016-10-01 14:10:00,"
					",52000,,,G2 공기계입니다!,"얼마전에 겔럭시 S7을 구입하여서 쓸일이없는 LG G2를 판매하게되었습니다. 상태는A급이구요 가격은오늘10월 첫날 기념으로 오늘 구매하시는 분에게 55000에드리겠습니다 첫번쨰 사진을 찍은이유가 안테나 부분이 꺠져서 안테나를 쓰려면 바늘로 빼서 쓰시던지 해야되요...ㅜ,ㅜ 그래도 그거뺴면 상태는 진짜 좋구요~!~ 기스도 거의 없어용ㅎㅎ 네고,에누리는 안될거같아요ㅠㅠ지금 급하게 돈을마련해야되서 무리일거같네요 01038079552로 연락주시면 빠른답변 해드리겠습니다!! 아맞다 고속 충전기,케이스,보조배터리도 같이 드립니다.  얼마전에 겔럭시 S7을 구입하여서 쓸일이없는 LG G2를 판매하게되었습니다. 상태는A급이구요 가격은52000원에드리겠습니다 첫번쨰 사진을 찍은이유가 안테나 부분이 꺠져서 안테나를 쓰려면 바늘로 빼서 쓰시던지 해야되요...ㅜ,ㅜ 그래도 그거뺴면 상태는 진짜 좋구요~!~ 기스도 거의 없어용ㅎㅎ 네고,에누리는 안될거같아요ㅠㅠ지금 급하게 돈을마련해야되서 무리일거같네요 01038079552로 연락주시면 빠른답변 해드리겠습니다!! 아맞다 고속 충전기,케이스,보조배터리도 같이 드립니다",2016-10-28 14:47:55.0
338668687,425,LGU+,애플 100% 벌크정품 라이트닝케이블 팝니다.,2016-10-01 14:11:00,애플 100% 벌크정품 라이트닝케이블,10000,,,"
	                            직접거래
	                        ","애플 100% 벌크정품 라이트닝케이블 팝니다.한번도 사용하지 않은 새제품 입니다.사용하는 애플 기기가 무상보증일이 남아있다면 공식 서비스 센터에서 무상으로 교체 받을 수 있는 100%정품입니다. 시중에서 정품 구매시 라이트닝 케이블 26,000원 입니다.판매하는 제품은 100%정품은 맞지만 풀박이 아닌 벌크형 정품이기 때문에 낮은 가격에 팝니다.비정품 케이블 같은 경우 커넥터 부분이 정품 케이블과 두께가 미세하게 차이가 있습니다. 사용하다 보면 기기 충전 단자 핀이 손상을 입어 지원하지 않는 악세서리라는 문구 뜨면서 다시 정품 케이블을 쓴다고 해도 충전 및 인식이 안 될 수도 있어서 결국 기기 리퍼까지 하셔야 될 수도 있습니다. 안전하게 정품 사용하세요. 라이트닝 케이블 단돈 1만에 드립니다.택배거래로 하고 있으며 배송비까지 전부 판매자가 부담하겠습니다.직거래는 거의 하지 않으며 대량으로 구매시만 직거래합니다.구매희망 하시는 분들은 010-8907-4748 문자 부탁드리겠습니다.평일에는 업무중이라 문자 답변이 느릴 수 도 있습니다.",2016-10-28 14:47:56.0
369205353,339,SKT,갤럭시 와이드 블랙 가개통폰 판매합니다. 안양,2017-03-18 20:24:00,ㅎ,160000,,,직접거래,2월 16일 개통했구요 풀박스입니다. 통화 이외에 쓴거는 없습니다. 외관상 기스하나 없습니다.경기도 안양 의왕 직거래 가능합니다. 어느정도 가까운곳 까지는 가능합니다. 주말언제든지 거래 가능하니 연락주세요~010 6236 0131 사진더 필요하시면 보내드릴게요~,2017-03-25 13:45:49.0
338686081,425,LGU+,갤럭시탭7.0 SHW_M!80L 4만5천원팝니다.,2016-10-01 16:12:00,"
	                            직접거래
	                        ",45000,,,"
	                            판매자와 직접 연락하세요.
	                        ","LGT용 삼성 갤럭시탭7.0 (SHW-M180L) 입니다.7인치 LG U+ 전용 모델이며 3G / WiFi 겸용해서 사용가능합니다.약정 완납 끝난 정상 해지 공기계입니다.WiFi만 연결하여 사용하셔도 되고, 전화사용하실시 LG U+ 개통하셔서 사용하시면 됩니다.작동 아주 잘되며 공장초기화 해두었습니다.전체적으로 생활 기스가 살짝 있지만 스티커도 떼지않고 사용하여 아주 깨끗합니다.구성품은 갤럭시탭 본체 + 삼성정품충전기,케이블 입니다.제품 교환 &amp; 환불은 되지 않으니 문자로 문의 후에 구매 부탁드립니다.가격은 45000원입니다.택배 거래시 착불(혹은 택배비 4천원 추가)이며전자기기 특성상 직거래를 희망합니다.",2016-10-28 14:48:06.0
338687066,425,LGU+,[가격인하] 갤럭시 노트2 공기계 ,2016-10-01 16:19:00,노트2,75000,,,"
	                            직접거래
	                        ","사진은 최대한 여과없이 찍으려 노력했습니다.보시다시피 앞면 상단부분 살짝 깨진부분 2군데 있는데 액정깨진게 아니라 그냥 앞면 살짝 유리깨진거라 큰 상관은 없습니다.테두리마다 찍힘이나 벗겨짐 조금씩 있는거 사진에서 다 확인할 수 있구요액정에 스크래치는 보호필름에 스크래치난거라 떼시면 완전 깨끗합니다.뒷면도 살작 벗겨짐이 있는거 보이실겁니다.외관상으로는 살짝 아주 쪼금 지저분하지만 사용하는데는 전혀 지장없습니다.15년 7월 lg대리점에서 디스플레이용으로만 사용하던 완전 새상품으로 공기계 구매하였습니다.1년 좀 더 사용한 폰이고 구성품은 구매 당시에도 단품만 받았었기 때문에 없습니다.카드넣을 수 있는 범퍼케이스 같이 드리겠습니다.사진에 보시다시피 S펜 들어가있구요 유심만 끼워넣으시면 바로 사용 가능한 공기계입니다.원하신다면 풀로 충전해서 드리겠습니다.직거래 7호선 숭실대입구역 이나 2, 9호선 당산역에서 가능합니다. 택배거래도 가능합니다. 010-2432-3475",2016-10-28 14:46:46.0
