ID,카테고리_ID,카테고리명,제목,등록날짜,거래구분,판매금액,제품설명,지불방법,배송방법,상세설명,수집날짜
370256624,339,SKT,SK 노트4  블랙 32G 정상해지 된 공기계 팝니다 ,2017-03-23 18:45:00,직접거래,18,,,판매자와 직접 연락하세요.,판매 상품 사진 및 상세 설명을 적어주세요     SK 노트4 32G 블랙 정상해지 된 공기계 팔아요 정상해지 공기계라 선택약정/확정기변 가능한 공기계 입니다사진처럼 테두리에 잘잘한 생활찍힘 기스 있습니다 구성품은 인터넷으로 구매한 usb케이블 일반충전기 케이스 같이 드리고요 필름도 새걸로 깨끗이 붙여서 드릴께요  ^^혹시라도 구매 하시고 일주일안에 기능 문제 있으면 환불 해드릴께요 18 만원  팝니다 에눌은 힘들어요 ㅠ   직거래는 여수 순천 광양 가능하고 그외지역은 택배/안전거래 가능합니다 문의는 010 8564 0209 전화나 문자 주세요,2017-03-25 13:20:57.0
369498994,339,SKT,갤럭시S6엣지플러스 32GB 골드 정상해지,2017-03-20 12:15:00,직접거래,30,,,판매자와 직접 연락하세요.,판매 상품 사진 및 상세 설명을 적어주세요       판매 상품 사진 및 상세 설명을 적어주세요 ㄱ갤럭시S6엣지플러스 골드 단품입니다.정상해지되었구요 확정기변 가능하며 선택약정 등록가능합니다.3사 호환가능하구요 . 기기 상태좋구요 테두리 찍힘 조금있습니다.직거래 택배거래 둘다가능합니다.직거래시 서울답십리에서 가능합니다문의 010 4936 9533 연락주세요,2017-03-25 13:53:18.0
370256888,339,SKT,LG G5 공기계팝니다 (액정및 케이스 신품으로 무상교체 완료),2017-03-23 18:46:00,LG G5 팝니다,300000,,,직접거래,"안녕하세요 kt에서 사용하던 lg G5 공기계 팝니다.금일 서비스센터에서 액정 신품 교체 완료 했구요, 2주전에 후면 케이스 교체 완료 했습니다.결론은 그냥 새폰입니다...ㅎㅎ추가구매한 켐플러스 모튤과 베터리추가분 있구요.10개월간 사용한 폰입니다.저도 폰팔아서 기계값 충당해야하기에 30만원 절충이야기는 정중히 거절합니다.010-4211-8210직거래는 여수오시면 가능합니다.     판매 상품 사진 및 상세 설명을 적어주세요",2017-03-25 13:20:58.0
369499361,339,SKT,"(SK , KT , LG유플러스 모두 사용가능) LG G4 A급 32GB 15만원에 팝니다. LG-F500L",2017-03-20 12:17:00,직접거래,15,,,판매자와 직접 연락하세요.,,2017-03-25 13:53:18.0
369499441,339,SKT,아이폰SE 64기가 로즈골드 급처분해요~!!@@@@,2017-03-20 12:17:00,직접거래,1,,,판매자와 직접 연락하세요.,아이폰SE 로즈골드 판매해요~!!용량은64기가구요상태는 사진보다시피 깨끗해요~(실사진이니 꼼꼼히 확인바랍니다)리퍼기간은 17.10.07 까지구요(이것도 사진첨부해 놨어요)기존에 쓰던 유심만끼우시면 바로사용 가능하세요^^구성품은 따로없는점 양해바랍니다~기기단품만 있어요가격은 36만원정도 생각하고있구요^^대구 직거래가능!!택배거래 물론가능!!(선입금 확인후 당일택배 보내드려요)댓글은 잘못볼수도있으니010 5653 9677 여기로 연락바랍니당,2017-03-25 13:53:19.0
370257019,339,SKT,skt 데이터 500메가 200메가 팝니다 ,2017-03-23 18:47:00,직접거래,1000,,,판매자와 직접 연락하세요.,,2017-03-25 13:20:58.0
369501780,339,SKT,LG-V10 A급 판매합니다,2017-03-20 12:27:00,직접거래,22,,,판매자와 직접 연락하세요.,lg-v10 A급  64기가단품공계 임다3사호환가능하구요010-3939-7726전화 문자주세요안산 한대앞역 직거래합니다22만원,2017-03-25 13:53:21.0
370257115,339,SKT,[중고폰#] 중고폰 최다 기종 보유매장!! 친절 상담을 약속 드리겠습니다.,2017-03-23 18:48:00,중고폰,1004,,,직접거래,"♡모든 중고폰 세상의 모든 중고폰!!!♡매일 매일 최신 업데이트 되는 [중고폰#] 입니다. 친절과 고객만족도가 최대의 가치라고 생각하고있습니다. 당사는 평택시내에 위치한 중고폰매장으로 하루에 200여대 이상의 중고폰이 들어오는 중고폰의 마트같은곳입니다 원하는 기기 예약도 가능하며,모든 중고폰은 유심인식, 마이크, 기타성능테스트를 모두 마친 말끔하고 투명한 A급 중고폰 입니다.♡♡♡♡♡♡♡♡♡♡♡♡♡♡♡♡♡♡♡♡♡♡♡♡♡♡♡♡♡♡♡♡♡♡♡♡♡♡♡♡♡♡♡♡♡♡♡♡♡♡♡♡♡단가에 의문을 가지실수 있을거라 생각합니다.하지만, 절대 단가에 문제가 있는것이 아닙니다!!예를들어, 갤럭시S7을 저희는 42만원에 판매를하지만 일반 개인거래로 37~39만 선 에서 구매를 하셨을경우? 아시겠지만 싼 중고폰은 그만큼 이유가 있을 것 이며, 내부적인 상황은 전문가가 아닌이상 일반 소비자는 잘 모른다는걸 잘 알고있습니다.그말은 즉슨, 뒷감당은 소비자가 감당하게되어있습니다. (2~5만원 싸게사려다가 2배 손해를 감수를 해야하는경우도 있습니다.)중고폰거래 특성상 교환이나 환불이 힘들다는 점에 대해 악용을하는 일부 비양심적인 업체들 때문에 솔직하게 말씀드리고갑니다.이러한 자주적인 사유로 저희에게 호소하시는 소비자분들이 많아서 대신 대변해드리고자 적어드리는겁니당♡ 물론! 정말 정직하게 판매하시는분들도 계시다는거 아주 잘 알고있습니다.허나, 물건이 저렴한건 항상 [이유]가 있기 때문이라는것을 꼭!!!!무조건!!! 알아주세요 저희는 몇푼을 위해 양심을 파는 매장이 아닙니다 예쁘게 봐주세요♡♡♡♡♡♡♡♡        ♥♥♥♥♥♥♥♥♥♥♥♥저희의 가장 장점인 판매시 1년 무상A/S 까지 해드립니다 ^^♥♥♥♥♥♥♥♥♥♥♥♥♥(고객과실로인한 A/S는 불가 예를들어 침수 등)기존에 있던 업체들과는 차원이틀릴겁니다 기존업체라든지 개인거래는 팔고나면 땡 이지만 저희는 철저한 고객관리, 체계적으로 MGM까지 신경쓰는 매장이기에 걱정안하시고 믿고 구매하실수있을겁니다 ^^현재 올려드린 모든 단가는 A급판매 기준이며, 상태에따라 D/C가 가능하답니다♡현명하신분은 전화/방문을 해보시겠죠?♡♡♡♡♡♡♡♡♡♡♡♡♡♡♡♡♡♡♡♡♡♡♡♡♡♡♡♡♡♡♡♡♡♡♡♡♡♡♡♡♡♡♡♡♡♡♡♡♡♡♡♡♡가격표( A급 기준 )삼성S7엣지 520,000  S7 440,000S6엣지 340,000  S6 300,000S5 150,000S4 130,000S3 70,000노트5 400,000노트4 220,000노트3 160,000노트2 100,000J5 100,000(2015년도)J7 150,000(2015년도)A5 150,000(2015년도)A7 180,000(2015년도)A5 200,000(2016년도)A7 250,000(2016년도)알파 130,000 [이외 현재 게시물에 올리지 않은 기기는 문의주세요 모든기종 보유중입니다]♡♡♡♡♡♡♡♡♡♡♡♡♡♡♡♡♡♡♡♡♡♡♡♡♡♡♡♡♡♡♡♡♡♡♡♡♡♡♡♡♡♡♡♡♡♡♡♡♡♡♡♡♡LGG5 300,000G4 180,000G3 100,000G2 90,000G3비트 80,000G3스크린 100,000X스킨,X파워 110,000V10 250,000V20 550,000 [이외 현재 게시물에 올리지 않은 기기는 문의주세요 모든기종 보유중입니다]♡♡♡♡♡♡♡♡♡♡♡♡♡♡♡♡♡♡♡♡♡♡♡♡♡♡♡♡♡♡♡♡♡♡♡♡♡♡♡♡♡♡♡♡♡♡♡♡♡♡♡♡♡[아이폰,스카이]아이폰6 16기가 300,000아이폰6 64기가 400,000아이폰6+ 16기가 350,000아이폰6+ 64기가 500,000아이폰6S 16기가 400,000아이폰6S 64기가 500,000아이폰6S+ 16기가 500,000아이폰6S+ 600,000베가시크릿업 80,000베가시크릿노트 110,000베가아이언 50,000베가아이언2 120,000[이외 현재 게시물에 올리지 않은 기기는 문의주세요 모든기종 보유중입니다]문의 전화만 주셔도 사랑입니다!♥찾아오시는곳 - 경기도 평택시 평택동 293-2번지 1층 중고폰#(평택시내 국민은행 맞은편)실장 임승윤 010-7186-2705실장 장구덕 010-7474-5382  매장 번호 070-4085-3331 [국내 유일무이 중고폰 전기종 판매매장]**위에 없는 단가 혹은 기기는 문의를 해주세요!왠만하면 전기종 다있습니다**",2017-03-25 13:20:59.0
369503353,339,SKT,LGV10 A급 판매합니다,2017-03-20 12:34:00,직접거래,22,,,판매자와 직접 연락하세요.,lg-v10 A급  64기가단품공계 임다3사호환가능하구요010-3939-7726전화 문자주세요안산 한대앞역 직거래합니다22만원,2017-03-25 13:53:26.0
369503403,339,SKT,스타텍 18K 골드에디션 SKT용 20만원,2017-03-20 12:34:00,직접거래,1,,,판매자와 직접 연락하세요.,작성자 본인 1인 개통이력 있습니다.18k 장식 이상없이 다 있습니다.마지막으로 전원을 켰을 때가 4년전쯤 인데 이상없이 작동 했었습니다.충전 케이블은 없습니다. 참고하시고요.금값만 해도 20은 나올겁니다. 20만원 무료배송.네고없음공일공 사사사삼 일육이오 문자요망,2017-03-25 13:53:26.0
369503785,339,SKT,노트4 블랙 통신3사사용가능 정상해지 20%요금할인가능 17만,2017-03-20 12:35:00,블랙,17,,,직접거래,,2017-03-25 13:53:27.0
369107717,339,SKT,"아이폰(7, 7+ 락걸린제품&부품용각1대씩삽니다)내용참조!",2017-03-18 10:55:00,아이폰 7. 7플러스삽니다.,1004,,,직접거래,아이폰7 락걸린제품&amp;부품용삽니다. ( 문의주세요 ) 1대 아이폰7+ 락걸린제품&amp;부품용삽니다. (문의주세요 ) 1대 대구직거래가능 010-7519-4422 문자&amp;연락주세요. 타지역 택배거래가능!,2017-03-25 13:42:40.0
369506195,339,SKT,(판매완료) sk 갤럭시 A5 (a500) 16기가 11만원,2017-03-20 12:46:00,직접거래,11,,,판매자와 직접 연락하세요.,"판매 상품 사진 및 상세 설명을 적어주세요 ##필독##예약 취소가 많아 입금 순으로 거래를 진행하고 있습니다.예약 문의는 안받습니다.1.기종 - A52.내부저장용량 - 16기가3.가격 - 11만4.통신사 - sk5.외관상태 - 사진보시면 아시겠지만전체적으로 깔끔합니다!6.구성품 - 기기단품7.직거래지역 - 신설동역, 그외 택배 거래 (착불 발송 됩니다)직거래시 쓰던폰 판매하시고 차액으로 구입 가능하니 문의주시기 바랍니다~!01097466838카톡 - ssanmai   판매 상품 사진 및 상세 설명을 적어주세요",2017-03-25 13:53:32.0
369507104,339,SKT,노트5 블랙 통신3사사용가능 A급  34만,2017-03-20 12:49:00,블랙,34,,,직접거래,통신사 3사사용가능 유심기변  단품입니다  34만 개통일  2015.08.28 ▶ 직거래 평택.송탄.오산.안중.화성.안성.천안.아산.▶ 택배거래가능 ( 선입금 + 택배비 4000 )▶ 택배는 오후 5시전 당일배송 (우체국택배)▶ 문자로사진에있는 번호 말씀해주세요    ●●●구매시 강화유리 필름 증정●●●● ●엣지종류는 우레탄 곡면 풀커버 필름●         ▶ 필요한 제품 있으시면 연락주세요 ◀                       ▶ 01073776975 ◀,2017-03-25 13:53:35.0
369109577,339,SKT,아이폰 5s 16g 팝니다.,2017-03-18 11:04:00,아이폰 5s 16g 팝니다.,130000,,,직접거래,아이폰5s 16g 골드 팝니다.실사용은 11개월 되구요 제가 아이폰 6로 교환 하면서 팔게 되었습니다.상태 좋구요 작동안되는거 없어요 사신다고하면 그떄 공장 초기화하고사진에는 충전기 안찍엇는데 충전기 보네드리고케이스도 필요하시면 드릴게요 가격은 13만원으로 생각하고 있고 네고는 없습니다 부산직거래 아니면 택배거래 가능합니다.사실분은 문자 주세요,2017-03-25 13:35:22.0
369112667,339,SKT,아이폰6s 16 스그풀박 특A,2017-03-18 11:20:00,"310,000",310000,,,아이폰 6S 16 스페이스 그레이 상태 A,"아이폰 6S 16 스페이스 그레이 상태 A풀박( 이어폰,충전기,케이블,유심핀) 까지 다 있습니다^^액정 뒷판 모두 상태A +++++잔기스 사진 첨부 통신 3사 가능하고 요금할인 20% 받으실수 있습니다이유있는 네고 가능하시구요직거래는 대전이며택배 거래시 요금  내드립니다.공일공 팔삼육삼 팔삼구삼 아이폰 6S 16 스페이스 그레이 상태 A풀박( 이어폰,충전기,케이블,유심핀) 까지 다 있습니다^^액정 뒷판 모두 상태A++++ 잔기스 사진 첨부 통신 3사 가능하고 요금할인 20% 받으실수 있습니다이유있는 네고 가능하시구요직거래는 대전이며택배 거래시 요금  내드립니다.공일공 팔삼육삼 팔삼구삼 아이폰 6S 16 스페이스 그레이 상태 A+++++풀박( 이어폰,충전기,케이블,유심핀) 까지 다 있습니다^^액정 뒷판 모두 상태A 잔기스 사진 첨부 통신 3사 가능하고 요금할인 20% 받으실수 있습니다이유있는 네고 가능하시구요직거래는 대전이며택배 거래시 요금  내드립니다.공일공 팔삼육삼 팔삼구삼 아이폰 6S 16 스페이스 그레이 상태 A++++++풀박( 이어폰,충전기,케이블,유심핀) 까지 다 있습니다^^액정 뒷판 모두 상태A 잔기스 사진 첨부 통신 3사 가능하고 요금할인 20% 받으실수 있습니다이유있는 네고 가능하시구요직거래는 대전이며택배 거래시 요금  내드립니다.공일공 팔삼육삼 팔삼구삼     판매 상품 사진 및 상세 설명을 적어주세요 아이폰 6S 16 스페이스 그레이 상태 A풀박( 이어폰,충전기,케이블,유심핀) 까지 다 있습니다^^액정 뒷판 모두 상태A 잔기스 사진 첨부 통신 3사 가능하고 요금할인 20% 받으실수 있습니다이유있는 네고 가능하시구요직거래는 대전이며택배 거래시 요금  내드립니다.공일공 팔삼육삼 팔삼구삼",2017-03-25 13:42:48.0
369114193,339,SKT,노트5 32G 실버 S급 판매합니다 ,2017-03-18 11:27:00,"액정, 베젤, 백글라스 정식 A/S 센터 교체 완료",350000,,,직접거래,"판매 상품 사진 및 상세 설명을 적어주세요 모델명 : 삼성 갤럭시 노트5색   상 :  실버 용   량 : 32G상   태 : 정식 삼성전자서비스센터에서 액정, 베젤, 백글라스 모두 교체 되있는 상태입니다.             사진에서 보시는것처럼 비닐도 안뗏고, 정상해지 되있는 상태입니다.             딱 한가지 흠이 있다면 홈키는 교체가 안되어 있어서 살짝 기스가 나있는 상태입니다.             기기 단품입니다. 가   격 : 350,000원 직거래만 합니다. (사기꾼이 너무 많아요) 낮시간 서울 용두동  (AM 10:00 ~ PM 08:00)밤시간 서울 용두동, 천호동, 암사동, 면목동 가능합니다 (PM 08:00 이후)",2017-03-25 13:35:17.0
369509450,339,SKT,갤럭시S7 실버 통신3사사용가능 정상해지 20%요금할인가능 A급 A/S가능 37만,2017-03-20 12:59:00,실버,37,,,직접거래,통신사 3사사용가능 정상해지 20%요금할인가능  A급 단품입니다  37만 개통일  2016.04.01 A/S 가능 ▶ 직거래 평택.송탄.오산.안중.화성.안성.천안.아산.▶ 택배거래가능 ( 선입금 + 택배비 4000 )▶ 택배는 오후 5시전 당일배송 (우체국택배)▶ 문자로사진에있는 번호 말씀해주세요    ●●●구매시 강화유리 필름 증정●●●● ●엣지종류는 우레탄 곡면 풀커버 필름●         ▶ 필요한 제품 있으시면 연락주세요 ◀                       ▶ 01073776975 ◀,2017-03-25 13:53:38.0
369509470,339,SKT,[가격내림] 목업 판매합니다.,2017-03-20 12:59:00,직접거래,20000,,,판매자와 직접 연락하세요.,"판매 상품 사진 및 상세 설명을 적어주세요 목업 판매합니다.전부 새상품이며 정품입니다.[삼성]갤럭시A5(2017) A520S 색상 검정1 , 블루120,000원[엘지]F800S V20 색상 검정20,000원엘지 X캠 F690티탄, F770(X5)검정 각각 12,000원엘지 X400  LGM-K121S 색상검정20,000원(판매완료)엘지 G6 실버1 , 화이트1 각각 25,000원(판매완료)갤럭시J3 J320NO 화이트15,000원(판매완료)와인스마트폰 F480S 검정12,000원(판매완료)택배비는 착불입니다.010-8327-8834",2017-03-25 13:53:39.0
369509922,339,SKT,경남창원갤럭시s7    32기가,2017-03-20 13:01:00,정상해지되었습니다 제품  모서리케이스잔기스없으나,35,,,직접거래,판매 상품 사진 및 상세 설명을 적어주세요,2017-03-25 13:53:40.0
369510273,339,SKT,노트4 레드 통신3사사용가능 정상해지 20%요금할인가능 17만,2017-03-20 13:02:00,레드,17,,,직접거래,통신사 3사사용가능 정상해지 20%요금할인가능   단품입니다  17만 개통일  2015.10.02 ▶ 직거래 평택.송탄.오산.안중.화성.안성.천안.아산.▶ 택배거래가능 ( 선입금 + 택배비 4000 )▶ 택배는 오후 5시전 당일배송 (우체국택배)▶ 문자로사진에있는 번호 말씀해주세요    ●●●구매시 강화유리 필름 증정●●●● ●엣지종류는 우레탄 곡면 풀커버 필름●         ▶ 필요한 제품 있으시면 연락주세요 ◀                       ▶ 01073776975 ◀,2017-03-25 13:53:40.0
369514696,339,SKT,갤럭시 A7 2016 핑크(SKT),2017-03-20 13:21:00,직접거래,250000,,,판매자와 직접 연락하세요.,"갤럭시 A7 2016 핑크 색상 판매합니다.기기는 SKT용이구요. 현재 공기계상태로 확정기변 가능합니다.찍힘이나 생활기스 전혀 없는 S급이구요 외관 아주 이쁩니다. 개통한지1년이 안되어 A/S 기간 남아있구요.택배거래 직거래 둘다 가능하고요 직거래시 낮에는 군포쪽 저녁에는 수원,화성쪽 가능할듯합니다.직접오신다면 만원정도에 내고는 해드리겠습니다. 어머니가 쓰시던거라 아주 깨끗하고 상태 좋습니다.카페를 잘안들어오니 문자나 전화주세요.010-9380-1461다들 건강하세요~~",2017-03-25 13:53:49.0
369516957,339,SKT,S6 엣지플러스 블랙 부품 판매,2017-03-20 13:30:00,직접거래,10,,,판매자와 직접 연락하세요.,,2017-03-25 13:30:34.0
370260855,339,SKT,SKT 2G LG-SV800 롤리팝 2G 바로사용가능한 기기 구성품포함 싸게 팝니다. 011유지가능,2017-03-23 19:08:00,SKT 2G LG-SV800 롤리팝 2G 바로사용가능한 기기 구성품포함 싸게 팝니다. 011유지가능,42000,,,직접거래,"SKT 2G 롤리팝 폴더폰 입니다. 바로 개통가능한 공기계이구요 011 유지가능합니다.구성품은 본체 + 베터리 + 충전기 이렇게 드립니다.가격은 개당 42000원에 판매하며, 직거래는 부천시 오정구에서 가능하며,중고치고 상태 매우 양호한편입니다~ 타지역은 택배 거래 가능합니다(택배비3천원별도) 연락처는 010-5760-5982 로 연락주시면 답변드리겠습니다~",2017-03-25 13:20:55.0
370260862,339,SKT,갤럭시A8 상태A급 싸게팜 20만!,2017-03-23 19:08:00,갤럭시A8,200,,,직접거래,갤럭시A8 SK입니다 상태는 사진그대로 깨끗합니다구성품은 기기 충전기 필름 케이스 충전기 입니다 가격은 20만입니다 유심만 꼽아서 사용하시면 됩니다통신사 3사 전부 사용가능합니다 직거래및택배거래합니다 직거래는 인천 계양구 작전동입니다010 6616 7345,2017-03-25 14:16:41.0
369085541,339,SKT,아이폰 통화중 녹음+외장하드 기기,2017-03-18 08:41:00,아이폰 통화중 녹음+외장하드 기기,32000,,,직접거래,"판매 상품 사진 및 상세 설명을 적어주세요 아이폰 통화중 녹음+외장하드 기기입니다.512M(500분통화내용)녹음 정말로 깔끔하게 잘됩니다.사용 되는지 안되는지만 확인한 새거입니다.가격:32,000원010-5442-87공삼",2017-03-25 13:42:05.0
369086236,339,SKT,갤럭시S7엣지 언락폰 32g 핑크골드 해외판,2017-03-18 08:48:00,직접거래,52,,,판매자와 직접 연락하세요.,,2017-03-25 13:42:06.0
370261833,339,SKT,갤럭시s7 골드 32g 상태개꿀!! (서울),2017-03-23 19:14:00,갤럭시s7 골드 32g 상태개꿀!! (서울),39,,,직접거래,판매 상품 사진 및 상세 설명을 적어주세요     갤럭시s7 골드 32g 상태개꿀!! (서울)기종: 갤럭시s7색상: 골드통신사: sk 3사 유심기변 가능합니다.검수및 기능제품 다상세히 내용썻습니다 기능: 이상없음액정: 이상없음용량: 32기가외관: 약간씩 생활기스잇습니다구성품: 충전기+이어폰가격: 39만원직거래: 서울중화역 그외 택배거래 유니크로 안전거래 가능합니다.구매하시는 모든 제품들은 기능검수가 끝난 안전한 제품입니다. 케이스끼시고 사용하시면 될거같습니다 서울입니다 중화역에서 거래합니다  연락처: 공1공.5공5구.오9육9 입니다,2017-03-25 13:20:53.0
369092753,339,SKT,"삼성 SPH-D710 갤럭시S2 Sprint, SPH-L710 갤럭시S3 Sprint 2G",2017-03-18 09:36:00,"삼성 SPH-D710 갤럭시S2 Sprint, SPH-L710 갤럭시S3 Sprint 2G",100,,,직접거래,"판매 상품 사진 및 상세 설명을 적어주세요    삼성 스마트폰 외산 모델로 2G 가능하다고 하여 구입 했는데 직접 사용해 보진 못 했습니다.ESN 중복 여부 등은 알지 못하니 잘 아는분이 구입해 주셨으면 합니다.1. SPH-D710 갤럭시S2 Sprint : 10만원    구성품은 스마트폰 본체, 배터리 2개 (뒷판 덮개가 헐렁 합니다)2. SPH-L710 갤럭시S3 Sprint : 15만원     구성품은 스마트폰 본체, 배터리 1개3. GT-I8190N 갤럭시S3 미니 : 8만원     구성품은 스마트폰 본체, 배터리 1개     이건 2G 지원이 안되는듯 합니다. 국내 미출시 모델이구요.직거래는 서울 마곡동에서 가능하고 그외 택배거래 가능합니다. 연락은  0 1 0 - 3 구 사 2 - 1 육 팔 0    입니다.",2017-03-25 13:42:14.0
370274339,339,SKT,[급매] 아이폰 6 실버 64기가,2017-03-23 20:24:00,"230,000",230000,,,아이폰6 64기가 iphone6,"판매 상품 사진 및 상세 설명을 적어주세요 아이폰 6 64기가 판매합니다.상태는 사진과 같습니다.액정은 항상 보호필름 사용해서 깔끔합니다.한번 딱 케이스 갈아끼다 떨어뜨려서 찍힌자국들 입니다.갤럭시로 바꾸고 판매 합니다.보증기간 1월로 종료 되었습니다.이어폰, 순정 충전기, 충전선 여행갔다가 잊어버려서 없습니다.직거래 장소는 중랑구 면목동 지하철용마산 입구역에서 하겠습니다.전자제품이니 직거래 우선 하겠습니다.나머지는 택배 착불 안전거래 하겠습니다.구성품아이폰6 64기가충전선 1개충전기 1개박스 1개",2017-03-25 14:17:09.0
370276219,339,SKT,(대구) 갤럭시s7 골드 64G 박스풀 35만원 ,2017-03-23 20:35:00,갤럭시s7 골드 64G,350000,,,직접거래,판매 상품 사진 및 상세 설명을 적어주세요 판매완료입니다. (대구) 갤럭시s7 골드 64g 입니다. 풀박스인데 박스는 s7 다른 박스로 드립니다.홈버튼 약간의 생활기스 제외하고 A급입니다.원통신사 u+ 입니다. 3사 통신사 유심 끼우면 다 됩니다^^ 저는 SKT통신사 유심 끼우고 썼어요.정상해지했구요.선택약정할인 20% 가능합니다.00만원에 팔구요. 택배시 4천원 예상합니다.네고 문의 답장 안 드립니다. 업자 아니구요. 제가 쓰다가 핑크로 바꾸고 판매합니다.액정보호필름 새거랑 실리콘케이스 새거 하나씩 드립니다.연락주세요. 010-9488-사오이사판매완료입니다.,2017-03-25 14:17:12.0
369420246,339,SKT,갤럭시S4(E300S)화이트 팝니다,2017-03-19 23:53:00,s4팝니다,60000,,,직접거래,"판매 상품 사진 및 상세 설명을 적어주세요 s4(E300S) 32G 팝니다택배비포함 60000원이고, 직거래는 1호선 쌍용역 근처에서 가능합니다. 직거래시 55000원에 판매합니다.옆면에 사용하다 까진자국 있으며 바로개통가능하며 20%할인받으실수 있습니다.박스는 없으며 본체와 제가 사용하던 케이스랑 추가베터리, 검은색 배터리커버, 베터리거치대 있습니다.액정은 처음살때 붙인 필름 한번도 안떼고 사용했습니다.검은색 배터리커버 착용사진 원하시면 문자로 사진 보내드리겠습니다.관심있는분 010-2구41-8칠9구 로 문자주시기 바랍니다.",2017-03-25 13:51:11.0
370282041,339,SKT,LG 지프로 블랙 정상해지폰 팝니다.,2017-03-23 21:07:00,직접거래,8,,,판매자와 직접 연락하세요.,판매 상품 사진 및 상세 설명을 적어주세요 정상해지 공기계 팝니다. 지프로 블랙 직거래는 평택역 아님 택배거래 모두 가능합니다. 뒷면 먼지 묻은거임 ㅎㅎ가격은 8만원 입니다. 구매하실분 연락주셔요010 9475 1159,2017-03-25 14:17:24.0
369797683,339,SKT,아이폰6s 64g 실버s급 판매 리퍼5월까지,2017-03-21 17:32:00,직접거래,46,,,판매자와 직접 연락하세요.,,2017-03-25 14:01:58.0
369538056,339,SKT,갤탭 10.1 (m380k) 와이파이 32g  중고탭 팝니다.,2017-03-20 15:03:00,중고탭입니다.,15,,,직접거래,"갤탭 10.1 (m380k) 와이파이 32g  중고탭 팝니다.기종 : 갤럭시탭 10,.1 (m380k )상태 : 중고품입니다. 생활기스는 있습니다.        액정이 기스없습니다.가격은 15만원입니다.구성품은 삼성정품키보드와 탭으로 구성되어있습니다.안전거래 가능합니다.안전거래시 택배비와 수수료는 구매자 부담입니다.직거래는 대구에서 가능합니다.연락처는 010-6831-4536 입니다.문자나 전화주세요.교환이나 네고문자는 주지마세요.",2017-03-25 13:54:34.0
369538285,339,SKT,아이폰7플러스 32g 리퍼폰 풀박스 팝니다. (매트블랙-구성품미사용),2017-03-20 15:04:00,리퍼폰입니다.,78,,,직접거래,아이폰7플러스 32g 리퍼폰 풀박스 팝니다.구성품은 미사용 입니다.리퍼받아서 초기상태그대로입니다.색상은 매트블랙입니다.가통폰이랑 상태가 같다고 생각하시면 됩니다.안전거래 가능하구요...안전거래시 택배비와 수수료는 구매자 부담입니다.직거래는 대구에서 가능합니다.가격은 78만원입니다.,2017-03-25 13:54:35.0
369538407,339,SKT,아이폰7플러스 128g 미사용 가통폰 팝니다.(매트블랙/핑크골드),2017-03-20 15:04:00,매트블랙이랑 핑크골드입니다.,87,,,직접거래,아이폰7플러스 128g 미사용 가통폰 팝니다. 색상은 핑골/매트블있습니다. 안전거래시 택배비와 수수료는 구매자 부담입니다. 직거래는 대구에서 가능합니다. 가격은 87만원입니다. 연락주세요.,2017-03-25 13:54:35.0
369140799,339,SKT,"아이폰 5S 리퍼비쉬(골드 16기가), 갤럭시 S4 미니(화이트) 팝니다",2017-03-18 13:46:00,직접거래,19,,,판매자와 직접 연락하세요.,"판매 상품 사진 및 상세 설명을 적어주세요 아이폰 5S 리퍼비쉬(골드 16기가), 갤럭시 S4 미니(화이트) 팝니다헬로모바일  SK향.. 나노 유심.. 택배무료185,000원에 팝니다  액정에 따로 구매한 보호필름 붙여서 2주일 정도 사용했고 리퍼 금년 6월 8일까지 남음...구성품 풀박스입니다 (사진상의 폰 놓는 하얀 플라스틱은 없습니다)010 팔사2공 이5공오 (문자 주세요) 서울(종로, 강남, 잠실 , 신촌, 동대문, 천호, 사당 등 서울 근교 수도권 직거래)     갤럭시 s4 미니 (화이트) 팝니다단품입니다  다른 구성품 없음10만원에 팝니다   KT용  택배무료010 팔사2공 이5공오 (문자 주세요) 서울갤럭시 S1 (와이파이용) 팝니다SK 폰인데 유심슬롯이 고장나서 와이파이용이나 부품폰으로 사용 가능합니다 외관 상태는 안좋고 앞은 블랙 뒤는 화이트입니다1만원에 팝니다. 택배비포함 010 팔사2공 이5공오 (문자 주세요)",2017-03-25 13:34:52.0
370111466,339,SKT,sk-기어s 4만원에 가져가세요^^,2017-03-23 02:22:00,보호필름 붙쳐져있고 상태 좋습니다.,40000,,,직접거래,판매 상품 사진 및 상세 설명을 적어주세요 부산 직거래 희망합니다!!부산 덕천or화명동 지하철역 직거래 희망하구요.아니면 남양산 지하철역 까지 만되요^^택배거래시에는 4.5입니다^^상태는 좋구요.보호필름 붙쳐져있습니다.보호필름 한장 남은거 하나 더드립니다.구성품은 사진 그대로 충전독이랑 기어s 2개입니다^^010 6642 4262 전화나문자나카톡주세요^^ㅇ,2017-03-25 14:10:59.0
370111540,339,SKT,"지프로1 배터리, F240",2017-03-23 02:24:00,지프로 배터리,8000,,,직접거래,"판매 상품 사진 및 상세 설명을 적어주세요  미사용제품입니다.2013 5 18일 2개2014 3 14일 1개낱개로 판매는 배송비포함 8000원3개 모두 구매시배송비포함 22000원에 판매합니다.배송은 뽁뽁이 포장하여등기로 보냅니다.직거래는 3개 모두 구입시만 진행합니다.직거래는 청량리, 답십리 위주로 하며시간이 맞으면 영등포 주변에서도 가능합니다.가격은 20000원이고 네고 없습니다.010 4773 1684구입한지 오래된 제품이기때문에A/S센터에서 보증불가입니다.",2017-03-25 14:11:00.0
370111712,339,SKT,sk 브로드밴드 인터넷 명의변경 하실 분 2018년 4월 22일 만료,2017-03-23 02:27:00,명의변경,1234,,,직접거래,"판매 상품 사진 및 상세 설명을 적어주세요 3년 약정으로 2018년 4월 22일 만료인 sk브로드밴드 명의변경 필요하신 분 문자로 연락 부탁드려요월 22,400원 정도 나옵니다.",2017-03-25 14:11:00.0
370111788,339,SKT,A5 2015 화이트 팝니다.,2017-03-23 02:29:00,직접거래,1,,,판매자와 직접 연락하세요.,판매 상품 사진 및 상세 설명을 적어주세요 2개올립니다.휴대폰 단품입니다.부산 직거래 안전거래 합니다.흠집있는 부분만 사진올립니다.나머지 부분은 깨끗해요거래가격은 10만원입니다.선택약정 가능합니다.개통일은 2015년 10월 2일 입니다.궁금하신 점공1공 63공3 공6공2로 연락주세요  휴대폰 단품입니다.선택약정 가능합니다.개통일은 2015년 3월 3일 입니다.부산 직거래 안전거래 합니다.거래가격은 11만원입니다.흠집 없이 깨끗합니다.궁금하신 점공1공 63공3 공6공2로 연락주세요,2017-03-25 14:11:00.0
370113960,339,SKT,아이폰6 16g 스그 팔아요,2017-03-23 03:24:00,아이폰6 16g 스그,250000,,,직접거래,"판매 상품 사진 및 상세 설명을 적어주세요 아이폰6 16g 스페이스그레이입니다박스는 없고 핸드폰, 정품이어폰, 다이소케이블선, 케이스7개(마리몬드1,카카오3,기본2,카드케이스1), 액정보호필름 4장(하드2,소프트2) 핸드폰은 케이스를 항상껴서 나름깨끗한 편인데 사진 더 원하시면 문자보내주세요25만원입니다 택배비 포함이고 직거래하시면 1만원 빼드릴께요 궁금하신것 있으시면 문자주세요 010-3955-일763직거래시 구리/남양주/서울입니다다음주부터는 하남시도 가능합니다.",2017-03-25 14:11:05.0
370114275,339,SKT,"아이폰 충전기, 케이블, 이어팟",2017-03-23 03:32:00,직접거래,3,,,판매자와 직접 연락하세요.,,2017-03-25 14:11:06.0
369809464,339,SKT,갤럭시S7 32G 실버 002,2017-03-21 18:33:00,직접거래,32,,,판매자와 직접 연락하세요.,"초기개통 SK에서 2016년 6월 17일에 했구요,정상해지되었고, 선택약정도 가능합니다~통신사 상관없이 지금 쓰고 계신 나노유심 끼우면 바로 사용가능합니다~SD카드도 들어가서 용량확장가능하구요,번인현상은 없지만 액정이 파손되어서기기만 단품으로 32만원에 판매합니다.액정 파손 이외의 기기작동은 잘 됩니다~외관상태 사진 확인하시고 연락주세요.공일공 오구육사 이공구사너무 늦은 밤이나 새벽엔 답변이 많이 느릴 수 있으니되도록 평일 오후에 연락주시면 감사하겠습니다~직거래는 안양역 근처에서 하구요,시간맞고 약속펑크 안내시면금정역, 군포역, 수원역, 신도림 이동 가능합니다~택배거래, 안전거래도 가능하니 연락주세요~",2017-03-25 14:02:19.0
369809558,339,SKT,아이폰 6플러스 64기가 로즈골드 팝니다,2017-03-21 18:34:00,기스 고장 없구요 리퍼도 한번도 안받은 아이폰 6플러스 팝니다.,40,,,직접거래,판매 상품 사진 및 상세 설명을 적어주세요 기기 상태 양호하구요 고장 한번도 난적 없어서 리퍼 받은적 없습니다. 직거래도 가능하고 원하시면 택배거래도 가능합니다. 택배거래 하고싶으신분은 연락주세요,2017-03-25 14:02:19.0
369541444,339,SKT,갤럭시윈 8기가 4만원 ,2017-03-20 15:18:00,직접거래,4,,,판매자와 직접 연락하세요.,"판매 상품 사진 및 상세 설명을 적어주세요 다른 폰도 판매중이니 닉네임 눌러서 확인해보세요~!1.기종 - 갤럭시윈2.내부저장용량 - 8기가3.가격 - 4만4.통신사 - skt5.외관상태 - b급 상세사진 확인하세요~!외관 이외에 기능상에는 문제 없습니다.6.구성품 - 기기 + 충전거치대 + 추가배터리7.선택약정 - 가능8.직거래지역 - 신설동역, 그외 택배 거래 (착불 발송 됩니다)직거래시 쓰던폰 판매하시고 차액으로 구입 가능하니 문의주시기 바랍니다~!01097466838카톡 - ssanmai",2017-03-25 13:54:39.0
370116077,339,SKT,갤럭시 노트4 화이트 풀박스 팔아요!!,2017-03-23 04:42:00,직접거래,22,,,판매자와 직접 연락하세요.,판매 상품 사진 및 상세 설명을 적어주세요 갤럭시 노트4 화이트 정상해지된 폰 팝니다~정상해지 완료되서 통신사 상관없이 3사 공용사용 가능하구요~선택약정 물론 가능해요!! 실사용을 많이 하진 않아서 외관 사진처럼 정말 깨끗하구요 액정 보호필름 붙이고 사용해서긁힘 전혀 없구요 가격은 21만원입니다~대구 직거래 가능하구 시간 조율만되면 어느정도 이동 가능하구요타지역은 택배거래 가능합니다. 휴대폰 특성상 직접 보시구 결정하시는게 좋을거 같아요~010 5144 2530으로 연락주세요~,2017-03-25 13:23:16.0
369542608,339,SKT,아이폰7_32G 매트블랙 풀박스 A급. 강동구 직거래 판매 합니다.,2017-03-20 15:24:00,하단 상세설명 참고,620000,,,직접거래,"판매 상품 사진 및 상세 설명을 적어주세요 아이폰7 32G 매트블랙 풀박스 판매 합니다.4개월전 LGU+ 개통하여 의무 통화만 완료했습니다.휴대폰과 구성품 모두 실사용 전혀 없이 깨끗합니다.정상해지 완료되어 선택약정20% 요금할인, 확정기변 모두 가능합니다.62만원에 판매하며 5호선 강동역 직거래 가능하니 구입 희망하시면 연락주세요.네고는 정중히 사앙하겠습니다.연락처 O1O-5050-4380",2017-03-25 13:54:44.0
369542623,339,SKT,Btv 상품 양도받습니다. ,2017-03-20 15:24:00,직접거래,1,,,판매자와 직접 연락하세요.,"판매 상품 사진 및 상세 설명을 적어주세요 TV 단독 상품(인터넷 필요없어요~)기본요금제, 월 만원대나오는 걸로 양도 원합니다약정기간은 1년남짓 남은걸루 구합니다양도하실분 연락주세요^^010-6팔6사-팔60육",2017-03-25 13:54:44.0
369143319,339,SKT,<<팝니다>> 초s급 중고 >> 갤럭시그랜드맥스 팝니다. ,2017-03-18 13:59:00,갤럭시그랜드맥스 sk통신사 화이트색상,11,,,직접거래,중고폰입니다완전 깨끗합니다.통신사 sk입니다.갤럭시그랜드맥스 고 가격도 저렴하고 화면도 커서효도폰으로 유명합니다.액정에 기스 및 테두리 찍힘 없구요충전단자쪽만 사용감 있습니다.나머지는 정말 깨끗하고가격은 11만원에 팔고중고테스트 *#7353# 다 했습니다.직거래 강변테크노마트 6층 매장 가능하고선입금 우체국 택배 거래도 가능합니다.문의 010 9298 팔392 문의시간 오전 10시부터 오후 8시입니다.기계단품이고.삼성정품 충전기 세트 추가시 1만원 + 됩니다.  사진참고해주세요~너무깨끗해서 대충찍었네요     구매하실분 문의주세요!B급 갤럭시그랜드맥스도 있습니다B급 가격은 10만원입니다.구매전아래Np통신 페이스북 오셔서 팔로우 하시면 확인후 젤리케이스 및 보호필름 무료로 증정! (재고소진시까지만.)https://www.facebook.com/Np통신-1971966573031552/   판매 상품 사진 및 상세 설명을 적어주세요,2017-03-25 13:43:49.0
370117558,339,SKT,아이폰6s플러스 64g 스페이스그레이 색상 삽니다 ,2017-03-23 05:49:00,아이폰6s플러스 64g 스페이스그레이 색상 삽니다,1,,,직접거래,판매 상품 사진 및 상세 설명을 적어주세요 아이폰6s플러스 스페이스그레이 색상 64G 삽니다 !!다른색상도 파시는분 있으시면 연락주세요~거래 지역은 대구 부산 포항 경주 울산 가능합니다 !택배거래는 안전거래 되시는분 연락부탁드립니다0 1 0  - 7 7 9 1 -  4 6 5 5 로 문자 주세요!,2017-03-25 13:23:18.0
369542817,339,SKT,노트4(N915S) 엣지 액정 금간상태 팝니다 ,2017-03-20 15:25:00,"외관깨끗,유리파손",90000,,,직접거래,SK 정상해지폰입니다유심기변및 확정기변 가능한 공기계폰입니다.20% 요금할인 가능한 단말기입니다.(사진첨부)기능상 전혀 문제없습니다.액정 보호필름 붙어있습니다 액정안쪽으로 실금 몇군대가있는데 (사진첨부) 필름안쪽이라 쓰는데 전혀지장없습니다케이스 끼고써서 외관 베젤쪽 깨끗합니다 구성품:단말기/베터리케이스 가죽지갑케이스 함께드립니다직접오시면 만원네고 가능합니다 서울 도봉구/노원구/강북구 직거래 가능합니다.(세이프유 아이디:kim25438)남에 사진 함부러 가져가서 올리는 사람들때문에제 닉네임과 전화번호 함께 올립니다.010 - 구일팔삼 - 구육이팔 010 - 9183 - 구육이팔90000댓글못보니 전화나 문자부탁드립니다.^^,2017-03-25 13:54:46.0
369145989,339,SKT,아이폰6S 64 로즈골드 a급 판매합니다. 김해직거래[판매점],2017-03-18 14:14:00,기스자국 사진에 조금 있지만 여성분이 쓰던거라 아주 깨끗합니다.,42,,,직접거래,판매 상품 사진 및 상세 설명을 적어주세요 -단품-여성분사용-아주깨끗-생활기스 사진에 첨부-케이스-방탄필름부착,2017-03-25 13:43:58.0
370552535,339,SKT,아이폰7 32G 로즈골드 풀박스 A급 선택약정O 공기계 판매..,2017-03-25 09:00:00,아이폰7 32G 로즈골드 풀박스 A급 선택약정O 공기계 판매..,69,,,직접거래,"I7 로즈골드 32기가 풀박스 상태, 컨디션 최상 정상해지 공기계 팝니다.  &nbsp; 아이폰 한번 써보려고 삿다가 안맞아서 기변하고 판매합니다.  &nbsp; 기계상태 왼쪽상단 기스1개 있습니다 사진확인 그 외 무기스 &nbsp; 구성품 미사용입니다 새포장 그대로 있습니다 추가로 눈꽃패턴젤리케이스 같이 드립니다 &nbsp; SKT, KT, U+ 개통 확정기변, 선택약정 모두 됩니다. 69만원 팝니다.  &nbsp; 서울, 인천, 김포, 부천 직거래 합니다. 그 외 택배거래 안전거래 합니다. &nbsp;  구매하실분 010.2575.일칠공이 문의주세요. 판매되면 글 내려요",2017-03-25 14:28:57.0
370553712,339,SKT,아이폰6 16기가 골드 (인천),2017-03-25 09:09:00,인천 청라,190000,,,직접거래,"아이폰6 16기가 골드 팝니다구성품은 단품이며. 추가로 케이스와 필름 드릴수 있습니다. 직거래 위치는 인천 청라이며, 가까운 서구쪽은 조율후 가능합니다. 19만입니다.(액정도 깨졌는데 비싸다고 하여 내렸습니다. 네고 죄송합니다.ㅜ) 액정 하단 떨어뜨림으로 파손있으며 그 외 잔기스는 없습니다사자마자 케이스 사용하였는데. 얇은 케이스라 떨어뜨리면서 깨졌네요(에어스킨)폰닥터 어플 돌려도 모두 이상없으며. 배터리 상태 91/100 %입니다. 배터리프로 어플. 원하시면 찍어 보내드리겠습니다. 010 삼공78 6369",2017-03-25 14:29:02.0
370123440,339,SKT,루나,2017-03-23 07:48:00,직접거래,14,,,판매자와 직접 연락하세요.,"판매 상품 사진 및 상세 설명을 적어주세요 루나 TG/LUNA TG-L800S 판매구성품 풀구성 생활기스 있습니다.(주변기기 사용무, 충전기만 사용)케이스를 사용하여 비교적 깨끗합니다.(깨지고 큰기스 없음)아내가 쓰던거 저번주 정상해지 하였습니다.직거래는 천안 그외지역 택배가능011-468-567215---&gt;14만원",2017-03-25 14:11:17.0
370128182,339,SKT,갤럭시s6 골드 32기가 싸게 팝니다~~,2017-03-23 08:31:00,갤럭시s6 골드 32기가 싸게 팝니다~~,18,,,직접거래,판매 상품 사진 및 상세 설명을 적어주세요 갤럭시s6 골드 32기가 싸게 팝니다~~액정 위쪽 살짝 금이 있어 싸게 팝니다(사진참고)그외 모든 기능 정상 작동합니다기기 단품이고 kt 지만 통신사 호환됩니다~지역은 인천입니다연락주세요O17-272-일오칠칠,2017-03-25 14:11:26.0
370129124,339,SKT,노트5 실버 32기가 S급 팝니다,2017-03-23 08:39:00,노트5 실버 32기가,35,,,직접거래,노트5 실버 32기가 S급 팝니다단품이며 기스없습니다매장전시용으로 사용한 제품입니다.사진첨부하니 안심번호로 연락주세요.,2017-03-25 13:23:05.0
370129242,339,SKT,갤럭시 노트5 블랙사파이어 32G 판매합니다,2017-03-23 08:40:00,갤럭시 노트5 블랙사파이어 32G 판매합니다,25,,,직접거래,,2017-03-25 13:23:06.0
369543400,339,SKT," S급 SKT LG 워치 어베인2 LTE 팝니다(디버클,심카드 포함)",2017-03-20 15:27:00,1,1,,,직접거래,"일반 모델아닌 LTE 버전이고사진을 잘못찍었는데 전면베젤 보호필름도 안뗀 S급입니다.액정에는 스크래치 방지 필름 부착되어 있고종로 시계방에서 구한 어베인과 딱어울리는 무광메탈 디버클 포함입니다(2만5천원 상당)유심도 따로 사려면 만원내야하는데 필요하시면 사용중인 유심 동봉해 드리겠습니다250,000직거래 교대역(서울). 택배거래시 3천원추가입니다.제 거래내역 확인하고 """"""문자""""주세요. 모르는 번호 전화받지않습니다.",2017-03-25 13:30:10.0
370399324,339,SKT, g5 외관 찍힘있고 액정깨끗한 SK 핑크색 싸게 넘깁니다,2017-03-24 12:42:00,g5,190000,,,직접거래,판매 상품 사진 및 상세 설명을 적어주세요 일단 외관은 그냥 막써서 찍힘하고 기스나고 한게 많아요 근데 액정은 필름해서 깨끗합니다단품으로만 싸게 19에 바로 넘깁니다.  기능이상같은건 1개도없습니다 만약있을시 바로 환불해드리겠습니다.직거래는 신중동역에서만 합니다 010 2021 5607  싸게 파는만큼 네고문자는 하지말아주세요,2017-03-25 14:21:51.0
370133182,339,SKT,SKT겔럭시s3팜 SHV-E210S,2017-03-23 09:04:00,구형 스마트폰 팝니다 SKT 겔S3,30000,,,직접거래,판매 상품 사진 및 상세 설명을 적어주세요,2017-03-25 14:11:37.0
369146277,339,SKT,아이폰 6s 나 아이폰 6s 플러스 삽니다 (대구),2017-03-18 14:15:00,213233,22,,,직접거래,아이폰 6s 나 아이폰 6s 플러스 삽니다 (대구)010-3905-4806아이폰 6s 나 아이폰 6s 플러스 삽니다 (대구)010-3905-4806아이폰 6s 나 아이폰 6s 플러스 삽니다 (대구)010-3905-4806아이폰 6s 나 아이폰 6s 플러스 삽니다 (대구)010-3905-4806아이폰 6s 나 아이폰 6s 플러스 삽니다 (대구)010-3905-4806아이폰 6s 나 아이폰 6s 플러스 삽니다 (대구)010-3905-4806아이폰 6s 나 아이폰 6s 플러스 삽니다 (대구)010-3905-4806,2017-03-25 13:43:59.0
369146355,339,SKT,아이폰 6s 나 아이폰 6s 플러스 삽니다 (대구),2017-03-18 14:16:00,312,4444,,,직접거래,아이폰 6s 나 아이폰 6s 플러스 삽니다 (대구)010-3905-4806아이폰 6s 나 아이폰 6s 플러스 삽니다 (대구)010-3905-4806아이폰 6s 나 아이폰 6s 플러스 삽니다 (대구)010-3905-4806아이폰 6s 나 아이폰 6s 플러스 삽니다 (대구)010-3905-4806아이폰 6s 나 아이폰 6s 플러스 삽니다 (대구)010-3905-4806아이폰 6s 나 아이폰 6s 플러스 삽니다 (대구)010-3905-4806아이폰 6s 나 아이폰 6s 플러스 삽니다 (대구)010-3905-4806,2017-03-25 13:34:46.0
370139942,339,SKT,갤럭시 A5 2017 팝니다. 풀박 3월11일 구매 ,2017-03-23 09:37:00,"330,000",330000,,,"풀박 3월11일 구매 604,000 원공기계로 구매하여, 아이폰 쓰다 안드로이드 적응안되서 많이손해보면서 팝니다. 풀박이며 완전새거에요","● 판매자 : 010-9185-5486● 구매일 : 17.03.11.● 구매처 : 삼성전자 직영점● 구매가격 : 604,000원 기계값 다주고 샀습니다.● 안전거래 : 또는 김해지역 직거래아이폰 쓰다가 안드로이드 적응안되서 많이손해보고 팝니다.박스 풀이며, 구매한지 14일 전 상품 입니다. 요",2017-03-25 14:11:48.0
370140016,339,SKT,SKT 정상해지 삼성 갤럭시 겔럭시 S3 LTE 32GB 페블 블루 판매 SHV-E210S,2017-03-23 09:37:00,SKT 정상해지 삼성 갤럭시 겔럭시 S3 LTE 32GB 페블 블루 판매 SHV-E210S,5,,,직접거래,SKT 정상해지 삼성 갤럭시 겔럭시 S3 LTE 32GB 페블 블루 판매 SHV-E210S부모님이 항상 액정보호 필름 붙이고 다이어리 케이스 사용하면서 가볍게 사용하였던 폰이라 상태 정말 좋습니다배터리도 2개 전부 센터에서 교환 가능할때 교환 하여 상태 좋습니다.5만원에 판매 합니다010 3133 2480 연락주세요안양 직거래 또는 택배거래 추가 4000원사진으로 상태와 구성품 확인 부탁드립니다.,2017-03-25 14:11:49.0
369546791,339,SKT,아이폰7 실버 128GB 상태최상 S급,2017-03-20 15:43:00,아이폰7 실버 128GB 상태최상,650000,,,직접거래,"판매 상품 사진 및 상세 설명을 적어주세요 아이폰7 실버 128GB 입니다기스하나 없는 최상급 상품이구요리퍼기간이랑 정상해지 여부는 아래사진에 있습니다.구성품은 없이 본체랑 박스만있구요직거래는 안동에서 하고유니크로통한 안전거래 가능합니다.650,000원관심있으신분은010-5025-8606문자주세요",2017-03-25 13:54:55.0
369547931,339,SKT,아이폰 6s 16기가 핑크골드 ,2017-03-20 15:48:00,직접거래,32,,,판매자와 직접 연락하세요.,판매 상품 사진 및 상세 설명을 적어주세요(분당)아이폰 6s 16기가 핑크골드 32만원 판매합니다.기기만 팔아서 싸게 내놓습니다.생활기스도 거의 없구요 배터리 교체 대상이라 유베이스에서 무료 배터리 교채해서 배터리도 빵빵합니다.SKT 기기이구요 유심있으면 다른 통신사도 사용하실 수 있습니다.네고는 사양하겠습니다.  판매 상품 사진 및 상세 설명을 적어주세요   판매 상품 사진 및 상세 설명을 적어주세요   판매 상품 사진 및 상세 설명을 적어주세요,2017-03-25 13:30:06.0
369549076,339,SKT,아이폰6 골드 64기가 팝니다.,2017-03-20 15:53:00,직접거래,250000,,,판매자와 직접 연락하세요.,"판매 상품 사진 및 상세 설명을 적어주세요 사용감 많이 없구요~미세한 찍힘 두어곳 있습니다.사진상 잘 찾아보시면 보일락 말락 합니다.상태는 s급입니다..25만원이구요,혹시 택배거래는 착불입니다.직거래 서울 강서구 등촌동이구요010-5150-3357 문자 바랍니다.",2017-03-25 13:55:01.0
370141047,339,SKT,2G/3G폰 피처폰 HTC 와일드 파이어(Wildfire) 25000원 팝니다.,2017-03-23 09:42:00,직접거래,1,,,판매자와 직접 연락하세요.,,2017-03-25 13:22:58.0
370141667,339,SKT,"LG G4 화이트 팝니다. (11만, 찍힘없음 생활기스)",2017-03-23 09:44:00,"LG G4 화이트 팝니다. (11만, 찍힘없음 생활기스)",110000,,,직접거래,,2017-03-25 13:22:59.0
370143269,339,SKT,A7 2016 화이트 풀박(이어폰제외) 영등포 24만원,2017-03-23 09:51:00,원래 박스는 아닙니다.,240000,,,직접거래,A7 2016 화이트 이어폰제외 풀박스.,2017-03-25 14:11:54.0
369146507,339,SKT,아이폰6 64gb 스페이스그레이,2017-03-18 14:16:00,직접거래,300000,,,판매자와 직접 연락하세요.,"제품명: 아이폰6 64gb 스페이스그레이 판매 가격: (가격 유도 및 경매 금지) 300,000원 연락처: 01099458753 거래방법 및 지역: 직거래 4호선 한대앞 or 택배 제품사양 및 외관상태: 아이폰 6 64기가 외관상태 사진참고 보증기간: 만료아이폰6 64gb 스페이스그레이여분의 케이블 (긴거, 짧은거) 두개, 카카오 라이언 케이스 같이 드립니다.20% 요금할인 가능한 단말기 입니다. 사진으로 상태 확인 부탁드립니다.직거래는 주말에만 가능합니다전화는 못받는 시간이 많으니 문자 남겨주세요.  판매 상품 사진 및 상세 설명을 적어주세요",2017-03-25 13:34:47.0
369149938,339,SKT,G5 핑크색상 판매합니다.,2017-03-18 14:34:00,G5,28,,,직접거래,판매 상품 사진 및 상세 설명을 적어주세요 기종: g5색상: 핑크통신사: sk 3사 유심기변 가능합니다.기능: 이상없음액정: 이상없음용량: 32기가외관: 하단부 찍힘 생활기스 있습니다.구성품: 충전기가격: 28만원직거래: 목포  그외 택배거래 유니크로 안전거래 가능합니다.구매하시는 모든 제품들은 기능검수가 끝난 안전한 제품입니다.구매후 7일이내에 고객기능상 문제가 있으면 교환 환불 가능합니까 걱정하지마시고 문의주세요~목포 분들은 매장에 오셔서 직접 확인하셔도 되구요다른 기종들 많이 있으니까 문의 주세요~연락처: 010-8947-3433  공1공 8구사7 3사33 카톡 아이디: HowUFeel,2017-03-25 13:44:07.0
369150013,339,SKT,모빙 선불폰 개통(모든 선불 통신사 충전 가능)합니다~,2017-03-18 14:34:00,선불폰,1,,,직접거래,판매 상품 사진 및 상세 설명을 적어주세요 모빙 선불폰 개통합니다~남녀노소 외국인 신용불량 누구나 가능합니다~~선불폰 모든통신사 충전도 가능합니다~언제든지 문의주세요~~010-8947-3433010-8947-3433 으로 문의 주세요~~공1공 8구사7 3사33 카톡 아이디 HowUFeel,2017-03-25 13:44:07.0
369151391,339,SKT,★노트5 실버 32기가 팜 !서울 도봉구 노원구 강북구 의정부 직거래!,2017-03-18 14:42:00,노트5 실버,35,,,직접거래,판매 상품 사진 및 상세 설명을 적어주세요 안녕하세요 노트 5 실버 s급팝니다.서울 도봉구 노원구 강북구 의정부 직거래 합니다.외관 테두리 찍힘 기스 전혀 없이 완전 깨끗한 상품입니다.모든 기능 이상없이 정상작동합니다.구성품은 급속 충전기와 케이스 함께 드려요.20프로 선택약정 가능한 물건입니다.안전거래 택배거래 가능합니다 가격은 35만원 입니다.통신사 어디든 유심만 꽂으면 바로 사용 가능한 제품입니다.아무때나 연락 주세요010 3065 6599카톡 : nky011,2017-03-25 13:44:10.0
369551587,339,SKT,아이폰6s 골드 64기가 A급,2017-03-20 16:05:00,직접거래,1,,,판매자와 직접 연락하세요.,,2017-03-25 13:55:08.0
369551913,339,SKT,갤럭시 A500S s급 팝니다.,2017-03-20 16:07:00,직접거래,14,,,판매자와 직접 연락하세요.,판매 상품 사진 및 상세 설명을 적어주세요 갤럭시 A500S sk용입니다.사진에서 확인하시다 시피 외관 기스 없는 최상급입니다.안전거래사이트에 올려놨으니 사진 클릭하셔서 거래 가능하세요.문의는 010-74오사-9팔ㅇㅇ으로 주세요.,2017-03-25 13:55:08.0
369289632,339,SKT,"(인천직거래)갤럭시s4나,노트2~3네오구입합니다.",2017-03-19 11:32:00,갤럭시s4,8,,,직접거래,"(인천직거래)갤럭시s4나,노트2~3네오구입합니다.  상태에따라 4~7만원에 구입합니다. 인천 부평역 직거래로 구입하구요 sk,kt 다구입합니다 010 4680 4653연락주세요.",2017-03-25 13:47:37.0
369552461,339,SKT,* LG X스크린 팝니다 * 스마트폰,2017-03-20 16:09:00,1,1,,,직접거래,"X스크린 3개월 의무사용끝난 폰 팝니다. 정상해지완료 검정색이며 상태 S급 기스없습니다. 풀박스 입니다. LG, SK, KT 사용 가능하며 정상해지 상태라 선택약정 할인 가능합니다 옆에, 뒷면 테두리 비닐도 안뜯었습니다. 보호필름 붙여있고 케이스 드립니다. 9만원에 판매하며 안전번호로 문자주세요 !!! 구미직거래&amp;타지 택배(착불) 입니다.",2017-03-25 13:55:09.0
369552565,339,SKT,SK S6 32G 화이트 유심기변용 공기계 싸게 팝니다 ,2017-03-20 16:10:00,직접거래,23,,,판매자와 직접 연락하세요.,판매 상품 사진 및 상세 설명을 적어주세요     SK S6 32G 화이트 유심기변용 공기계 팔아요 유심기변 공기계라 선택약정/확정기변 불가능한 공기계 입니다사진처럼 테두리에 큰찍힘 기스 없고 하단부분에 작은 찍힘 있습니다  구성품은 인터넷으로 구매한 usb케이블 일반충전기 케이스 같이 드리고요 필름도 새걸로 깨끗이 붙여서 드릴께요  ^^혹시라도 구매 하시고 일주일안에 기능 문제 있으면 환불 해드릴께요15년 5월 개통했어요 무상 A.S기간은 끝났습니다 23 만원  팝니다 에눌은 힘들어요    직거래는 여수 순천 광양 가능하고 그외지역은 택배/안전거래 가능합니다 문의는 010 8564 0209 전화나 문자 주세요,2017-03-25 13:55:10.0
369553105,339,SKT, LG G4 판매합니다. [A+급. 배터리3개. 거치대. 충전기],2017-03-20 16:12:00,직접거래,19,,,판매자와 직접 연락하세요.,"판매 상품 사진 및 상세 설명을 적어주세요 LG G4 판매합니다.통신사는 LGU+ 입니다만, 3사 모두 사용 가능합니다.아래 사진 구성처럼 판매하며,상태는 정말 좋습니다.미금쪽 직거래 가능합니다.제품에 자신 있는 만큼 택배거래는 생각하고 있지 않습니다.사진 원본으로 충분히 올렸습니다. 참고 부탁드리며,액정은 구입후 바로 보호필름을 붙여두었기때문에 제거하시면 보다 깨끗하게 사용하실 수 있습니다.금액은 19만원 / OlO. 8e6O. 73ee뒷커버.실제로는 이색보다 조금더 진한브라운입니다.제품 상단.제품 측면.제품 하단.충전 거치대는 한번에 본체와 배터리를 통시에 충전할수있는 거치대입니다.카메라 테두리쪽 긁힌자국있고제품에서 가장 큰 흠집입니다.왼쪽 상단에 있습니다. [1mm]",2017-03-25 13:30:02.0
370144504,339,SKT,아이폰&삼성중고폰&가개통폰등 (삽니다. 내용참조),2017-03-23 09:56:00,아이폰& 중고폰&가개통폰삽니다.,1004,,,직접거래,아이폰 중고폰 최고가매입!! ( 중고.파손폰.가개통.다매입가능합니다 )아이폰 파손폰(락걸린제품&amp;부품폰)매입합니다.  아이패드 전기종(액파등) 매입합니다. 삼성.lg.스카이외. 안드로이드폰 매입합니다.(중고&amp;박스폰등 매입가능!) 대구직거래가능! 타지역분도 가능! (타지역 선택배후. 검수후입금가능하십니다) 대구지역내방문또는 퀵서비스( 검수후 입금가능하세요 )  분실.도난폰은 매입하지않습니다. ( 문의주지도마세요! ) 010-7519-4422 문자&amp; 문의주세요. 감사합니다.세요,2017-03-25 14:11:58.0
370144567,339,SKT,아이폰7~7+ 락걸린제품&부품폰삽니다.내용참조 !,2017-03-23 09:56:00,삽니다.,1004,,,직접거래,아이폰7 (락걸린제품&amp;부품용) 1대삽니다. 아이폰7+(락걸린제품&amp; 부품용)1대삽니다. 대구직거래가능! 타지역 택배거래가능! 010-7519-4422 문자&amp;연락주세욤!,2017-03-25 14:11:59.0
370145690,339,SKT,갤럭시 노트 3 블랙 본체 + 배터리팩 일체 판매합니다.,2017-03-23 10:01:00,12갤럭시 노트 3 블랙 본체 + 배터리팩 일체 판매합니다.,12,,,직접거래,"갤럭시 노트 3 블랙 본체 + 배터리팩 일체 판매합니다.정상 해지된 단말기이며유심 기변 또는 선택약정을 통한 20% 요금할인 까지 적용 가능합니다단말기는 SK 단말기 이며, SK KT 호환 가능합니다.모든 버튼 및 실 사용 문제 전혀 없으며항상 필름을 붙이고 다녔기 때문에, 액정에 따로 문제 될 부분은 없습니다.본체 + 배터리 팩 일체 판매하며직거래 또는 택배거래 모두 가능합니다연락처는 010-사사사사-팔오일오 이며직거래 위치는 명지대 정문 앞에서 가능합니다.가격은 12만원입니다.",2017-03-25 13:22:51.0
369553177,339,SKT,갤럭시s5 skt lte 신동급 팝니다,2017-03-20 16:12:00,32기가 갤럭시 S5,100000,,,직접거래,"SK 갤럭시 S5 32G 판매합니다업무용으로 사용해서 상태 굉장히 좋습니다,정상해지 초기화 해놓은 상태입니다,개인적으로 사용하려고 했으나 통신사가 달라 어쩔수없이 판매합니다,아무리 깨끗하고 S급이라고 하지만사용감이 있는건 어쩔수없는거겠죠?휴대폰,배터리1개외에 다른건 없습니다,그냥 휴대폰만 필요한분~10만원에 판매합니다, 연천,전곡에 직거래 희망합니다.택배로 받으실분은 실사사진 찍어 보내드리겠습니다.참고로 충전하는곳 마개가 없으니 A/S점에서 수리해서 사용하시면 됩니다사이드 옆부분 흠집하나없으며 유리 찍힘 있는곳 외에는 상태좋습니다,문자나 전화 밤 12시까지만 주세요 010-57오칠-일구19택배 받으실분은 103,500원 보내주시면 됩니다 판매 상품 사진 및 상세 설명을 적어주세요",2017-03-25 13:30:02.0
370396663,339,SKT,"SKT 노트엣지 블랙 32G 판매합니다. *확정기변, 선택약정 가능*",2017-03-24 12:30:00,직접거래,250000,,,판매자와 직접 연락하세요.,"판매 상품 사진 및 상세 설명을 적어주세요 SKT 노트엣지 블랙 색상 판매합니다.정상 해지된 제품이며, 확정기변 선택약정 가능합니다.센터에서 액정 교체, 배터리 새것으로 교환 받았기 때문에 액정은 물론 테두리까지도 초기필름이 붙여져 있습니다.구성은 휴대폰 박스 풀셋 + 배터리 2개(추가구입,새것), 배터리 거치대2개(추가구입,1개 사용 1개 미사용) + 사제 케이스2개(새것) + 정품 플립 커버 1개(새것) 입니다. (총 배터리 3개이며 모두 새것)무상 as기간은 이번달 까지입니다.거래는 서울 상봉역 직거래이며, 개인 거래상 환불은 불가합니다. 빠른 거래 환영합니다. 연락주세요!",2017-03-25 14:21:43.0
370396741,339,SKT,sk 갤럭시7엣지 박풀에이급삽니다,2017-03-24 12:30:00,sk 갤럭시7엣지 박풀에이급삽니다,45,,,직접거래,"판매 상품 사진 및 상세 설명을 적어주세요 sk 갤럭시7엣지 박풀에이급삽니다sk 확정기변 가능한 것이로 깨끗한거 강남, 한남 인근에서직거래로 삽니다또는 제자가지고있는 아이폰6s 핑크골드 64기가 와 조건상의후교환합니다010-4057-7077",2017-03-25 14:21:45.0
369297196,339,SKT,"정상해지 미사용 갤럭시 폴더 블랙,화이트 18만원에 팔아요~~",2017-03-19 12:12:00,직접거래,18,,,판매자와 직접 연락하세요.,"판매 상품 사진 및 상세 설명을 적어주세요 정상해지됐구요,,색상 블랙 화이트 있구요..18만원입니다..의무통화 후 보관하고 있습니다..현재 2대씩 있어요..KT용 블랙도 있습니다..직거래 선호하구요..장한평, 잠실, 강동, 송파, 강남, 성남, 분당, 용인, 수원은 영통홈플러스까지만 가능합니다..혹시라도 택배하실 분은 선입금 착불입니다..공.일.공. 이.칠.육.이. 6팔7구 로 연락주세요..^^",2017-03-25 13:33:11.0
369117469,339,SKT,갤럭시S7엣지 실버 외관찍힘없는 S급팔아용~ 인천직거래가능해용~,2017-03-18 11:43:00,갤럭시S7엣지 실버 외관찍힘없는 S급팔아용~ 인천직거래가능해용~,45,,,직접거래,"외관 찍힘 , 기스 전혀없는 S급입니다최초통화일 : 2016.04.26통신사 상관없습니다 (3사호환)정상해지X 유심만 끼우시면 바로사용가능문제생길일 절대없습니다~ 보장 !!가격 : 45 (직거래 선호합니다~)인천구월직거래 가능 . 택배거래 가능010-7247-6943 전화나 문자쥬세요~",2017-03-25 13:43:00.0
369117496,339,SKT,(판매완료) sk 갤럭시 A5 (a500) 16기가 11만원,2017-03-18 11:43:00,직접거래,11,,,판매자와 직접 연락하세요.,"판매 상품 사진 및 상세 설명을 적어주세요 ##필독##예약 취소가 많아 입금 순으로 거래를 진행하고 있습니다.예약 문의는 안받습니다.1.기종 - A52.내부저장용량 - 16기가3.가격 - 11만4.통신사 - sk5.외관상태 - 사진보시면 아시겠지만전체적으로 깔끔합니다!6.구성품 - 기기단품7.직거래지역 - 신설동역, 그외 택배 거래 (착불 발송 됩니다)직거래시 쓰던폰 판매하시고 차액으로 구입 가능하니 문의주시기 바랍니다~!01097466838카톡 - ssanmai   판매 상품 사진 및 상세 설명을 적어주세요",2017-03-25 13:43:00.0
369118653,339,SKT,(판매완료) 엘지 클래스 class 16기가 7만원 S급,2017-03-18 11:49:00,직접거래,7,,,판매자와 직접 연락하세요.,"판매 상품 사진 및 상세 설명을 적어주세요 다른 폰도 판매중이니 닉네임 눌러서 확인해보세요~^^##필독##예약 취소가 많아 입금 순으로 거래를 진행하고 있습니다.예약 문의는 안받습니다.1.기종 - 클래스2.내부저장용량 - 16기가3.가격 - 7만4.통신사 - sk5.외관상태 - 정말 깨끗한 상품입니다.새것 같은 느낌 받으실 수 있어요~!6.구성품 - 기기단품7.직거래지역 - 신설동역, 그외 택배 거래 (착불 발송 됩니다)직거래시 쓰던폰 판매하시고 차액으로 구입 가능하니 문의주시기 바랍니다~!파손폰도 매입가능! (단, 화면이 켜지지않을 시 x)01097466838카톡 - ssanmai",2017-03-25 13:35:09.0
369118712,339,SKT,(판매완료) gpro2 지프로2 24기가 7만원 B급,2017-03-18 11:49:00,직접거래,7,,,판매자와 직접 연락하세요.,"판매 상품 사진 및 상세 설명을 적어주세요 다른 폰도 판매중이니 닉네임 눌러서 확인해보세요~^^##필독##예약 취소가 많아 입금 순으로 거래를 진행하고 있습니다.예약 문의는 안받습니다.1.기종 - gpro22.내부저장용량 - 243.가격 - 7만4.통신사 - sk5.외관상태 - 외관 상태는 비교적 깔끔하지만액정에 노란색 줄이 있어서 저렴하게 판매합니다.사진보다 조금 더 진하다고 보시면 돼요!6.구성품 - 기기단품7.직거래지역 - 신설동역, 그외 택배 거래 (착불 발송 됩니다)직거래시 쓰던폰 판매하시고 차액으로 구입 가능하니 문의주시기 바랍니다~!파손폰도 매입가능! (단, 화면이 켜지지않을 시 x)01097466838카톡 - ssanmai",2017-03-25 13:35:10.0
369119023,339,SKT,SKT 스타일러스2티탄 가개통 2월23일 케이스필름 17만 대구,2017-03-18 11:51:00,가개통 미사용 유심기변,170000,,,직접거래,미사용 가개통 유심기변용입니다. 유심넣고 사용하시면됩니다. 함께 받은 투명케이스 필름 함께 드립니다. 거래많으니 안심하시고 거래 하셔두 됩니다. 대구직거래 택배선입금거래 가능합니다. 17만원  010 5534 8463 공일공 오오삼사 팔사육삼,2017-03-25 13:35:12.0
369127165,339,SKT,갤럭시 노트4S(SM-N916S) 판매합니다. ,2017-03-18 12:31:00,정상해지 완료 공기기,22,,,직접거래,"판매 상품 사진 및 상세 설명을 적어주세요 한순간도 케이스에서 빼놓지 않은 특S급 정상해지 완료 공기기입니다.구성품은 본체+배터리팩+추가 배터리 1 + 지갑 케이스 입니다.가격은 22만입니다.직거래는 대전 유성에서 가능하며, 그 외 지역은 택배 거래 가능합니다.(착불)대전에서도 유성 이외 지역은 퀵으로 보내드립니다. (착불)010-4437-0279 근무중이라 전화 못받을 수 있으니 문자부터 주세요",2017-03-25 13:43:23.0
369129265,339,SKT,"메인보드 판매, 교체, 수리합니다.",2017-03-18 12:42:00,직접거래,1,,,판매자와 직접 연락하세요.,,2017-03-25 13:35:03.0
369129494,339,SKT,"삼성갤럭시S5 새것같은폰-SSS급-""풀박스""로 판매해요",2017-03-18 12:43:00,직접거래,18,,,판매자와 직접 연락하세요.,"SK/KT/LG 삼성갤럭시5(G900/G906) 풀박스로 판매합니다.색상은 화이트/블랙/화이트골드/블랙골드 색상있습니다.(G906 또는 베젤 골드 색상은 1만원추가)판매가격은 18만원 입니다케이스를 새걸로 모두 교체하여 생활기스가 전혀없으며,외관상은 사진으로 보시는것과같이 새것과 동일하다고 보시면 됩니다!기기도 정검을 모두 하여 안전하게 사용하실수 있구요,현사용중인 유심만 꽂아 바로 사용 하실수 있습니다.구매시 사은품으로젤리케이스,액정스티커 드려요~(풀박스 구성품은 사은품 이므로 불량시 교환안됩니다.)직거래.안전거래.택배 모두 가능하며,직거래시 경산.대구 가능합니다.(대구는 경산인근만 가능함)자세한 문의는 전화.카톡모두 실시간 문의주세요.카톡문의----&gt;MINYUL85",2017-03-25 13:35:03.0
369129718,339,SKT,"삼성갤럭시S4 새것같은폰-SSS급-""풀박스""로 판매해요",2017-03-18 12:45:00,직접거래,13,,,판매자와 직접 연락하세요.,"SK/KT/LG 삼성갤럭시4(E300/E330)풀박스로 판매합니다.색상은 화이트/블랙 색상있습니다.(E330 lte-a 모델은 1만원추가)판매가격은 14만원 입니다케이스를 새걸로 모두 교체하여 생활기스가 전혀없으며,외관상은 사진으로 보시는것과같이 새것과 동일하다고 보시면 됩니다!기기도 정검을 모두 하여 안전하게 사용하실수 있구요,현사용중인 유심만 꽂아 바로 사용 하실수 있습니다.구매시 사은품으로젤리케이스,액정스티커 드려요~(풀박스 구성품은 사은품 이므로 불량시 교환안됩니다.)직거래.안전거래.택배 모두 가능하며,직거래시 경산.대구 가능합니다.(대구는 경산인근만 가능함)자세한 문의는 전화.카톡모두 실시간 문의주세요.카톡문의----&gt;MINYUL85",2017-03-25 13:43:27.0
369129842,339,SKT,갤럭시 S3 3G 16기가 흰색 (5만원),2017-03-18 12:45:00,갤럭시 S3 3G 16기가 흰색  판매합니다.,50000,,,직접거래,"판매 상품 사진 및 상세 설명을 적어주세요 갤럭시SKT용 S3 3G 16기가 판매합니다.상태는 사진에서 보는봐와 같이 찍힘 없이 깨끗합니다.직거래 원합니다.주말,휴일에는 서울 목동. 평일에는 여의도역에서 거래원합니다.가격은 5만원입니다.연락처 : 010 -3이육2 - 1사일2",2017-03-25 13:43:28.0
369130987,339,SKT,넥서스(Nexus) 5X 32g 블랙 팝니다.,2017-03-18 12:52:00,구글 순정 안드로이드폰 넥서스 5X 32G 블랙입니다.,140000,,,직접거래,"안녕하세요?사용하던 넥서스 5X 팝니다.가격은 14만, 상태는 A급, 풀박스입니다.선택약정 가능합니다.주말에는 서울시 강서구, 주중에는 나주혁신도시에서 직거래 합니다.",2017-03-25 13:43:30.0
369135176,339,SKT,"갤럭시 S6엣지 skt 액정파손 11만원 (주말 파주, 평일 방배) ",2017-03-18 13:15:00,갤럭시 S6엣지 skt 액정파손,11,,,직접거래,"판매 상품 사진 및 상세 설명을 적어주세요        액정 파손된 상품입니다. 다른 모든 기능은 정상이며정상해지 확정기변 가능폰입니다.(20%약정 가능)구성품은 마지막 사진입니다.다이어리 케이스 1주일정도 사용한 새제품입니다.주말 일산, 파주, 평일 2호선 방배역에서 가능합니다.택배 가능합니다.연락주세요",2017-03-25 13:34:58.0
369560727,339,SKT,갤럭시 노트5  A+급 판매합니다 수원서 직거래 원해요~,2017-03-20 16:48:00,직접거래,35,,,판매자와 직접 연락하세요.,"갤럭시 노트5 판매합니다~사진과 동일하게 흠집은 거의 없는 상태로 깨끗합니다.수원에서 직거래 원하며 오산도 가능합니다.기기, 충전기, 박스, 이어폰, 강화필름 구성품입니다.35만에 일괄 판매하며, 직접오시면 차비 빼드릴 수 있습니다~010-2462-1324 로 연락부탁드립니다.       판매 상품 사진 및 상세 설명을 적어주세요",2017-03-25 13:55:24.0
369561783,339,SKT,아이폰6S 64 로즈골드 a급 판매합니다. 김해직거래[판매점],2017-03-20 16:53:00,기스자국 사진에 조금 있지만 여성분이 쓰던거라 아주 깨끗합니다.,42,,,직접거래,판매 상품 사진 및 상세 설명을 적어주세요 -단품-여성분사용-아주깨끗-생활기스 사진에 첨부-케이스-방탄필름부착,2017-03-25 13:55:26.0
369562405,339,SKT,A급 갤럭시J3 2016 8G 화이트 001,2017-03-20 16:57:00,직접거래,15,,,판매자와 직접 연락하세요.,"판매 상품 사진 및 상세 설명을 적어주세요 2016년 6월 30일 SK에서 초기개통,정상해지되었고, 선택약정도 가능합니다~통신사 상관없이 지금 쓰고 계신 마이크로유심 꽂으면 바로 사용가능합니다~번인현상이나 파손 된 곳없는 A급 기기입니다~거의 새것이라 봐도 무방할정도로 깨끗하구요,기기만 단품으로 15만원에 판매합니다~지역은 안양이기 때문에 우선적으로 안양역 근처에서 직거래합니다~시간 맞고 약속 펑크만 안내시면금정역, 군포역, 수원역, 신도림 이동가능합니다~~~택배거래, 안전거래도 가능하니 연락주세요~공일공 오구육사 이공구사늦은 밤이나 새벽, 일요일엔 답변이 많이 느릴 수 있으니되도록 평일오후에 연락주세요~",2017-03-25 13:55:28.0
369136351,339,SKT,아이폰6 골드 16G 팝니다.,2017-03-18 13:21:00,아이폰6 골드,160000,,,직접거래,"14년 말쯤에 구입하였습니다.완납폰이구요. 휴대폰 상태는 다음과 같습니다. 휴대폰 상태1. 풀박 (이어폰O, 정품콘센트O, 정품케이블X)2. 작은 찍힘 3군대, 뒷면 약간의 색 까짐3. 액정 약간의 생활기스4. 나머지는 다 멀쩡합니다.거래는 직거래나 택배거래 둘다 가능합니다. 지역은 서울 낙성대쪽입니다. 문자주세요 010-46칠사-팔123",2017-03-25 13:43:39.0
369137745,339,SKT,갤럭시 S7 엣지 32G 실버 팝니다.,2017-03-18 13:29:00,직접거래,430000,,,판매자와 직접 연락하세요.,,2017-03-25 13:43:41.0
370103609,339,SKT,아이폰6s플러스 64G 스페이스그레이 삽니다 ,2017-03-23 00:43:00,아이폰6s플러스 64G 스페이스그레이,1,,,직접거래,판매 상품 사진 및 상세 설명을 적어주세요 아이폰6s플러스 스페이스그레이 색상 64G 삽니다 !!다른색상도 파시는분 있으시면 연락주세요~직거래 지역은 대구 부산 포항 경주 울산 가능합니다 !택배거래는 안전거래 되시는분 연락부탁드립니다0 1 0  - 7 7 9 1 -  4 6 5 5 로 문자 주세요!,2017-03-25 14:10:52.0
369138016,339,SKT,(판매완료)skt데이터 1기가당 3000원에 판매합니다.,2017-03-18 13:30:00,직접거래,3000,,,판매자와 직접 연락하세요.,,2017-03-25 13:43:42.0
369140188,339,SKT,6s 64g 로즈골드 리퍼폰 판매합니다(판매완료),2017-03-18 13:42:00,리퍼폰,54,,,직접거래,6s 64g 로즈골드 리퍼폰 판매합니다리퍼받고 초기필름 제거도 안한상태입니다리퍼폰이니 상태는 말씀 안드리겠습니다54만에 판매합니다평택역직거래가능합니다 저녁8이후 오산~병점까지 거래가능합니다010 5028 9594 판매 상품 사진 및 상세 설명을 적어주세요,2017-03-25 13:43:47.0
369140475,339,SKT,[판매점] 아이폰6 64 골드 정상해지 김해 직거래 팝니다.,2017-03-18 13:44:00,생활찍힘기스 있으나 폰상태라든지 외에 너무깨끗합니다.,29,,,직접거래,판매 상품 사진 및 상세 설명을 적어주세요,2017-03-25 13:34:51.0
369140506,339,SKT,SKT 갤럭시 그랜드 화이트 색상 판매합니다.,2017-03-18 13:44:00,색상 화이트,50000,,,직접거래,판매 상품 사진 및 상세 설명을 적어주세요  제품명:갤럭시그랜드통신사:SK하자없음상태:A급직거래 경기도 부천시 여월동택배거래:가능중고나라 LV3 우수회원연락처는 상단에 기재되어있습니다.판매자 아이디 클릭하시면 거래내역 확인 가능합니다.,2017-03-25 13:34:52.0
