,ID,카테고리_ID,카테고리명,제목,등록날짜,거래구분,판매금액,제품설명,지불방법,배송방법,상세설명,수집날짜
47,367110778,333,출산/임부용품,다이치 듀웰 II오가닉 카시트 _ISOFIX모델아님,2017-03-08 15:58:00,"설명서, 사이드쿠션, 인너시트, 어깨패드, 쿨시트(여름용)",60000,,,직접거래,"* 상  품  명: 다이치 듀웰 II오가닉 카시트* 구매시기 : 2014년* 구매가격 : 30만원후반대* 판매가격 :  6만원* 사용빈도 : 앉힌거는 10번도 정도 명절때만 ..이용했어요* 상      태 : 여아가 사용했고 앉는 걸 싫어해서 안고 태우고 다녀서 얼룩없이 꺠끗합니다. 시트는 얼마전에 빨아는 두었는데                   일주일전에 주니어시트로 갈아타서 내어 놓습니다. 사진 참고하시기 바랍니다,                   안내책자는 차에서 굴러 다녀서 찢겨져 있습니다. * 구성품: 설명서, 사이드쿠션, 인너시트, 어깨패드, 쿨시트(여름용)* 거래방법:  직거래(동탄) 판매 상품 사진 및 상세 설명을 적어주세요",2017-03-25 14:59:00.0
667,367070478,333,출산/임부용품,해피테일즈 바디필로우 팝니다,2017-03-08 12:59:00,직접거래,47000,,,판매자와 직접 연락하세요.,"판매 상품 사진 및 상세 설명을 적어주세요 해피테일즈 바디필로우 팝니다.사용은 한 번 뜯어본게 다구요.선물용으로 하나가 더 들어와서 판매합니다.상태는 새것과 다름없습니다.010-3776-0929로 연락주세요.가격은 택배비포함 47,000원입니다.",2017-03-25 14:59:11.0
900,367111547,333,출산/임부용품,"스카프빕,인견때수건,입체마스크,쁘띠스카프,블랭킷,엘리펀트이어스목쿠션,어린이집수건",2017-03-08 16:02:00,"스카프빕,인견때수건,입체마스크,쁘띠스카프,블랭킷,엘리펀트이어스목쿠션,어린이집수건",1111,,,직접거래,"스카프빕,인견때수건,입체마스크,쁘띠스카프,,,블랭킷, 엘리펀트이어스 목쿠션, 어린이집수건어린이집,유치원 고리수건 3,500원  (3장 만원) 면 스카프빕 3장 만원 (성인용 4,000원) 양면 스카프빕 4,000원  쁘띠스카프 4,000원 인견때수건 2,000원  (3장 5천원)  ​​입체마스크 3,500원 (성인용 4,500원) ​라지블랭킷  (105x85cm) **극세사안감   가격문의 **양털안감​엘리펀트이어스st. 목쿠션 7,000원 상우맘 010-8244-0711카톡  greenknit          ​돌전아기 스카프빕 매는법~------모든제품은 스카프빕원단에서 고르시면되요-------​    ----------신상추가-----------",2017-03-25 15:07:04.0
1640,367073699,333,출산/임부용품,BYC수유브라및 산전용거들과 팬티,2017-03-08 13:13:00,매장폐업관계로 정리하는것입니다.,10,,,직접거래,"판매 상품 사진 및 상세 설명을 적어주세요 BYC수유브라와 산전거들및 팬티를 세종시 조치원읍 BYC매장폐업관계로  저렴한 가격에 드립니다. (내복및 각종제품문의) 5만원이상 택배무료문의 ㅇ1ㅇ-9396-12ㅇ6산전용 거들 사이즈는 70.75사이즈 두종류있어요.가격  20,000원 사이즈 참고 하세요. 70사이즈 허리둘레 70 엉덩이 90                            75사이즈 허리둘레 75 엉덩이 95임산부전용팬티  5,000원수유브라   15,000 원 (색상및 사이즈는 문의해주세요. 사진보내드릴게요) 아빈나수유브라 6,000원",2017-03-25 14:59:14.0
1722,367074778,333,출산/임부용품,"하이베베(2016년6월제조,신형), 태아심박동기,  hi bebe 팝니다. ",2017-03-08 13:18:00,"2016년 6월제조 신형. 작년10월에 너무 늦게사서 3회밖에 사용못하고, 초음파젤 80%이상 남아있습니다. 설명CD도 그대로 있고, 네고없고, 사용감 없습니다. 사실분들만 연락주세요. 서울 직거래 선호하고,택배는 편의점택배 착불만 가능합니다. 010-사65사-007이",50000,,,직접거래,판매 상품 사진 및 상세 설명을 적어주세요,2017-03-25 14:59:15.0
2185,367076418,333,출산/임부용품,스토케 익스플로리 저렴하게 가져가세요~,2017-03-08 13:25:00,스토케,40000,,,직접거래,판매 상품 사진 및 상세 설명을 적어주세요 스토케 단독 대여도 가능합니다^^▼▼▼▼▼▼▼▼▼▼▼▼ 전국 스토케 대여 전문샵 대원렌탈입니다^^전 색상 보유!내마음대로 색상 골라서 사용하세요~~스토케 관련 옵션 모두 구비!문의주세요^^&gt;&gt;&gt;&gt;블로그놀러가기&lt;&lt;&lt;&lt;http://blog.naver.com/bb6627,2017-03-25 15:06:32.0
2402,367077482,333,출산/임부용품,"미피보온포트,블루존젖병소독기,마더스베이비수유쿠션,마더케이수유패드",2017-03-08 13:29:00,"미피보온포트,블루존젖병소독기,마더스베이비수유쿠션,마더케이수유패드",1,,,직접거래,,2017-03-25 15:06:34.0
2840,366712909,333,출산/임부용품,임산부용 새제품)) 쏭레브 하이드레이팅 클렌징 젤 200ml,2017-03-06 19:34:00,임산부용 쏭레브 하이드레이팅 클렌징 젤 200ml,13000,,,직접거래,"임산부용 쏭레브 하이드레이팅 클렌징 젤 200ml 2016년 5월 16제조, 2019년 5월 15일까지13,000원 착불",2017-03-25 15:01:14.0
3458,366717386,333,출산/임부용품,보덴아기옷(올인원)팝니다.(새제품),2017-03-06 19:58:00,직접거래,20000,,,판매자와 직접 연락하세요.,"한번내지 한번도 입히지 않은 새제품컨디션 올인원타입 보덴제품입니다. 아기 태어나고 집에만 있어 거의 배냇저고리만 입혀놔서 입을일이 없었어요. 이제 봄되서 하나만 입히고 외출시키기 좋아요.아기가 이제 커서 입히질 못하구요. 제품들은 6개월까지 입힐수 있는 작은애들은 더 입힐수 있구요.한번정도 잠깐 입혀보고 세탁후 보관만한 새제품컨디션이예요.한벌에 20,000원 지금 직구로도 3만원 넘구요. 위에 플라워프린팅 스트라이프는 구매하고 싶어도 디자인이없어요 실제로 보면 더 예쁘고 고급스러워요..구매할때 3~4만원에 구매한 제품들이예요~ 필요하신분 쪽지 댓글주세요. 직거래는 인천용현동 택배비는 별도 2,500원이예요 3벌다 하시면 무료택배해드릴께요.   판매 상품 사진 및 상세 설명을 적어주세요",2017-03-25 15:01:48.0
3979,370346256,333,출산/임부용품,포브 기저귀가방 ----3만원(두번 사용),2017-03-24 08:55:00,직접거래,30000,,,판매자와 직접 연락하세요.,판매 상품 사진 및 상세 설명을 적어주세요 두번 사용한 아주 상태 좋은 구제입니다아주 가볍고 공간 활용 좋은 포브정품 기저귀가방사진보다 밝은 예쁜 네이비색가로 38 높이 28 폭 16 010-7430-6778     착불 3천원,2017-03-25 15:51:54.0
5322,368177608,333,출산/임부용품,새옷 임부복 수유복 4500원/반값 입니다  적힌가격아니예요 가격내림 임부레깅스 임부원피스 4500원 ,2017-03-13 21:38:00,새옷 임부복 수유복 4500원/반값 입니다  적힌가격아니예요 가격내림 임부레깅스 임부원피스 4500원,4500,,,직접거래,판매 상품 사진 및 상세 설명을 적어주세요,2017-03-25 14:53:11.0
5454,368513983,333,출산/임부용품,위생깔개 케어매트 무료드림.,2017-03-15 13:07:00,ㅇㅇ,10,,,직접거래,"판매 상품 사진 및 상세 설명을 적어주세요   위상깔개 한팩에 10장씩 총 5팩.출산후 침대밑에 깔아도되고,저는 아기 기저귀갈때 밑에 한장씩 깔고썻어요.필요하신분 걍 착불로 보내드려요. 1호선 부평역근처로 오셔서 가져가셔도 무방.댓글주세요.",2017-03-25 15:24:29.0
5797,368510482,333,출산/임부용품,아이편해 아기띠(남색) - 착불 5000원,2017-03-15 12:52:00,직접거래,5000,,,판매자와 직접 연락하세요.,"아이편해 아기띠입니다. 사진은 실사구요~ 무난한 남색입니다.예민맘, 에눌 정중히 사양합니다.가격 : 착불 5,000원 입니다.문의 : 010.6562.8427",2017-03-25 14:51:23.0
5798,368511073,333,출산/임부용품,압타밀 프레 ,2017-03-15 12:55:00,직접거래,24000,,,판매자와 직접 연락하세요.,,2017-03-25 14:51:24.0
5984,367115812,333,출산/임부용품,아가방모빌+큐띠쁘띠 스마트자동오르골(12곡)+아기노리 모빌대(2만원),2017-03-08 16:23:00,사진 참고바람,20000,,,직접거래,"* 상  품  명: 아가방모빌+큐띠쁘띠 스마트자동오르골(12곡)+아기노리 모빌대* 구매시기 : 2014년* 판매가격 :  2만원* 사용빈도 : 보기만 한 제품* 상      태 : 세탁은 서너번했음,* 구성품:  안에 든 오르골이 별로 여서 오르골과 모빌대는 따로 샀음             (오르골은 새건지 넣어두었구요.작동 잘되네요.소리가 커서 뒤에 테이프붙인 자국있음)* 거래방법:  택배(착불) 또는 직거래이미지는 가져온거에요,색상이랑 디자인 비슷해서 참고바람. 판매 상품 사진 및 상세 설명을 적어주세요",2017-03-25 15:07:07.0
5985,367115827,333,출산/임부용품,"[대구,경북] 돌잔치 돌상차림 + 가족한복무료 + 스냅촬영 + 액자상품 = 16만원 ",2017-03-08 16:23:00,`,1,,,직접거래,"판매 상품 사진 및 상세 설명을 적어주세요 카페 바로가기!! http://cafe.naver.com/luxiphoto1http://cafe.naver.com/luxiphoto1http://cafe.naver.com/luxiphoto1     럭스아이포토 대구돌상스튜디오     셀프촬영,대행촬영,성장촬영 가능",2017-03-25 15:07:08.0
6025,367116524,333,출산/임부용품,브라운 체온계4520-3만,2017-03-08 16:26:00,직접거래,30000,,,판매자와 직접 연락하세요.,"브라운체온계입니다. 잘 쓰고 있는 제품인데 둘째 태어났다고 선물이 들어와 중고는 팝니다.박스, 필터는 없고 그냥 체온계와 케이스만 있습니다. 건전지는 새로 껴놨습니다. 스타트 버튼이 한번 누르면 들어가 있는데작동하는 데는 전혀 지장 없습니다. 필요하신 분 연락주세요~착불 3만입니다.",2017-03-25 15:07:09.0
6318,367117112,333,출산/임부용품,"스펙트라 유축기,수유쿠션,수유패드 12만",2017-03-08 16:29:00,스펙트라 s2 plus,120000,,,직접거래,"스펙트라 유축기s2 plus2016년 11월 제조 실사용 2회수유쿠션,수유패드60장 정도 남음모두 일괄 판매로 12만에누리가능 ,개별 판매가능문자로만 거래하니 아래번호로 문자주세요010-9095-5640판매시 덧글로 남기니 덧글이 없을시 계속 판매중임",2017-03-25 15:07:10.0
6775,367118838,333,출산/임부용품,센스맘 바디필로우,2017-03-08 16:37:00,직접거래,10000,,,판매자와 직접 연락하세요.,,2017-03-25 15:07:12.0
7204,368512001,333,출산/임부용품,아오베포대기,2017-03-15 12:59:00,60000,60000,,,직접거래,판매 상품 사진 및 상세 설명을 적어주세요 010-2830-2845,2017-03-25 15:24:25.0
7362,367082659,333,출산/임부용품,삐뽀삐뽀119소아과,2017-03-08 13:53:00,샀는데 선물들어와서 내놔요~~ 새것입니당 오천원에 판매해요,1,,,직접거래,샀는데 선물들어와서 내놔요~~ 새것입니당 오천원에 판매해요,2017-03-25 14:59:06.0
7396,370350593,333,출산/임부용품,"토미티피 모성수유 젖병 260ml새거 2개 2세트, 토미티피 구강케어노리개 새상품, 신생아용품",2017-03-24 09:18:00,"토미티피 모성수유 젖병 260ml새거 2개 2세트, 토미티피 구강케어노리개 새상품",3,,,직접거래,"판매 상품 사진 및 상세 설명을 적어주세요 토미티피 모성수유 젖병 260ml새거 2개 2세트, 토미티피 구강케어노리개 새상품 입니다.개당씩도 판매하구요~일괄로로 판매합니다젖병2개씩 1세트는 택포 15000원이구요 2세트있습니다. 노리개는 택포 7000원입니다.일괄로하시면 택포 3만원에드립니다.궁금하신점은 문의주세요~",2017-03-25 15:52:00.0
7689,367086606,333,출산/임부용품,둘째돌잔치는 졸상스튜디오레서 ,2017-03-08 14:11:00,1,1,,,직접거래,"판매 상품 사진 및 상세 설명을 적어주세요 카페 바로가기!! http://cafe.naver.com/luxiphoto1http://cafe.naver.com/luxiphoto1http://cafe.naver.com/luxiphoto1     럭스아이포토 대구돌상스튜디오     셀프촬영,대행촬영,성장촬영 가능",2017-03-25 14:59:10.0
7941,367089753,333,출산/임부용품,마더스 베이비 레자 수유 쿠션,2017-03-08 14:24:00,직접거래,50000,,,판매자와 직접 연락하세요.,마더스 베이비 레자 수유 쿠션 팝니다.2016년 11월에 구입하였구요.1개월 가량 쓰다가 안쓰고 방치하다 팝니다.처음에는 저렴한 마더스 베이비 쿠션을 사줬는데 단단한 느낌이 없고 이것저것 흘리게 되면 지저분해져서바로 팔고 이녀석으로 구입하여 잘 사용하였습니다.레자라서 가죽이고요.택도 안때고 깨끗하게 잘 사용하였습니다.한번 정도는 겉을 싸는 천만 세탁하였습니다.부천 송내역에서 직거래 원합니다.택배는 착불로 보내드리겠습니다.,2017-03-25 15:06:46.0
8039,367091388,333,출산/임부용품,"[천호식품] 3년강화사자발쑥100(환)(1박스 + 1/4박스 = 60,000원)",2017-03-08 14:32:00,환으로 된 제품입니다.,60000,,,직접거래,"천호식품 3년 강화사자발쑥100 팔아요.임신준비하면서 먹었던건데 이번에 임신 성공해서 팝니다. 좋은 기운도 함께 넣어서 같이 드려요^^1박스 71,000원에 샀던건데, 1박스에 추가로 1/4박스까지 총 1박스 + 1/4박스 60,000원에 팔아요환으로 된 제품이 더 효능이 좋다고 하더라고요. 저도 임신에 성공했으니 구매하시는 분도 꼭 성공하시라 믿습니다. 손발 차가우신 분이 드시면 아주 좋습니다. 유통기한도 넉넉하니깐 드시는데 불편은 없으실 껍니다. 지역은 서울 월드컵경기장역, 6호선입니다. 택배로도 가능하며 착불 또는 4천원 선입금하시면 가능해요제품 정보천호식품 3년강화사자발쑥100, 1박스(4g x 60개) + 15개 =&gt; 총 75개유통기한 : 2018.10.4가격 : 60,000원",2017-03-25 15:06:48.0
8121,367092625,333,출산/임부용품,슈얼리 스마일 전자 배란 테스트기팔아요,2017-03-08 14:37:00,직접거래,24000,,,판매자와 직접 연락하세요.,,2017-03-25 15:06:49.0
8632,369709278,333,출산/임부용품,페도라L5 디럭스유모차 28만원,2017-03-21 11:04:00,직접거래,280000,,,판매자와 직접 연락하세요.,"판매 상품 사진 및 상세 설명을 적어주세요 페도라L5 - 28만원올 1월에 구매.유모차본체, 풋머프 컵홀더아이가 유모차를 거부해서 10번도 못탔어요바퀴상태보면 몇차례 사용안한거 아실거에요.발판 한쪽이 셀프스탠딩 하면서 살짝까졌습니다.박스 있지만 부피상 직거래 (서울 성북구 장위동) 우선하고요,택배는 가급적 파손때문에 하고싶지 않아요.",2017-03-25 15:40:47.0
10002,367097153,333,출산/임부용품,"제왕절개 의료용 압박스타킹 (허벅지형/ 발가락트임/M사이즈) 택포 25,000원",2017-03-08 14:56:00,"제왕절개 압박스타킹 (허벅지형/ 발가락트임/M사이즈) 택포 25,000원",25000,,,직접거래,"지난 달 제왕절개 수술 위해 병원 약국에서 63,000원 주고 구입했습니다.폐색증 예방을 위해 하루는 꼭 착용해야 한다고 해서요.~수술 후 하루 착용한거라 거의 세 제품이에요.분당/판교 직거래 or 택포 25,000원으로 보내 드립니다.연락 주세요. ^^",2017-03-25 14:59:04.0
10163,367101096,333,출산/임부용품,마더케이 일회용변온모유저장팩 1만5천원,2017-03-08 15:13:00,200ml 90매 3박스,15000,,,직접거래,"출산전 구입해두었는데 모유가 나오지않아 판매합니다.200ml 90매 3상자이구요. 하나도 사용하지 않은 새것입니다.마지막사진 보시면 어떻게 생겼는지 뜯어보기만 한 상자 한개가 있습니다.택배거래이구요 택배포함 15,000원 입니다.",2017-03-25 15:06:56.0
10203,367101451,333,출산/임부용품,더블하트 유두보호기(택포7천원),2017-03-08 15:15:00,더블하트 유두보호기(택포7천원),7000,,,직접거래,더블하트 유두보호기 판매합니다.금방 단유 하게되어 실제 사용횟수 3회 정도입니다. 열탕소독 후 실 사용시마다 소독기 사용했습니다.,2017-03-25 15:06:57.0
10325,367102640,333,출산/임부용품,카베지크림&니플버터,2017-03-08 15:20:00,직접거래,15000,,,판매자와 직접 연락하세요.,,2017-03-25 15:06:59.0
10334,367103036,333,출산/임부용품,금비 일반형 일자패드 총60개 1만원 무료배송 성인기저귀,2017-03-08 15:22:00,새제품,1,,,직접거래,"판매 상품 사진 및 상세 설명을 적어주세요 새제품, 제주도서지역발송불가, 1만원 무료배송꼭 받으실 분만 ""금비패드구매""라고 문자남겨주시구요,(계좌번호드리면 입금바로 안되는 분들은 언제까지 가능하다고 꼭 미리 말씀해주세요.)30개입짜리 2팩묶음(총60개)소량 필요하신분~",2017-03-25 15:06:59.0
10435,370190104,333,출산/임부용품,수유패드 착한가격,2017-03-23 13:01:00,수유패드,10000,,,직접거래,Mybee 수유패드60매짜리 개봉안한것 한박스60매짜리 50매 남은것 한박스총 110매 택포 1만원강남구 청담동으로 픽업오시면 네고해드려요~O  l  o    9  5  5  2   o  3  I  l    판매 상품 사진 및 상세 설명을 적어주세요,2017-03-25 15:48:32.0
10701,366719195,333,출산/임부용품,Rimrock 림락 120 안경테 순둥이 물티슈 휴대용 유아용 자동차 순수 화장지 앱솔루트 명작 액상 분유 2단계 프렌치카페 160개입 6개 (총960개) 한솔 A4 복사용지 아이시스 생수 판매합니다,2017-03-06 20:08:00,직접거래,1,,,판매자와 직접 연락하세요.,"림락 120 (검정색) 안경테 (일본 하우스 브렌드 제품)티타늄 안경테로 엄청 가볍습니다 (데모렌즈 포함 10g)전지현 공유 가 영화에서 착용한 브렌드 입니다 제품은 인터넷 검색 해 보시면 자세한 정보 나옵니다 사이즈 :  전체 137    가로48    세로43    코간격24    다리길이 148 참고사항 : 2달정도 착용 했는데 한번 떨어져서 안경테 외쪽 위쪽에 스크레치가 있는데 싸인펜으로 살짝 칠하니 스크레치 난 부분이 잘 안 보이네요 그래서 저렴히 판매합니다 판매금액 : 11만원 (무료배송) 연락처 : 010 9880 2028     순둥이 엠보싱 프리미엄 휴대용 20매 20팩 판매금액 : 13,000원 (무료배송)  010 9880 2028 (부산 주례동 냉정지하철역 부근)유아용 자동차 (상태 좋습니다) 클락션이 소리가 나지 않아요 판매금액 : 8,000원 (직접 가지고 가셔야 합니다)010 9880 2028 (부산 주례동 냉정지하철역 1번출구 부근)   순수 화장지 3겹 데코 30롤 27m 2팩 판매 2팩 판매금액 : 15,000원 (무료배송) 연락처 010 9880 2028 (부산) THE 순수 화장지 퍼플 3겹 데코 30롤 27m 2팩 판매 2팩 판매금액 : 18,000원 (무료배송) 연락처 010 9880 2028 (부산)  프렌치카페 카페믹스 160개입 6개 (총960개) 판매합니다유통기한 : 2018년 7월 10일까지 판매금액 : 68,000원 (무료배송) 010 9880 2028 (부산)   앱솔루트 명작 (액상) 분유 판매합니다 3단계(12개월 이후~ )  유통기한 : 2017년 4월 16일까지 판매합니다 15개 판매금액 : 13,000원 (무료배송) 30개 판매금액 : 25,000원 (무료배송) 010 9880 2028 (부산)    한솔 A4 복사용지 75g (500매 5개) 총2500매 현재 총4개 가지고 있습니다 판매금액 : 12,000원 (직거래) 부산 주례동 냉정지하철역 1번 출구 부근택배거래시 2,500원 추가  (생수) 아이시스 8.0 (500ml) 100병 입니다 제조날짜 : 2017년 11월30일 12월 1월 제품 썩여 있습니다100병 판매금액 : 10,000원 (직거래 만 가능합니다)010 9880 2028 (부산 주례동 냉정지하철역 부근)",2017-03-25 15:01:51.0
10708,366719340,333,출산/임부용품,"카터스,올드네이비 아기옷팝니다.",2017-03-06 20:09:00,이미지참고,25000,,,직접거래,"구매하고서 1~2번정도 입혀본 아기옷이예요. 신생아(0~6개월) 가능하시구요.거의 새제품같은 컨디션 꺠끗합니다. 겨울때  배냇저고리만 거의 입혀놔서 입을일이 없었구요.지금은 애가커서 입히질 못해요.ㅎㅎ 외출할때 입히기 좋아요. 총7벌 25,000원 직거래는 인천 용현동,택배는 별도 2,500원에 팔께요.하나같이 다 예쁘구 깜찍해요^^   판매 상품 사진 및 상세 설명을 적어주세요",2017-03-25 15:01:52.0
11286,367048033,333,출산/임부용품,아브리산 산모패드 드림(유통기한이 지났어요-.-/부천/직거래만),2017-03-08 11:24:00,직접거래,1,,,판매자와 직접 연락하세요.,"아브리산 산모패드 드립니다.필요하신 분 가져가세요 ^^두팩 다 새거이고요,한팩은 위에 개봉을 하였지만 꺼내보지도 않은 새 제품입니다.직접 가져가실 분에게만 드릴게요.^^;2011년에 제조 된거 같아요..유통기한이 지나긴 했지만, 사용하시는데 크게 문제 되지 않을거 같긴 해요..나름 사용하실 곳이 있으신 분이 계시겠죠. ^^컴퓨터를 자주 안하니 문자로 주세요~~      판매 상품 사진 및 상세 설명을 적어주세요",2017-03-25 14:59:22.0
11370,367049302,333,출산/임부용품,"수유쿠션,수유패드,마더케이모유저장팩(새제품),속싸개 에르고코쿤(미사용제품) 판매합니다",2017-03-08 11:29:00,직접거래,35000,,,판매자와 직접 연락하세요.,,2017-03-25 14:59:23.0
11393,367049706,333,출산/임부용품,포그내힙시트505그레이,2017-03-08 11:31:00,직접거래,110000,,,판매자와 직접 연락하세요.,,2017-03-25 14:59:25.0
11542,367050591,333,출산/임부용품,asb자동 유축기 완전 싸게 팝니다.,2017-03-08 11:34:00,직접거래,2,,,판매자와 직접 연락하세요.,"asb유축기 택포 2만원에 팝니다. 사용 후 소독했습니다. 깔끔한 편입니다.차에서 사용할 수 있게 모유팩19개, 차량용 어댑터도 있습니다. 안에 모유 모아서내려가게 하는 고무부분?! 새거 하나 있습니다.사용은 한 3~4개월 하고 소독하고 넣어놨던 제품입니다.작동 잘됩니다. 놀러갈때 차에서 사용할수 있게 어댑터도 구비해놨었습니다.연락은 문자로만 부탁드립니다.010-5027-0526",2017-03-25 15:06:09.0
11708,367052814,333,출산/임부용품,고소영 유모차 오르빗 G2(브레이크 G3)판매합니다(배달 가능! 가격다운!),2017-03-08 11:43:00,"고소영 유모차 오르빗 G2(브레이크 G3)판매합니다(배달 가능!, 가격다운!)",290000,,,직접거래,"최초가격 150만 원, 롯데백화점 구입서민치고 고가의 유모차였지만 아주 만족도 높았던 제품입니다~ㅎㅎㅎ상태와 구성품은 보이시는대로입니다.특이사항: 브레이크, 바퀴 업그레이드(G3용)아반테 탔었는데 분리 해서 접으면 트렁크에 들어갑니다.가격은 29만 원이고요.(잘안나가네요, 가격 다운합니다) 왠만하면 배달 해드립니다 ㅎㅎㅎ(서울 거주)010-4626-6328공일공 사육이육 육삼이팔 연락주세요",2017-03-25 15:06:13.0
12224,367106892,333,출산/임부용품,메델라스윙전동유축기(5),2017-03-08 15:40:00,사진 참고,50000,,,직접거래,"판매 상품 사진 및 상세 설명을 적어주세요 * 상  품  명: 메델라스윙전동유축기* 구매시기 : 2014.2월* 구매가격 : 198,000원*판매가격 :  5만원(착불)* 사용빈도 : 출산후 젖몸살 올때 몇번사용하고 젖 뗄때 서너번 이용했습니다.* 상      태 : 원래 있던 병 하나 분실됐고 나머지는 구성품은 다 있습니다.                 대신 조리원에서 사용했던 메델라 병과 깔대기가 있어서 넣어두었습니다.                  (조리원에서 사용했던거라 상태는 별로지만 깔대기가 2개인게 조금 편하실거 같이 넣어 두었습니다.)                 전원켜봤는데 작동 잘되네요.                 강약조절도 돼서 젖몸살올때 정말 유용하게 이용했습니다.* 거래방법:  택배 또는 직거래(동탄)",2017-03-25 14:58:58.0
12862,367061022,333,출산/임부용품,(천안.택포1만5천)라텍스 도넛방석+수유쿠션 ,2017-03-08 12:18:00,직접거래,15000,,,판매자와 직접 연락하세요.,,2017-03-25 15:06:20.0
13652,370357050,333,출산/임부용품,수유쿠션(마더스베이비)+향균내피포함,2017-03-24 09:48:00,수유쿠션 (마더스베이비) + 향균내피포함 ,30000,,,직접거래,판매 상품 사진 및 상세 설명을 적어주세요,2017-03-25 15:52:07.0
13653,370357098,333,출산/임부용품,보낭(아이조아),2017-03-24 09:48:00,규격은 가로 45cm 세로 85cm 입니다,15000,,,직접거래,판매 상품 사진 및 상세 설명을 적어주세요,2017-03-25 15:52:08.0
14113,369257270,333,출산/임부용품,타이니러브 tiny love 바운서[정품인증]/안산 시흥 직거래,2017-03-19 06:54:00,베베멘토 보틀워머 (새상품)/타이니러브 tiny love 바운서[정품인증]/안산 시흥 직거래,1,,,직접거래,,2017-03-25 14:45:56.0
14356,370359948,333,출산/임부용품,"신생아~유아 모자들,아기이불,방수요,짱구베게,목베게 새상품, 블랑켓 새상품,기저귀커버",2017-03-24 10:01:00,"모자들,아기이불,방수요,짱구베게,목베게 새상품, 블랑켓 새상품,기저귀커버",1,,,직접거래,"판매 상품 사진 및 상세 설명을 적어주세요 택배비는 3천원만 받고 나머지는 제가 부담해드려요~ 제 다른 게시글에서 같이 구입하시면 택배비 한번만 내시게되니 절약하실 수 있을거 같아요^^ 쪽지로 연락처 남겨주시면 문자드릴께요~ 중고거래 특성상 반품, 환불 불가합니다. 1. 돌전후 사이즈이고 쓰면 정말 귀여운 아가방 겨울모자 5천원 2. 컨디션 최상인 포송한 소재 겨울 모자 5천원 3. JANIE AND JACK 6M 사이즈 8천원정말 귀여운 모자이고 안에 면으로 되어있어요~안쪽 4. 아가방 돌전후 사이즈 패딩모자 8천원안쪽에 밴드있어서 턱에 고정할 수 있어서 좋아요~  5. 신생아 사이즈이고 7천원  6. 알로앤루 46사이즈 8천원옆면 사진이고 끈있어서 고정할 수 있어서 좋아요~ 7. 닥터맘스 신생아 모자 3천원 8. 핑크 신생아 모자 3천원 9. 겉은 곰, 안은 양 캐릭터인 이중이라 더 따뜻한 모자 각 2천원씩 10. 상태좋은 카터스 신생아 모자 5천원  11. 얇은 면소재이고 신생아 모자 4천원 12. 상태좋은 모자 4천원 13. 상태좋은 베이지컬러 신생아 모자 2천원 14. 알로앤루 46cm 귀여운 모자 5천원 옆모습  15. 상태좋은 신생아 모자 2천원  16. 사진 빛 들어가서 그렇지 컬러 예쁘고 상태좋은 신생아 모자 2천원 17. 실제로는 색 예쁘고 상태좋은 신생아 모자 2천원 18. 12m 실제로 보면 색도 예쁘고 사용감 없는 모자 5천원  19. 밍크뮤 46cm 끈달린 정말 귀여운 상태좋은 모자 7천원 20. 압소바 두툼하고 상태 좋은 46cm 모자 만원 21. 신생아 모자 4천원 22. 돌전후 모자 4천원 23. 돌전후 모자 3천원 24. 끈 묶어줄 수도 있는 46cm 정말 귀여운 모자 6천원 뒷면25. 엘르 44cm사이즈 귀여운 모자 5천원 옆모습 26. 코디아이 귀여운 돌전모자 4천원 27.28.29.30. 모던하우스 플란넬 블랑켓 새제품 6천원(90X120cm) 사진찍을려고 포장 풀러봤네요~31. 케이스 그대로 있는 새상품 뉴 유러피안 극세사 양면 무릎담요(100X135cm) 4천원  32. 90X120cm 상태좋은 요나 패드로 사용하기 좋아요-9천원 앞뒤 없이 양면 모두 사용가능해요~33. 원아방 이불+패드 셋트 110cmX100cm이고 20,000원솜 넣을 수 있는 지퍼있는 이불+솜 넣을 수 있는 지퍼있는 패드인데 궂이 겨울에도 솜 안넣어써도 될만큼 얇지 않아서 좋아요~ 패드 34. 120cmX110cm 이불+패드+지퍼있는 패드+좁쌀베게 셋트 25,000원 패드(솜 넣을 수있는 지퍼 없어요) 이불이나 패드로 사용할 수있고 지퍼있어서 솜 넣어서 사용도 가능해요~ 내피안에 좁쌀들어있고 외피 분리되요~  35. 나라홈데코 90X120사이즈 전용비닐커버있는 낮잠이불 새상품 13,000원 겉싸게 보다 조금 도톰한 정도에요~  36. 나라홈데코 90X120사이즈 전용비닐커버있는 낮잠이불 새상품 13,000원겉싸게 보다 조금 도톰한 정도에요~   37. 파코라반(130X100cm) 방수요 6천원눈에띄는 얼룩은 없지만 보풀도있구해 저렴히 드려요~ 38. 알로앤루 오가닉 키재기 가능한 방수요(120X100cm) 5천원        세탁감 많아 편하게 쓰실분 구입하시면 될거 같아요~ 39. 아가방 에뜨와 110cmX90cm 방수요 7천원  40. 아가방 에뜨와 110cmX90cm 방수요 7천원  41. 큐비앤맘 짱구베게 3천원,  42. 좁쌀베게 4천원 43. 좁쌀베게 4천원 44. 좁쌀베게 4천원45. 목베게 새상품 7천원  46. 기저귀커버 장당 3천원씩좌측 메르베 80사이즈, 우측 에프랑 80사이즈",2017-03-25 15:52:14.0
14482,370033897,333,출산/임부용품,이케아 굴리베르 아기 침대 gulliver 15만원 직거래,2017-03-22 18:22:00,이케아 굴리베르 아기 침대 gulliver 12만원 직거래,15,,,직접거래,"이케아 아기침대 15만원에 팝니다.아기가 침대를 안써서 처음 한달 낮잠잘때만 잠깐 쓰고 거의 새거라고 보심됩니다.사진에서보시다시피 앞에있는 패널도 빼서 편하게 쓰실수있어요.gulliver 침대 129000+ vyssa vackert 유아매트리스 99000+ himmelsk 밤퍼패드 19900 이케아에서 직접 구입했구요, 부피상 직거래만 가능합니다.지역은 서울 서대문역 부근이구요, 직접 가지러오셔야합니다. 원하시면 분해해 놓을께요.아래번호로 문자주세요.010-9188-6186http://www.ikea.com/kr/ko/catalog/products/50248517/http://www.ikea.com/kr/ko/catalog/products/70319702/http://www.ikea.com/kr/ko/catalog/products/90166388/",2017-03-25 14:39:51.0
14529,370033912,333,출산/임부용품,리치코 임산부 바디필로우 팝니다,2017-03-22 18:22:00,작년 이맘때쯤 산 제품이에요,30000,,,직접거래,판매 상품 사진 및 상세 설명을 적어주세요,2017-03-25 14:39:52.0
15743,370052182,333,출산/임부용품,판매완료,2017-03-22 20:04:00,직접거래,1,,,판매자와 직접 연락하세요.,남양 임페리얼 XO 1단계 3캔 - 택포 60000원남양 임페리얼 XO 2단계 3캔 - 택포 61000원남양 임페리얼 XO 3단계 3캔 - 택포 45000원남양 임페리얼 XO 4단계 3캔 - 택포 44500원업체 직배송 상품입니다.최근 제조일자로 발송해드려요 ^^문자주세요010.6650.87오7,2017-03-25 14:39:48.0
15768,370052211,333,출산/임부용품,마마스템 치발기 택포 1만원,2017-03-22 20:04:00,직접거래,1,,,판매자와 직접 연락하세요.,거의 사용하지 않은 마마스템 치발기 판매합니다.구성품 모두 다 있고 택포 1만원입니다.문자로 연락 주세요. 판매 상품 사진 및 상세 설명을 적어주세요,2017-03-25 14:39:48.0
16026,366750640,333,출산/임부용품,[완료]에르고 신생아패드,2017-03-06 22:44:00,유기농제품,7,,,직접거래,에르고신생아패드입니다.신생아때 유용하게 쓸수있는 신생아패드입니다.사용감있기때문에 가격7천원 택비착불에 판매합니다.앉히는 밑의 쿠션꺼짐없고 세탁으로 보풀은 좀 있네요.신생아때 잠깐 쓰시는거니까 저렴히들여가세요~010-509육-9일07 문자주세요.,2017-03-25 15:02:16.0
16539,370053665,333,출산/임부용품,스펙트라 수동 유축기(새제품)+쁘티엘르 수유쿠션 1만원,2017-03-22 20:12:00,직접거래,1,,,판매자와 직접 연락하세요.,스펙트라 수동 유축기 판매합니다. 포장 뜯지도 않은 새제품입니다. 한달정도 쓴 수유쿠션 같이 드려요.서울 응암에서 직거래 가능하며 택배는 착불입니다. 문자로 연락주세요.,2017-03-25 14:39:50.0
17805,368517636,333,출산/임부용품,아이편해 아기띠(남색)-착불 5천냥~,2017-03-15 13:22:00,상세기입,5000,,,직접거래,"아이편해 아기띠입니다. 사진은 실사구요~ 무난한 남색입니다.예민맘, 에눌 정중히 사양합니다.가격 : 착불 5,000원 입니다.문의 : 010.6562.8427",2017-03-25 15:24:32.0
17836,368517960,333,출산/임부용품,치코 플레이야드 (10만원/직거래/신도림/택배불가),2017-03-15 13:24:00,치코 플레이야드,100000,,,직접거래,신도림 직거래 원합니다. 직접 찍은 사진 원하시면 문자로 드리겠습니다. 연락주세요. 10만원(택배불가),2017-03-25 15:24:33.0
17837,368518008,333,출산/임부용품,클리어 블루(스마일 테스트),2017-03-15 13:24:00,직접거래,15000,,,판매자와 직접 연락하세요.,,2017-03-25 15:24:33.0
18065,368518476,333,출산/임부용품,스와들 라이트 블랭킷 - 3종셋트 [미사용],2017-03-15 13:26:00,스와들 라이트 블랭킷 - 3종셋트 [미사용],40000,,,직접거래,상품명 : 스와들 라이트 블랭킷 3종 셋,2017-03-25 15:24:33.0
18067,368518527,333,출산/임부용품,마그마그 올인원 - 신형,2017-03-15 13:26:00,마그마그 올인원 - 신형,27000,,,직접거래,,2017-03-25 15:24:34.0
18754,368522189,333,출산/임부용품,임페리얼xo1단계400g,2017-03-15 13:43:00,Royal class,9000,,,직접거래,임페리얼xo 1단계 Royal class 400g 1통 판매합니다.,2017-03-25 14:51:20.0
18976,367379196,333,출산/임부용품,"임부복 면바지 2벌, 임부복 니트 블라우스 1벌",2017-03-09 20:38:00,하단 참조 요망,10,,,직접거래,"판매 상품 사진 및 상세 설명을 적어주세요     1. 임부복 면바지 두 벌 임신 7개월~만삭 때(작년 7월~10월)에 회사 다니면서 입었던 바지 두 벌 입니다. 5월~9월 경에 6개월~만삭 정도인 임신부가 입으면 좋을 것 같습니다.현재도 소임에서 베스트셀러로 판매되는 상품이고요, 사진과 링크 하단에 함께 공유 드립니다.A. 임부복 면바지 네이비 S사이즈 (가격 : 5000원, 배송료 3000원 별도)판매 사이트에서는 8부라고 하는데 제 키가 158인데 발목 정도오는 딱 좋은 기장입니다.신축성이 아주 좋아서 정말 편하고 사진 속 모델의 핏과 많이 다르지 않아요.http://www.soim.co.kr/shop/shopdetail.html?branduid=71730&amp;search=%25B8%25D3%25BD%25BA%25C6%25AE%25BD%25E6%25B8%25D3&amp;sort=&amp;xcode=019&amp;mcode=002&amp;scode=&amp;GfDT=bm95W1w%3DB. 임부복 면바지 블랙 S사이즈 (가격 : 5000원, 배송료 3000원 별도)제 키가 158인데 발목을 덮는 기장입니다.신축성이 아주 좋아서 정말 편하고 사진 속 모델의 핏과 많이 다르지 않아요.http://www.soim.co.kr/shop/shopdetail.html?branduid=79204&amp;search=%25C4%25F0%25C7%25CF%25B0%25D4%25C0%25CF%25C0%25DA%25C7%25CD&amp;sort=&amp;xcode=019&amp;mcode=002&amp;scode=&amp;GfDT=a2V92. 임부복 니트 블라우스 1벌 아이보리컬러 프리사이즈 (가격 : 10,000원, 배송료 3000원 별도)작년 가을에 한 번 입었는데 갑자기 날씨가 추워져서 입지 못했어요. 만삭때도 넉넉하게 입을 수 있어요.거의 새거와 같고 사용감도 거의 없어요. 엉덩이를 덮는 기장으로 뒷 리본이 포인트예요.바깥 쪽은 보풀이 일지 않는 니트 재질이고, 안쪽에는 하늘하늘한 쉬폰 원단이 레이어드 되어 있어요.스카프하면 잘 어울리고요, 만삭에도 여리여리한 느낌으로 입을 수 있고 출산 후에도 입을 수 있을 거예요.**택배 선호하고, 직거래는 인천 부평, 부천 상동.중동 이정도예요.연락처 : 010 2995  이구팔이",2017-03-25 15:10:23.0
19356,369004870,333,출산/임부용품,앙뽀 스푼젖꼭지 미사용3개,2017-03-17 18:12:00,"8,000",8000,,,"무통장, 계좌이체, 신용카드, 휴대폰",,2017-03-25 15:31:02.0
20673,369713364,333,출산/임부용품,[판매완료] 스펙트라 유축기 S2+(모유저장팩&수유패드),2017-03-21 11:18:00,직접거래,100000,,,판매자와 직접 연락하세요.,,2017-03-25 14:42:06.0
20765,368528113,333,출산/임부용품,맨듀카 아기띠 밤색 판매합니다.,2017-03-15 14:10:00,맨듀카 아기띠 판매합니다. 오래 사용하지 않아 거의 새것입니다. 구입하실분은 핸드폰으로 연락주세요. 상세사진이나 질문은 핸드폰으로 받겠습니다. 가격은 택배비포함 5만원입니다.,50000,,,직접거래,판매 상품 사진 및 상세 설명을 적어주세요,2017-03-25 15:24:40.0
21231,367384948,333,출산/임부용품,"<새제품, 가격인하> 브라운 체온계 IRT-6500 택포 5만원 최저가로 진행합니다",2017-03-09 21:09:00,직접거래,5,,,판매자와 직접 연락하세요.,"국민 체온계로 불리고 있는 브라운 체온계,귀 삽입형 브라운체온계 IRT 6500 최저가로 공구 진행합니다. 아이들이 있는 가정이나 출산준비용품으로 필수로 많이들 준비하시는 품목으로해외구매로 머리 아플일 없이 간편하게 구매하시면서 저렴하게 구매하실 수 있도록 준비했습니다.최저가!! 모든비용포함 5만원!!!보러가기2월 6일~ 2월 8일 구매하신분까지 9일, 10일 이틀에 걸쳐 발송됩니다.2월 9일~ 2월 13일 구매하신분까지 13일, 14일 이틀에 걸쳐 발송됩니다.2월 17일~ 2월 20일 구매하신분까지 20일, 21일 이틀에 걸쳐 발송됩니다.2월 21일~ 2월 23일 오전에 구매하신분까지 23일 일괄발송됩니다.2월 23일 오후~2월 27일에 구매하신분까지 27일, 28일 이틀에 걸쳐 순차발송됩니다.2월 28일 ~ 3월 2일 오전 구매하신분까지 3월 2일 일괄발송됩니다.3월 2일 오후 ~ 3월 6일 구매하신 분들까지 6일, 7일 이틀에 걸쳐 순차발송됩니다.3월 7일 ~ 3월 9일 오전에 구매하신분들까지 9일 오후 일괄발송됩니다.​3월 9일 오전까지 구매하신분들 발송완료.3월 9일 오후 ~ 3월 13일 구매하신 분들까지 13일, 14일 이틀에 걸쳐 순차발송됩니다.블로그마켓에서 4개월 넘게 진행중에 있습니다.좀 더 상세한 내용은 블로그에서 확인 부탁드립니다.전화 또는 문자로 연락주세요.010-3721-2307보러가기* 필독 *현재 진행중인 제품은 모두 미개봉 새제품입니다.미개봉 새제품이나 혹시 모를 초기 불량에 대응하기 위해 제품 정상작동 여부 검수 후 보내드리고자 합니다.이 제품은 제조되어 나올때부터 상자 하단은 실로 마감처리가 되어 있고 윗부분은 실처리가 되어 있지 않습니다실처리 되어 있지 않은 윗부분으로 개봉후 검수하여 보내드리려 합니다.개봉하여 검수하시는게 싫으신 경우 알려주시면 개봉하지 않고 새상품 그대로 보내드립니다.이 경우 교환 또는 환불 조치 되지 않는 점 참고해주세요.* 체온계 구매하시는 분에 한하여 리필 필터 별도 추가 구매 가능합니다.*20개 1박스 3000원+구성품본체, 거치대, 교체 리필 필터 21개, 건전지 2개+사용섭씨와 화씨 모두 사용 가능합니다.보러가기",2017-03-25 15:10:28.0
21923,367392478,333,출산/임부용품,베베오레 수유쿠션 팔아요,2017-03-09 21:47:00,모유가 안나오네요 ㅠㅠ,25000,,,직접거래,"판매 상품 사진 및 상세 설명을 적어주세요 모유가 안나와서 사용을 못했어요거의 새거같아요아기가어려서 직거래했으면 좋겠습니다!원하시면택배도 가능합니다.부산 엄궁, 25000원입니다. 택배,착불교환,환불X",2017-03-25 15:10:35.0
22385,367394715,333,출산/임부용품,HUIWILL 다마스커스 중식칼 양식칼 과도 전문가용 칼 팝니다,2017-03-09 21:58:00,직접거래,80000,,,판매자와 직접 연락하세요.,판매 상품 사진 및 상세 설명을 적어주세요 안녕하세요^^ 가성비 좋은 다마스쿠스 전문가용 칼을 판매 하는 현민 아빠 입니다.초고가 브랜드 슌(shun) 반값에 가성비좋은 칼을 선택하길 원하는 현명한 분들에게 글을 올립니다.연락처 010 3649 9삼10아래표는 재질에 따른 경도 표입니다 다마스커스는 vg10 입니다.[출처] 다마스커스 중식칼 양식칼 일식 사시미칼 전문가용 칼 팝니다 (중고나라) |작성자 alias2000아래 내용은 11번가에서 제가 판매중인 칼들입니다.중고나라 가격으로 드립니다.전부다 배송비 포함 가격입니다.03월23일 재고현황 및 가격수공연마원하시는분들이 80프로 이상이어서 재고 있는 칼중 일부를 미리 연마해 두었습니다대천칼갈이 검색하시면  수공연마는 업체에 다녀 왔으며 기다리시지 않고 바로 연마된칼을 받아 보실수 있습니다.1번 7.2인치 중식칼 재고 1자루 9만원1번 7.2인치 수공연마된 중식칼 재고 0자루 9만7000원2번 5인치 과도 재고 2자루 4만원3번 8인치 일반 양식칼 재고 0자루 (당분간 입고 안됨)4번 8인치 문양 양식칼 재고 2자루 8만원4번 8인치 수공연마된 문양 양식칼 재고 2자루 8만7000원5번 8인치 뉴 양식칼 재고 0자루 8만원 5번 8인치 수공연마된 뉴 양식칼 재고 2자루 8만7000원6번 9인치 일반 양식칼 9인치 재고 0자루 8만5000원6번 9인치 수공연마된 일반 양식칼 9인치 재고 1자루 9만2000원7번 8인치 나무문양칼 재고 1자루 9만원7번 8인치 수공연마된 나무문양칼 재고 0자루 9만7000원8번 7인치 일반칼 재고 2자루 6만원8번 7인치 수공연마된 일반칼 재고 1자루 6만7000원다른 다마스커스 칼보다 저렴 하게 판매를 한다고 해서 질이 나쁘거나 그러지는 않습니다 아래 카톡 내용 보시면 칼만 전문적으로 연마 하시는 전문가도 인정한 좋은 칼입니다.^^구매후 발생하는 모든 파손 유료 수리가능 합니다.칼끝 부러짐 이나감 등 파손 발생시 거래하고있는 수공연마 업체에서 모두 수리 가능합니다.증상에 따라 가격은 다르니 문의주시면 답변 드리겠습니다.초기 하자 발생시 판매자 100%부담 반품 회수 합니다.단순 변심반품은 무료배송이기에 반품 배송비 5000원 동봉하여 반품 하시면 됩니다.수공연마후 반품이 불가하오니 참고 부탁드립니다.수공 연마는 네이버 블로그에서 대천 칼갈이 검색하시면 블로그 포스팅 많이 되어 있습니다. 참고 하시면 됩니다.블로그주소  http://blog.naver.com/sjun4240모든 문의 010-3649-9310 으로 문자나 전화주시면 답변 가능합니다.다른 칼도 문의주시면 구입가능한 가격을 알려드립니다일제 각마식칼 가격으로 다마스쿠스 식칼을 살수 있습니다 ^^남은 돈으로 전문 칼갈이 업체에서 길잘들여서 사용해보시면 만족하실듯 합니다.원하시면 칼가는 업체에 물건 보내서 길들여 보내드릴수 있습니다다마스커스 1개 수공비 5000원 칼가는 업체에서 구매자에게 가는 택배비 별도..아참 저도 19살때부터 17년간 요리사를 해서 지금은 만3년째 음식점을 하고있는 오너 입니다^^   제가 판매중인 고성능 후레쉬와 함께 구매 가능합니다.http://cafe.naver.com/joonggonara/330212308제가 판매중인 아이쉐도우 화장품 메이컵 브러쉬 와 함께 구매 가능합니다.http://cafe.naver.com/joonggonara/330214688제가 판매중인 오픈워터 부이 레스큐튜브와 함께 구매 가능합니다.http://cafe.naver.com/joonggonara/328752437제가 판매중인 수영용품 수경과 함께 구매 가능합니다.http://cafe.naver.com/joonggonara/331512573평일 저녁 7시20~9시10분까지는 수영장에서 수영하는중이니 이시간에는 문자 주시고 기다려주시면 수영끝나는데로 연락드리겠습니다^^  판매 상품 사진 및 상세 설명을 적어주세요,2017-03-25 15:10:36.0
22444,367396716,333,출산/임부용품,리안 스핀 유모차 싸게 내놓아요 - 용인 수지 신봉동 -10만원,2017-03-09 22:09:00,직접거래,100000,,,판매자와 직접 연락하세요.,,2017-03-25 15:10:38.0
22475,367397064,333,출산/임부용품,새옷 임부복 수유복 4500원/반값 입니다  적힌가격아니예요 가격내림 임부레깅스 임부원피스 4500원 ,2017-03-09 22:10:00,새옷 임부복 수유복 4500원/반값 입니다  적힌가격아니예요 가격내림 임부레깅스 임부원피스 4500원,4500,,,직접거래,,2017-03-25 15:10:38.0
22860,369718255,333,출산/임부용품,사지압박순환장치(공기압치료기)팝니다,2017-03-21 11:36:00,사지압박순환장치(공기압치료기)팝니다,10,,,직접거래,판매 상품 사진 및 상세 설명을 적어주세요 공기압치료기(사지압박순환장치)풀세트 팝니다개봉은 했고 박스까지 풀세트로 사용하지 않은 제품입니다세종시 인근은 직거래가능가격조절가능전화나 문자주세요010-8240-4796-관련자료-http://www.nsmall.com/ProductDisplay?storeId=13001&amp;langId=-9&amp;partNumber=10016178&amp;menuUri=NSItemDetailView&amp;is_gate=true,2017-03-25 15:40:57.0
23139,368536080,333,출산/임부용품,"어린이안전벨트,안전벨트가드,아이보조벨트,유아안전밸트,안전벨트보조쿠션,유아동차량보조시트,유아동보조카시트,아동용카시트,유아보조카시트,어린이카시트,주니어카시트,어린이집카시트,간이카시트,여행용카시트",2017-03-15 14:47:00,"외출&나들이, 명절에 이동하실때 이용해보세요~♥",35,,,직접거래,,2017-03-25 15:24:49.0
23262,368536471,333,출산/임부용품,드림지니 바디필로우 (부산)-20000원,2017-03-15 14:48:00,드림지니 바디필로우,20000,,,직접거래,"[드림지니 바디필로우]임신후반 두달정도 사용했구요~사용감은 없다고는 할수는 없지만 깨끗하게 사용했습니다.다시 세탁해서  정품케이스에 깨끗하게 보관중입니다.그래도 너무 예민하신분은 사절합니다.;;부산 시청앞 국민연금 직거래 원하지만 택배거래 원할시 착불 가능합니다.010-사666-칠361(20,000원 이고 흥정/에눌 문자 사절합니다.)",2017-03-25 15:24:50.0
23856,369722416,333,출산/임부용품, 임산부 안전벨트 인세이프(insafe) 판매합니다.,2017-03-21 11:52:00,임산부용 안전벨트 판매합니다.,25000,,,직접거래,판매 상품 사진 및 상세 설명을 적어주세요 인세이프 판매합니다.구매하고 거의 사용 안했습니다.상태는 매우좋습니다. 새거에 준하다고 보시면 됩니다.보시다시피 구매시 있던 구성품 빠짐없이 그대로입니다.뽁뽁이 까지 그대로입니다.판매는 착불로 25000에 판매합니다.네고 불가능합니다.~ 비매너이신분들은 답장안합니다.더 많은 사진 원하시면 보내드립니다. 연락주세요~,2017-03-25 15:41:02.0
24691,367404715,333,출산/임부용품,"각시밀 유축기, 수유쿠션, 손목보호대, 유두보호기, 필립스 보틀워머, 아기울음분석기, 땅콩기저귀, 천기저귀, 수유패드, 수유티슈 등 출산용품 여러가지 한번에 해결",2017-03-09 22:50:00,직접거래,1,,,판매자와 직접 연락하세요.,,2017-03-25 15:10:45.0
24943,367122170,333,출산/임부용품,"스펙트라 S2유축기+수유패드,모듀저장팩덤",2017-03-08 16:53:00,스펙트라 S2 유축기 판매합니다.,123,,,직접거래,판매완료   판매 상품 사진 및 상세 설명을 적어주세요,2017-03-25 14:58:55.0
25071,367122894,333,출산/임부용품,노발락 2단계 내수용 2통 팝니다,2017-03-08 16:57:00,직접거래,45,,,판매자와 직접 연락하세요.,"판매 상품 사진 및 상세 설명을 적어주세요 노발락 2단계 프랑스 내수용 2통, 45,000원에 팔아요.유통기한은 18년 9월 19일까지입니다.롯데백화점 관악점(9~18시), 신림역(18시 30분), 수유역(19시 30분~20시) 직거래 원합니다.문자 주세요",2017-03-25 14:58:56.0
25220,367123714,333,출산/임부용품,"각시밀 유축기, 수유쿠션, 손목보호대, 유두보호기, 필립스 보틀워머, 아기울음분석기, 땅콩기저귀, 천기저귀, 수유패드, 수유티슈 등 출산용품 여러가지 한번에 해결",2017-03-08 17:01:00,직접거래,1,,,판매자와 직접 연락하세요.,,2017-03-25 14:58:56.0
25622,369882819,333,출산/임부용품,상태좋은 임부복 팔아요 새것도있어요,2017-03-22 01:03:00,직접거래,3000,,,판매자와 직접 연락하세요.,,2017-03-25 15:43:26.0
26185,368530212,333,출산/임부용품,뻬그뻬레고유모차 싸게드립니다.,2017-03-15 14:20:00,직접거래,280000,,,판매자와 직접 연락하세요.,뻬그뻬레고유모차 반값드립니다.상세성명입니다.http://blog.daum.net/bebechou/258064민트그린색입니다. 가격은28입니다.문의하실분은 문자로문의부탁드립니다.010-3357-일일64,2017-03-25 15:24:44.0
26193,368530616,333,출산/임부용품,여름에입히기좋을시원하고독특한전통자수디자인의아기한벌(0-6m)새옷입니다입혀보심알겠지만정말귀한옷입니다보고가세요자카디이쁘고깜찍한(0-12m)체크밀집모자도있어요~새상품들이라선물도가능합니다!!!,2017-03-15 14:22:00,직접거래,1,,,판매자와 직접 연락하세요.,,2017-03-25 15:24:45.0
26194,368530708,333,출산/임부용품,임산부 청반바지 팔아요~ 연청,2017-03-15 14:22:00,임부 반바지,15000,,,직접거래,,2017-03-25 15:24:45.0
26349,368998019,333,출산/임부용품,각시밀 유축기 싱글 최저가 10만 사용횟수 5회미만 ,2017-03-17 17:33:00,각시밀 유축기 싱글 최저가 10만 사용횟수 5회미만,100000,,,직접거래,판매 상품 사진 및 상세 설명을 적어주세요,2017-03-25 14:48:06.0
26696,368532444,333,출산/임부용품,봄여름티셔츠85-90사이즈3장일괄분양,2017-03-15 14:30:00,직접거래,1,,,판매자와 직접 연락하세요.,,2017-03-25 14:51:14.0
