,ID,카테고리_ID,카테고리명,제목,등록날짜,거래구분,판매금액,제품설명,지불방법,배송방법,상세설명,수집날짜
357,367276683,333,출산/임부용품,"베이비 비욘 턱받이, 더블하트 빨대컵세트",2017-03-09 12:07:00,직접거래,18000,,,판매자와 직접 연락하세요.,"판매 상품 사진 및 상세 설명을 적어주세요 1. 베이비 비욘 턱받이(레드)아이 턱받이로 최고죠^^2. 더블하트 빨대컵2개, 스파우트탑1개아이있는집 필수 빨대컵 가볍고 빨대가 실리콘소재로 너무 부드러워 좋아요2번 제품은 다해서 정품매장에서 5만원 넘게 주고 구입했어요빨대컵 1개는 스트로우만 구입해서 쓰심 되요(신형 빨대컵은 몇번안썼어요)1,2번 모두다해서 18000원에 착불입니다.아이있는관계로 찔러보기 에눌 문자 정중히 사양해요^^;;꼭 하실분만 연락주세요010-7222-1575",2017-03-25 15:09:02.0
848,367572559,333,출산/임부용품,해님소독기,2017-03-10 19:27:00,2015.1월 구입하고 1년 잘 사용했습니다.,60000,,,직접거래,판매 상품 사진 및 상세 설명을 적어주세요,2017-03-25 15:12:32.0
1913,369178059,333,출산/임부용품,[미개봉/새상품] 세컨스킨 뱀부 임산부용 10부 레깅스 N6WKL8801,2017-03-18 17:21:00,세컨스킨 뱀부 임산부용 10부 레깅스 N6WKL8801,1,,,직접거래,"세컨스킨 뱀부 임산부용 10부 레깅스 N6WKL8801 입니다.블랙 / 차콜(챠콜, 그레이) 두 가지 가지고 있습니다. 모두 신세계백화점 세컨스킨 매장에서 구매한 정품이고,아예 개봉하지 않은 상품입니다.만삭까지 전혀 부담 없이 입으실 수 있어요. 개당 33,000원에 구매하였습니다.개당 23,000원에 내놓을게요.한 개만 하시면 배송비 3,000원 추가, 두 개 다 하시면 제가 배송비 부담해서 보내드립니다. 좋은 분과 거래할 수 있길요^^ 010-64공사-22일공 으로 연락 주시면 답 빠릅니다.",2017-03-25 15:32:57.0
1920,369178129,333,출산/임부용품,리치코 백엔밸리 시크 지퍼 바디필로우,2017-03-18 17:21:00,리치코 백엔밸리 시크 지퍼 바디필로우,1,,,직접거래,"막달이 되어서야 뒤늦게 알게 되어 한달도 채 못 되는 동안 가지고 있었습니다.친정에 가 있는 마지막 2주 간은 아예 사용하지도 못했구요ㅠㅠ별도의 커버를 구입하여 덧씌워 사용했기 때문에실제 물품은 세탁만 한 번 한 뒤로 사용하지 않은 상태입니다.꺼짐이나 뭉침 전혀 없구요.성남/분당/판교에서 직거래 가능합니다.택배거래도 가능하나 착불 또는 5,000원 추가해주시기 바랍니다.10만원 조금 넘는 가격에 구매했는데, 6만원에 올립니다.010-64공사-22일공으로 문자 주시면 빠른 답변 가등해요.좋은 분께 드릴 수 있었으면 좋겠습니다.",2017-03-25 15:32:58.0
4463,367935101,333,출산/임부용품,[판매완료] 메르베 아기모빌 컬러흑백 세트,2017-03-12 19:48:00,직접거래,1,,,판매자와 직접 연락하세요.,,2017-03-25 15:16:29.0
4685,367935371,333,출산/임부용품,수유 베개 & 범퍼 침대 & 아기 멜빵 & 포대기 덮개 판매합니다.,2017-03-12 19:50:00,-,70000,,,직접거래,"수유 베개가격 [2만원]      옷 사이즈[90 ~ 100]  수유 베개를 구입하실 시,각종 아기 옷 &amp; 아기 모자 &amp; 아기 식판 &amp; 아기 양말 &amp; 손싸개 &amp; 분유 보관통을 같이 드립니다.  범퍼 침대가격 [3만원]  아기 멜빵가격 [1만원]  포대기 덮개가격 [1만원]  ==================================================================================================================== 판매 지역[인천 서구 마전동] 거래[직거래 &amp; 택배 거래 환영] 연락처[010 - 4420 - 9496] 이 연락처로 장시간 연락을 받지 않을 시[010 - 3057 - 1450] 구입하실 분은 문자로 연락주시기 바랍니다.",2017-03-25 14:54:22.0
6217,368655509,333,출산/임부용품,아이허그 아기띠 워머,2017-03-16 02:50:00,아이허그 아기띠 워머,7000,,,직접거래,,2017-03-25 14:50:09.0
6485,368656684,333,출산/임부용품,수유패드 임부복 바지 손목아대 ,2017-03-16 03:42:00,수유패드 임부복 바지 손목아,10000,,,직접거래,마더스베이비 연보라색 손목보호대 새거입니다임부복바지 사이즈 넉넉하구요 새거입니다손목보호대랑 바지 둘다 색깔별로사서 사용해서 안쓴 새거는 판매하려구요마이비수유패드는 베페가서 산건데 저는 젖이안돌아 패드는 뜯어서 두개만쓰고 나머진 그대로네요.. 어차피 낱개포장 되어있는거라 위생은 물론 괜찮습니다3개 모두합쳐서 만원 착불에 판매합니다부산직거래가능합니다문자주세요010 - 9 1 4 7 - 2 0 사 사,2017-03-25 15:26:15.0
7994,369653530,333,출산/임부용품,완전 새제품   스토케  89만원,2017-03-21 00:58:00,새제품,890000,,,직접거래,스토케    미개봉  새제품  89만원   급처  있는   그대로  팔아요   쪽지   남겨주셔요   판매 상품 사진 및 상세 설명을 적어주세요,2017-03-25 15:40:00.0
8067,368031332,333,출산/임부용품,마이비 새싹내추럴 4개 (판매완료),2017-03-13 10:26:00,마이비 세제,12000,,,직접거래,,2017-03-25 15:18:02.0
10253,367586736,333,출산/임부용품,리치코 바디필로우 팝니다. -3만5천-,2017-03-10 20:59:00,구입시기 : 2016. 10월경,35000,,,직접거래,판매 상품 사진 및 상세 설명을 적어주세요 구입시기 : 2016. 10월경상태 : 상쿠션볼륨 좋구요. 안쪽 바깥쪽 얼룩없습니다.사용했으니 사용감 있으나 상태 좋습니다.택배도 가능하나 택배사용시 쿠션이 꺼져요 ㅎㅎ 아이가 태어나고 자리가 부족해서 빨리팔려고 저렴하게 팝니다.직거래시 온수역 1.7호선* 기타문의는 댓글x  문자연락주세요 ^^,2017-03-25 15:12:40.0
11494,368068680,333,출산/임부용품,남양오가닉분유/하기스 신생아기저귀/팝니다.(수유패드드려요),2017-03-13 12:50:00,직접거래,1,,,판매자와 직접 연락하세요.,판매 상품 사진 및 상세 설명을 적어주세요 하기스 신생아 기저귀팝니다. 출산선물로 받은기저귀를 다 못쓰고 다음단계로 넘어갔어요-인터넷 최저가보니  신생아 새것 한팩+쓰던것2/3팩 해서 1만5천원 분유 1만5천  마이비 수유패드 필요하시면같이드려요 새것애기가있어 직거래원해요 옥수동 출산준비하시는분이 한번에 가져가시면 젤 좋을것 같아요~010-73공2-33오육(문자해주세요),2017-03-25 15:18:31.0
14282,367588048,333,출산/임부용품,스펙트라 ,2017-03-10 21:08:00,"작년 10월에 구입 정품, 대리점에서 직접구입..",70000,,,직접거래,"판매 상품 사진 및 상세 설명을 적어주세요         판매 상품 사진 및 상모유량이 적어져 단유하게 되었네요...보시면 아시겠지만..몇개월 사용안한 깨끗한 제품입니다.2016.9월 제조일이니 올해 9월 까지 A/S 걱정안하셔도 됩니다.양축유축이 동시에 가능하니 유축시 시간을 단축시킬수 있습니다.호수,깔대기등 소독기에 돌려 사용해서 위생걱정 안하시고 그대로 쓰셔도 될겁니다.제품구성이 호수,깔대기2세트 인데 소모품이라 한세트는 버렸구요..사용중이던건 10회 미만 사용했어요.. 한세트 새로 구매하시고 이건 비상용으로 가지고 계시는게..출산준비중이시라면 잠깐사용하시는 거지만 꼭 필요한 물건이예요~~잘사용 하시고 구입당시 박스그대로 보내드리니 나중 그대로 되 팔으셔도 될거예요..거래가격은 7만원 입니다.전라도 광주..직거래 가능.. 택배시 착불입니다..010-8307- 공칠공팔전화,문자 주세요...",2017-03-25 15:12:40.0
16069,367591652,333,출산/임부용품,"핸드메이드 파우치 (어린이집 식판, 기저귀 파우치, 화장품, 여행 파우치, 패드 파우치)",2017-03-10 21:30:00,상세페이지 설명,6,,,직접거래,,2017-03-25 15:12:45.0
16846,369670480,333,출산/임부용품,앱솔루트 명작 400g 1단계 1통 5천원 팝니다,2017-03-21 07:50:00,앱솔루트 명작 400g 1단계 1통 5천원 팝니다,5000,,,직접거래,앱솔루트 명작 400g 1단계 1통 5천원 팝니다대구시 달서구 파호동 삼성명가타운 입니다.유통기간 넉넉합니다.   판매 상품 사진 및 상세 설명을 적어주세요,2017-03-25 15:40:14.0
17156,368460480,333,출산/임부용품,[판매완료] 에코센 무선 버블 좌욕기(한번도사용안함),2017-03-15 09:26:00,직접거래,15000,,,판매자와 직접 연락하세요.,판매 상품 사진 및 상세 설명을 적어주세요      에코센 무선 버블 좌욕기,2017-03-25 15:23:42.0
19579,369841485,333,출산/임부용품,수유쿠션/회음부방석/산후복대/발목보호대/딸랑이(치발기)세트 일괄판매,2017-03-21 21:17:00,직접거래,20000,,,판매자와 직접 연락하세요.,"판매 상품 사진 및 상세 설명을 적어주세요 1. 수유쿠션(너리싱필로우)2. 회음부방석(마더스베이비)3. 산후복대(맘스데이70(m))4. 발목보호대5. 딸랑이(치발기)세트위 5가지 항목 사진나와있는 그대로 일괄판매합니다. 택포 20,000원 입니다.010-9190-4864",2017-03-25 14:41:10.0
20601,368922622,333,출산/임부용품,해님 젖병소독기 노란색 팝니다 5만원,2017-03-17 11:29:00,1년정도사용했습니다 1세대입니다,50000,,,직접거래,판매 상품 사진 및 상세 설명을 적어주세요 해님젖병소독기팝니다 1년정도 사용했구요 전화나 문자주시면 사진보내드립니다 낮에는 강서구화곡동 밤엔 주안역 직거래 가능합니다0104787육육팔구,2017-03-25 15:29:43.0
20602,368922773,333,출산/임부용품,"각시밀 유축기, 수유쿠션, 손목보호대, 유두보호기, 필립스 보틀워머, 아기울음분석기, 땅콩기저귀, 천기저귀, 수유패드, 수유티슈 등 출산용품 여러가지 한번에 해결",2017-03-17 11:30:00,직접거래,1,,,판매자와 직접 연락하세요.,,2017-03-25 15:29:44.0
20795,368037946,333,출산/임부용품,마미즈 산전복대 새상품 택배포함 판매합니다 ---판매완료---,2017-03-13 10:49:00,직접거래,15000,,,판매자와 직접 연락하세요.,,2017-03-25 14:53:51.0
21318,368042695,333,출산/임부용품,(할인)리안 스핀 LX2016 +브라이트스타트바운서 ,2017-03-13 11:07:00,"우리 아이가 1월생이라 출산용품으로 킨텍스에서 2015년 12월에 구매한 유모차 입니다.실사용 많진않아요   상태 매우양호 합니다.브라이트스타트바운서,유모차모빌,컵홀더,가방걸이, 풋머프, 케리콧커버,방풍커버,바퀴커버 ,유모차 정리함 , 유모차 쿠션 모두 드려요",250000,,,직접거래,판매 상품 사진 및 상세 설명을 적어주세요 서울시 양천구 목3동입니다등촌역과 근접합니다직거래만 가능하구요유모차정리함과 방풍커버만 사용했어요다른건 새제품이예요깨끗이 세탁해놨구요유모차모빌과 컵홀더 가방걸이도 드릴께요바운서5만원에 내놓은상품인데 그냥 덤으로 드려요아이가 바운서 타는걸 싫어해서 거의 새상품이예요,2017-03-25 15:18:11.0
21576,370399998,333,출산/임부용품,[유모차] 잉글레시나 트릴로지 유모차,2017-03-24 12:45:00,"200,000",200000,,,2015년 5월에 구마해서 8월부터 2016년 8월까지 사용했습니다 풋워머는 한번도 사용하지 않았고요 작년8월부터는 휴대용유모차를 가끔 이용하기때문에 사용을 하지 않고 있네요,,2017-03-25 15:53:13.0
21928,368047883,333,출산/임부용품,세컨스킨 모달 브라 세종 팝니다.(블랙 하늘색은새상품),2017-03-13 11:26:00,직접거래,20000,,,판매자와 직접 연락하세요.,"세컨스킨 모달 브라 삼종 팝니다. 핑크색만 두세번 입은거 같고, 하늘색 검정색은 새상품이에요. 보시면 알꺼에요. 택포 해서 이마넌 이구요. 관심있으신 분 위에 안심번호로 연락주세요.^^~",2017-03-25 15:18:15.0
24969,368466703,333,출산/임부용품,(리뉴얼)앱솔루트 궁 스틱 4단 (저렴해요!!!),2017-03-15 09:54:00,(리뉴얼)앱솔루트 궁 스틱 4단 (저렴해요!!!),7500,,,직접거래,(리뉴얼)앱솔루트 궁 스틱 4단  -1박스당 20봉스틱 4단 유통기한 17년 9월부터~1박스당 7000원 택비 2500원 별도입금후 다음날 발송해요(주말 발송없음)010-9185-1452(리뉴얼)앱솔루트 궁 스틱 4단 (저렴해요!!!),2017-03-25 15:23:48.0
25207,368467347,333,출산/임부용품,파스퇴르 무항생제 1단계*6캔 -일반캡(택포135000원),2017-03-15 09:57:00,파스퇴르 무항생제 1단계*6캔 -일반캡(택포135000원),135000,,,직접거래,파스퇴르 무항생제 위드맘 1단 6캔-택포135000원유통기한 17년 10월담날 발송010-9185-1452택배 발송이라 운송도중에 찌그러짐생길시반품 환불 교환 안되요파스퇴르 무항생제 1단계*6캔 -일반캡(택포135000원),2017-03-25 15:23:50.0
25285,368467794,333,출산/임부용품,파스퇴르 무항생제 3단계*3캔 -안심캡,2017-03-15 09:59:00,파스퇴르 무항생제 3단계*3캔 -안심캡,72000,,,직접거래,파스퇴르 무항생제 위드맘 3단 3캔-택포 72000원(딱 3캔됨돠)유통기한 18년 최신제조 분유 발송10시전 당일 발송010-9185-1452우체국 택배로 보냅니다 운송도중에 찌그러짐생길시반품 환불 교환 안되요파스퇴르 무항생제 3단계*3캔 -안심캡,2017-03-25 15:23:50.0
25374,368468500,333,출산/임부용품,밤부베베 목욕타월 판매합니다,2017-03-15 10:01:00,밤부베베타월 대나무 타월,25000,,,직접거래,대나무로 만든 밤부베베 목욕타올입니다!순면 속싸개로 사용해도 좋다고 나와있내요새상품이구요 출산 선물로도 좋아요! 사이즈는 85*85 사이즈 입니다개당25000원입니다! &lt;착불&gt;2개 구매시 택포 5만원에 해드릴께요!직거래 서울불광이나 일산 백석역 가능합니다!꼭 구매하실분만 문자주세요!,2017-03-25 14:51:35.0
28046,368058803,333,출산/임부용품,안전거래결제창입니다 1150님 ,2017-03-13 12:08:00,"19,300",19300,,,안전,판매 상품 사진 및 상세 설명을 적어주세요 택포 19000 입니다,2017-03-25 14:53:48.0
28240,369171058,333,출산/임부용품,미고미니16 그레이 유모차 A급판매,2017-03-18 16:38:00,직접거래,160000,,,판매자와 직접 연락하세요.,"판매 상품 사진 및 상세 설명을 적어주세요 안녕하세요.미고미니 유모차 그레이(레드,라임색상도가능)색상5대를 한정판매합니다.가격은 160,000원입니다.궁금하신점은 010  2802  7676 으로 문의하시면 됩니다.감사합니다.",2017-03-25 15:32:52.0
31413,369175133,333,출산/임부용품,신상 2017 미고미니유모차 한정판매품,2017-03-18 17:02:00,새상품으로 미개봉상품입니다.,100,,,직접거래,"판매 상품 사진 및 상세 설명을 적어주세요 미고미니플러스2 (2017년형)모델입니다. 색상은 그레이,모카베이지,파우더불루,데님입니다. 사은품,택배비포함입니다.궁금하신점은 010-2802-7676으로 ~ 감사합니다. 최선을다하겠습니다.",2017-03-25 14:46:53.0
