,ID,카테고리_ID,카테고리명,제목,등록날짜,거래구분,판매금액,제품설명,지불방법,배송방법,상세설명,수집날짜
3036,370300256,333,출산/임부용품,멘델라 휴대유축기,2017-03-23 22:43:00,멘델라 휴대유축기,25000,,,직접거래,"멘델라 유축기 택포 25,000원입니다.거의 사용안한 새거에요.전기.전전지 모두 사용 가능합니다.연락주세요^^010 5521 1119   판매 상품 사진 및 상세 설명을 적어주세요",2017-03-25 15:50:26.0
3586,368943274,333,출산/임부용품,에르고속싸개... 세탁만한 제품,2017-03-17 13:00:00,속싸개를 불편해서 세탁만하고 한번도 사용안한 제품입니다.,30000,,,직접거래,속싸개를 불편해서 세탁만하고 한번도 사용안한 제품입니다.사용감 전혀없고 박스도있어용택포함 3만원이며 덤으로 유트러스 속싸개도 같이드릴게용,2017-03-25 15:30:05.0
3685,368943578,333,출산/임부용품,가격다운)엘레니어 세스토 트윈 유모차 판매,2017-03-17 13:02:00,직접거래,380000,,,판매자와 직접 연락하세요.,,2017-03-25 15:30:06.0
3768,370302713,333,출산/임부용품,임산부만삭사진 핸드메이드헤어핀,2017-03-23 22:56:00,직접거래,9900,,,판매자와 직접 연락하세요.,,2017-03-25 15:50:30.0
4070,368932902,333,출산/임부용품,라스깔라(LA SCALA) 디럭스 유모차 팔아요. 직거래(부산)만 가능,2017-03-17 12:13:00,직접거래,50000,,,판매자와 직접 연락하세요.,"판매 상품 사진 및 상세 설명을 적어주세요 애들이 많이 커서 필요없게 되어서 팝니다뒷바퀴가 커서 안정감있고,바람막이 비닐이 전체적으로 씌워져 겨울에 사용하기도 좋아요신생아 요람도 있어요깨끗하게 세탁했어요.트렁크 넣으실 때 2단 분리해야하는데 분리하는 방법은 구매하러 오시면 가르쳐드릴께요(어렵지 않아요^^)부산 사하구 직거래만 합니다.공일일-구오사육-둘둘구공",2017-03-25 15:29:55.0
6276,368070069,333,출산/임부용품,젖병소독기  택포25000원,2017-03-13 12:56:00,직접거래,25000,,,판매자와 직접 연락하세요.,"젖병소독기 입니다.4년전에 샀는데 2,3번 사용하고 안 써서 창고에 놓어놨더니 윗부분과 옆 부분이 노랗게 착색이 되어있습니다.안엔 깨끗하고요작동 확인 했는데 자동,설균,환기 잘 됩니다.설면서도 있습니다.중고라는걸 이해해주실 분만 연락주세요문자로 01020270395 입니다.제가 임신9개원이고 아이도 있어서 직거래 불가능합니다.보낼 때 편의점택배로 보낼거고, 포장제 잘 써서 보냅니다.죄송하지만 반품이 안됩니다..ㅠ앞 사진  안의 사진  뒤면  착색 부분   적외선 저온건조  자외선살균  환기  설명서",2017-03-25 14:53:43.0
9723,369968231,333,출산/임부용품,"크림하우스,유아매트,애벌레촉감인형,깜짝볼,뽀로로장난감,뽀로로오뚝이,우리슬링,아기목튜브,바운서,피셔,피아노짐,퀵앤플레이,아기체육관,애착인형,부시럭책,치발기,타이니매트,온습도계,탕온도계,육아용품많아요",2017-03-22 13:08:00,1,1,,,직접거래,,2017-03-25 14:40:22.0
10049,368074604,333,출산/임부용품,마더스베이비  상태A급 ㅠㅠ 수유쿠션 판매합니다,2017-03-13 13:15:00,아기가 유당불내증이라 모유를 못먹고 특수분유를 먹었어요.,35000,,,직접거래,"판매 상품 사진 및 상세 설명을 적어주세요       중고나라 공식 앱 다운받기      편한 택배 / 퀵 신청하기 판 매 양 식아이디dkdusdl74이메일dkdusdl74@naver.com거주지역서울 관악구판매 제품명마더스베이비 빅업 민트스트라이프 수유쿠션구입시기2015년 12월희망가격47000→ 40000원 거래방법직거래, 택배,  안전거래상세설명사진 및 상세내용자.전.거 거래시 차대번호 필수 (미 기재시 삭제처리)   2015년 12월에 gs shop에서 구매한 마더스 베이비 민트빅업 수유쿠션이에요  저희아기가 12월 29일 생인데... 아기가 유당불내증이라 모유를 못먹고 특수분유를 먹었어요.  지금은 분유는 뗏고 쿠션은 그대로 보관중이라 판매합니다.  gs가 72000원에 삿는데 택배비 포함35000원에 팝니다ㅠ  실사용 5회미만이구요 ㅠㅠ세탁다해놓은 진짜 완전 5번도 안쓴 새거에요..흑  구매하시면 아기양말 2켤레도 같이 보내드려요.",2017-03-25 15:18:34.0
10526,368080244,333,출산/임부용품,에르고☆포르토피노아기띠 (애기용품 필요하심 말씀하세요 기분좋은 덤으로 함께드려요,2017-03-13 13:39:00,직접거래,80000,,,판매자와 직접 연락하세요.,"판매 상품 사진 및 상세 설명을 적어주세요 작년 초쯤에 구입한 에르고 아기띠 포르토피노에요.큰애때 사용하던 아기띠가 둘째때는 불편해서 30일때 즈음 구입해서신생아패드없이  100일 까지 큰놈 등하원 할때만 사용했었네요아이가 둘이다 보니 외출을 잘 안한는 편이어서많이 사용하지는 않았어요. 아직도 빳빳한?느낌이 있구요부자재또한 깨끗하네요 포르토피노 아기띠는 20키로까지 사용이되고 앞ㆍ뒤ㆍ한쪽으로 다양하게 멜수있는데요 두꺼운 굵기때문인가 피로감이 덜해요꽃모양으로 아줌마코디 아쟈씨코디에도 절때 기죽지않네요.워머는 에르고뿐만아니라 다른 힙시트에도 호환이되구요봄가을겨울 편하게 사용되고 별도에 담요를 갖고 다니지 않으셔도 되요 외출시 애들 눕히고 기저귀착용할때도 사용굿이죠!상태가 깨끗하기는 하지만 중고라는 점 감안하시길 바래요.저는 하두 의심이많아서 백화점에 직접가서 구입했어요인터넷이 더 싸다는거 아는데 as면이나 직접 착용하고 비교해보려구요박스는 어딘가에 있을거같은데 두아이때문에 찾기가 힘드네요ㅠ 전체적으로 깨끗하구요, 헤지거나 닳은 곳은 찾아봤는데 없는것 같아요.(혹시 있을 수도 있지만 제 눈엔 안보이네요. ^^;;) 저 나름 깨끗하게 물건쓰는 사람이라.... ^^이것도 아끼며 사용했어요.에르고아기띠와 워머 쿨시트를 택배비 별도 80.000원에 내놓아요 지렁이인형과 애기책 쏘서 애기의자랑 챙겨드릴게 쫌 있는데 직접 가질러 오셔두되요아이를 키우는집이라 아이옷과 몇개의 아이용품을 챙겨드리고 싶어 그런거구요 필요없다하심 굳이 안가져가셔두되요 궁금하신거 있으심 쪽지나 문자주시구요 애엄마라 답변이 늦을수있다는 점 잊지말아주세용 감기조심하세요",2017-03-25 15:18:41.0
11397,368947137,333,출산/임부용품,완료~~~ 아기침대 애기침대 매트리스 천안 두정동 무료로 드려요.,2017-03-17 13:18:00,직접거래,10,,,판매자와 직접 연락하세요.,,2017-03-25 15:30:09.0
13517,368477746,333,출산/임부용품,서울대 배로맛있는 약콩두유 60팩  택포4만,2017-03-15 10:39:00,직접거래,40000,,,판매자와 직접 연락하세요.,,2017-03-25 15:23:56.0
14697,369573398,333,출산/임부용품,쁘띠앤폴릭 30정 쁘띠앤포텐큐 가격내림,2017-03-20 17:52:00,쁘띠앤폴릭 30정 쁘띠앤포텐큐160정,30000,,,직접거래,쁘띠앤폴릭 새거 30정 쁘띠앤포텐큐 새거 90정 하구 새거에서 20정은 복용해서 70정 남은거 3가지 일괄 구매하실분만 연락주세요~저번달에 구매한거라 유통기한 충분합니다~직거래 하셔도되구 택배도 됩니다.직거래는 남양주 별내 또는 노원구쪽에서 거래 가능합니다.,2017-03-25 15:38:47.0
15033,367621742,333,출산/임부용품,"압타밀,힙분유 팔아요.",2017-03-11 01:02:00,직접거래,1,,,판매자와 직접 연락하세요.,판매 상품 사진 및 상세 설명을 적어주세요   * 이벤트 진행중이예요~압타밀 프로누트라 800gx6 145000원,2017-03-25 15:13:05.0
15232,367623448,333,출산/임부용품,스펙트라 Dew(고급형)350 블루(판매 완료),2017-03-11 01:21:00,2013년 제조 사용기간은 3달정도,18000,,,직접거래,"저녁 늦게라도 안자고 있음 언제든 답변 드릴께요.문자 주시면 계좌번호 드릴께요~판매자 정보 참고(010-이공공육-)댓글보다는 문자가 빨라요!! 직거래 망원1동 서서울 농협앞 16,000원",2017-03-25 15:13:07.0
15863,369959706,333,출산/임부용품,각시밀 유축기,2017-03-22 12:31:00,2013년도 구입했습니다.,30000,,,직접거래,2013년도 구입했습니다.처음 모유수유 할때만 사용후 보관해두어서사용감 많지 않습니다.색바램 없고 작동 이상없습니다.소모품은 소독해둔거라 드리지만 새로 구입하셔서 사용하셔야 할거예요~무게상 직거래 가능. 택배시 2500원 강북구 수유동010-사7육3-8716,2017-03-25 15:44:39.0
18013,369577152,333,출산/임부용품,닥터브라운 젖병 + 유미젖병,2017-03-20 18:12:00,1,1,,,직접거래,판매 상품 사진 및 상세 설명을 적어주세요일괄-4만5천원에 판매합니다.,2017-03-25 15:38:49.0
21887,368923586,333,출산/임부용품,태교책판매해요,2017-03-17 11:33:00,직접거래,15,,,판매자와 직접 연락하세요.,,2017-03-25 15:29:44.0
21924,368923593,333,출산/임부용품,점보의자 유아변기 기저귀 유아텐트 포대기 핫슬링 범보의자 뒤집기방지쿠션 트레이 점보의자 아기변기 볼텐트 피셔프라이스 부스터 80-90사이즈 남아 옷,2017-03-17 11:33:00,직접거래,1,,,판매자와 직접 연락하세요.,,2017-03-25 15:29:45.0
23065,368473157,333,출산/임부용품,"마더스베이비수유쿠션,모비랩캐리어,범보의자",2017-03-15 10:21:00,직접거래,111111,,,판매자와 직접 연락하세요.,"판매 상품 사진 및 상세 설명을 적어주세요 1. 모비랩캐리어 -  15,000원  착불신생아부터 캥거루케어및 아기띠대용으로 4개월정도 사용했습니다.양손편하고 아기 완전 잘 자요.표시한 부분이 세탁을 잘못해서 색이 살짝 바래긴 했는데 사용하는데는 아무지장없습니다.2. 젤리맘 범보의자 - 5,000원 착불트레이 없는 범보의자입니다.상태 깨끗해요.3. 마더스베이비 수유쿠션 - 20,000원 착불실 사용은 한 달도 안되요.얼룩이 있는데 세탁을 해도 안지워지네요.직거래(서울 성북가 장위동) , 택배(착불) 다 가능합니다.애기가 잘 수 있으니 안심번호로 문자주세요.",2017-03-25 15:23:51.0
23393,368085403,333,출산/임부용품,시밀레s3 판매합니다,2017-03-13 14:01:00,직접거래,9,,,판매자와 직접 연락하세요.,,2017-03-25 15:18:43.0
24767,369582325,333,출산/임부용품,네블라이저 VOYAGE 호흡기치료기  ,2017-03-20 18:40:00,직접거래,80000,,,판매자와 직접 연락하세요.,판매 상품 사진 및 상세 설명을 적어주세요 네블라이저 VOYAGE 호흡기치료기임니다 이탈리아제품임니다정상작동하며.제품과연결호스있습니다.위생상호흡기마스크는 약국에서구매할수있습니다.구입하여사용하세요.저렴함니다사용빈도가많지안아 팝니다.저렴하게팝니다저가 제품보다 성능이좋아요모터짱짱함니다미세면지가많은요즘아이들과어른호흡기가안좋으면 집에서간단하게치료하시면효과가좋아요...비용도저렴하지요.직거래밎 택배거래함니다택배세착불임니다제품에손잡이가있어 이동도편함니다01036208395  반품은안됌니다.,2017-03-25 15:38:55.0
25149,368085725,333,출산/임부용품,"[완전새것,가격인하] 스펙트라 S2+ , 유축기 깔대기&호스 2쌍, 모유저장팩 90매, 젖병3개",2017-03-13 14:02:00,제조년월 2017.1 완전새상품,90000,,,직접거래,"판매 상품 사진 및 상세 설명을 적어주세요 스펙트라 S2+ 유축기 한 달 사용한 새상품입니다~제조년월 2017년 1월로 가장 최근제품이구요깔대기,호스는 그린맘사이즈 1개, 더블하트사이즈 1개로 총 2쌍 들어있어요.모유저장팩 90매 같이 보내드립니당~원래 구성품 외에 스펙트라 젖병 2개 추가로 더 챙겨드려요.박스 완제품으로 뾱뾱이 까지 싸서 보내드릴게요!!택배비 포함 9만원010-2구31-구69일",2017-03-25 15:18:43.0
25620,368090165,333,출산/임부용품,"[완전새것,가격인하] 스펙트라 S2+ , 유축기 깔대기&호스 2쌍, 모유저장팩 90매, 젖병3개",2017-03-13 14:21:00,제조년월 2017.1 완전새상품,90000,,,직접거래,"판매 상품 사진 및 상세 설명을 적어주세요 스펙트라 S2+ 유축기 한 달 사용한 새상품입니다~제조년월 2017년 1월로 가장 최근제품이구요깔대기,호스는 그린맘사이즈 1개, 더블하트사이즈 1개로 총 2쌍 들어있어요.모유저장팩 90매 같이 보내드립니당~원래 구성품 외에 스펙트라 젖병 2개 추가로 더 챙겨드려요.박스 완제품으로 뾱뾱이 까지 싸서 보내드릴게요!!택배비 포함 9만원010-2구31-구69일",2017-03-25 15:18:48.0
26022,368092507,333,출산/임부용품,콤비 F2 플러스 비비드 그린색상 새제품 팝니다. ,2017-03-13 14:31:00,직접거래,160000,,,판매자와 직접 연락하세요.,판매 상품 사진 및 상세 설명을 적어주세요 매장에서 판매했던 박스 개봉 안한 새제품(그린) 16만원에 내놓습니다. 콤비 정품이며 정품인증 A/S 완벽하게 가능합니다.관심있으신분 연락 바랍니다. 감사합니다. 031-905-4607,2017-03-25 15:18:49.0
27139,367629077,333,출산/임부용품,구형아벤트 젖병 워머,2017-03-11 03:19:00,직접거래,14000,,,판매자와 직접 연락하세요.,,2017-03-25 14:55:48.0
28296,369953344,333,출산/임부용품,기탄교육 다중지능계발 클래식 선집 CD 20개+해설집1권,2017-03-22 12:04:00,음악,15000,,,직접거래,"판매 상품 사진 및 상세 설명을 적어주세요 기탄교육 다중지능계발 클래식선집 CD20개 와 해설서1권입니다.임산부 태교용, 아기들,수험생들에게도 유익합니다.상태깨긋합니다010 2211 0156 문자주세요.강남고속터미널역 직거래가능그외지역 택포 15000원  판매 상품 사진 및 상세 설명을 적어주세요",2017-03-25 15:44:33.0
29107,369845779,333,출산/임부용품,"바디필로우,젖병,천기저귀,기저귀,넥필로우,아기로션,속싸개 팝니다",2017-03-21 21:37:00,직접거래,40000,,,판매자와 직접 연락하세요.,,2017-03-25 15:42:48.0
34548,370287843,333,출산/임부용품,어보2 브리타니아 체스넛 판매해요~~,2017-03-23 21:37:00,브리타니아 체스넛,1111,,,직접거래,판매 상품 사진 및 상세 설명을 적어주세요 어보2 브리타니아체스넛입니다~~실사용 5회 미만입니다.시력보호커버는 새것이고 보니라이너는 1회 사용했어요~~~!!함께 드려요!!40만원입니다.김포 직거래 환영해요~~~~원하신다면 택배도 가능합니다.,2017-03-25 15:50:10.0
34731,367645646,333,출산/임부용품,포그네 힙시트팝니다,2017-03-11 09:22:00,상태는양호하며 포그네힙시트 베이지색상입니다,20000,,,직접거래,,2017-03-25 15:13:20.0
36742,367611224,333,출산/임부용품,아토팜 포함 홈쇼핑 미개봉 새상품 판매합니다^^(당일발송),2017-03-10 23:37:00,아토팜 MLE 크림 65ml,10000,,,직접거래,"▶5만원 이상 무료배송입니다.(그외에 배송비 3000원) ▶모두 새상품,정품 입니다.^^▶익산,군산 직거래 가능해요^^▶편하게 연락주세요 유통기한 요청 가능합니다.▶댓글보다 카톡이나 문자 연락이 빠릅니다.(댓글 잘 확인못해요)▶010-6697-1002 (24시간 언제든 연락환영입니다)#################터무니 없는 가격 에누리 문자 절대 사절***2017년 최신상 메이뉴욕 슈퍼클리어 퓨어선스틱 시즌2# 22g &gt;&gt;&gt;&gt;&gt;&gt;&gt;&gt;    12000 원# 17g &gt;&gt;&gt;&gt;&gt;&gt;&gt;&gt;     9000  원*유통기한 :2020.02.15●●●●●●●●아이오페●●●●●●●●1.아이오페 스템셀 3종(스킨,에멀전)+스템셀 크림 2개&gt;&gt;&gt;&gt;&gt;&gt;&gt;&gt;&gt; 36000원*구성품 스킨,에멀전,크림 2개,선물용 쇼핑백!*유통기한 스킨 :19.05.03/에멀전:19.04.28/크림19.02.172.아이오페 리바이탈라이징 세럼,크림 (각 40ml)  &gt;&gt;&gt;&gt;&gt;&gt;&gt;&gt;&gt;&gt;&gt;&gt;&gt;&gt;&gt;&gt; 각 6500원유통기한/ 세럼:19.04.17 / 크림 19.04.113.아이오페  뉴트리셔스 세럼(회색)-영양라인    아이오페 뉴트리셔스 크림 *유통기한 : 세럼40ml / 2019.03.23                 크림40ml/  2019.02.21                                     &gt;&gt;&gt;&gt;&gt;&gt;&gt;&gt; 각 6500원4.아이오페 모이스처 세럼,크림 (수분,화이트닝)                              &gt;&gt;&gt;&gt;&gt;&gt;&gt;  각 6000 원*유통기한 : 세럼/19.04.17 , 크림/19.04.115.스템셀 3종 키트(스킨,로션,크림)                       &gt;&gt;&gt;&gt;&gt;&gt;&gt;&gt;&gt;   3000원*스킨(25ml),에멀전(25ml),크림(15ml)6.아이오페 나이트크림(40ml)                 &gt;&gt;&gt;&gt;&gt;&gt;&gt;&gt;&gt;  5000 원*유통기한 : 2019.03.167.아이오페 에센셜퍼스트세럼 (45ml)                          &gt;&gt;&gt;&gt;&gt;&gt;&gt;  6000원*유통기한:2020.01.158. 아이오페 비타민앰플(30ml)                 &gt;&gt;&gt;&gt;&gt;&gt;&gt;&gt;&gt;&gt;      8000 원*유통기한: 2018.03.269.NEW아이오페 커버바닐라 에어쿠션/눈꽃쿠션*** 21호or 23호 선택 가능#본품 &gt;&gt;&gt;&gt;&gt;&gt;&gt;&gt; 17000원#리필 &gt;&gt;&gt;&gt;&gt;&gt;&gt;&gt; 11000원#본품+리필 세트 &gt;&gt;&gt;&gt;&gt;&gt;&gt;&gt;&gt;&gt;&gt;&gt;&gt; 25000원&amp;유통기한 : 2019.09.2110.아이오페 에어쿠션RX 골드(21호 or 23호)           본품+리필 세트 &gt;&gt;&gt;&gt;&gt;&gt;&gt;&gt;&gt;   18000 원*유통기한: 2019.09.2711.에코글램 샴푸 (자연유래성분,천연샴푸)*1000ml  &gt;&gt;&gt;&gt;&gt;&gt;&gt;&gt;&gt;        14000원*500ml   &gt;&gt;&gt;&gt;&gt;&gt;&gt;&gt;&gt;          7000원12.에코글램 케어 키트 4종 세트 &gt;&gt;&gt;&gt;&gt;&gt;&gt;&gt; 12000 원*구성품 - 에코글램샴푸 110ml 2개  / 2019.05.08            에코글램 클렌저 110ml 1개 / 2019.05.14            에코글램바디로션 110ml 1개 / 2019.05.15●●●●●●리엔케이●●●●●●13.리엔케이 리바이탈 앰플30ml,리바이탈크림50ml 2종                   &gt;&gt;&gt;&gt;&gt;&gt;&gt;&gt;&gt;&gt;&gt;&gt;&gt; 2종  17000원*유통기한 : 18.05.0414.리엔케이 페이스업리프팅4종세트 (스킨,에멀전,에센스,크림)                             &gt;&gt;&gt;&gt;&gt;&gt;&gt;&gt;&gt;&gt;   33000 원*유통기한:스킨(120ml)/2019.04.26    에센스(30ml)/19.04.04              에멀전(120ml)/ 2019.04.04 크림(50ml) / 19.04.0415.리엔케이 링클리페어 3종세트(토너,에멀전,세럼)                                  &gt;&gt;&gt;&gt;&gt;&gt;    27000원*유통기한 : 토너/2018.04.03   에멀전/2018.04.03                 세럼/2018.06.06                                                              ●●●●●●● A.H.C ●●●●●●●16.AHC순면마스크팩            &gt;&gt;&gt;&gt;&gt;&gt;&gt;&gt;  1장당 600원            &gt;&gt;&gt;&gt;&gt;&gt;&gt;&gt;  1박스14000원*원하시는대로 색깔 섞어서 가능합니다.*보라색(탄력,강화) : 2020.06.22*노란색(미백,탄력) : 2020.07.13*초록색(영양,탄력) : 2020.06.26*파란색(수분,탄력) :2020 07.1217. A.H.C 더 퓨어 리얼 아이크림 시즌 5(30ml) &gt;&gt;&gt;&gt;&gt;&gt;&gt;&gt;&gt;&gt; 6500원 (12ml) &gt;&gt;&gt;&gt;&gt;&gt;&gt;&gt;&gt;&gt; 2000원*AHC 리얼 아이크림 스페셜 데이 30ml &gt;&gt;&gt;&gt;&gt;&gt;  7000원*AHC 리얼 아이크림 스페셜 나이트 30ml &gt;&gt;&gt;&gt;   7000원*유통기한 : 2019.02.0318.A.H.C 프라임 엑스퍼트 기초세트(스킨,로션,크림)+쇼핑백&gt;&gt;&gt;&gt;&gt;&gt;&gt;&gt;&gt;&gt;&gt;&gt;&gt;&gt;29000원*탄력,미백,리프팅 3중케어가 가능한 상품,선물용으로 최고!*토너,로션 (각 130ml),크림 (50ml)*유통기한 : 스킨/19.02.20 로션/19.02.22 크림/19.02.2119.AHC ""캡처솔루션앰플 시즌2"" 50ml                                  &gt;&gt;&gt;&gt;&gt;&gt;&gt;&gt;  각 8000원*캡처 모이스트 솔루션앰플 / 보습,수분**유통기한 2019.04.1120.AHC 수분 콜라겐 스킨,로션 2종                            &gt;&gt;&gt;&gt;&gt;&gt;&gt;&gt;  17000 원*유통기한: 스킨/18.12.13                로션/18.12.13●●●●●●●맥스클리닉●●●●●●●21.맥스클리닉 프로폴리스 블랙 마스크팩 1박스(4장)                                        &gt;&gt;&gt;&gt;&gt;&gt;&gt;   5000원22.맥스클리닉 로얄캐비어 클렌저(110ml)                            &gt;&gt;&gt;&gt;&gt;&gt;&gt;&gt;  9000원*유통기한 :2019.05.1723.맥스클리닉 에이지 디파잉 기초 3종세트                       &gt;&gt;&gt;&gt;&gt;&gt;&gt;&gt;&gt;&gt;&gt;   17000원#풍부한 보습과 영양,탄력있는 피부로 가꾸어주는기초세트*스킨:2019.05.22 / 로션:2019.05.22/ 2019.05.22  24.맥스클리닉 펩타이드 28 드롭 앰플(10ml*4병)                                    &gt;&gt;&gt;&gt;&gt;&gt;&gt;&gt;&gt;&gt; 10000원*유통기한 : 19.03.26●●●●●●●한스킨●●●●●●●25. &lt;시즌2&gt;한스킨 리얼 컴플렉션크림EX/한지민크림/톤업크림                                       &gt;&gt;&gt;&gt;&gt;&gt;&gt;&gt; 20000원*유통기한 19.07.2126.한스킨 바이오프리즘 크리미세럼 30ml                              &gt;&gt;&gt;&gt;5000원*유통기한 : 크리미 / 19.05.22★ ★ ★ ★ ★아토팜 ★ ★ ★ ★ ★ 27.아토팜 MLE로션 * 60ml         &gt;&gt;&gt;&gt;&gt;&gt;&gt;     4000원*제조일자 : 2016.12.14제조28.아토팜 마사지 바디오일크림(200ml)&gt;&gt;  12000원*제조일자:2016.11.0729.아토팜 탑투토워시 (200ml)                    &gt;&gt;&gt;&gt;&gt;&gt;    11000 원30.아토팜 MLE크림(65ml)                      &gt;&gt;&gt;&gt;&gt;&gt;&gt;&gt;&gt;   10000 원●●●●●● 엘렌실라 ●●●●●●31.엘렌실라 달팽이크림 스틱 14g*유통기한: 2019.02.20                        &gt;&gt;&gt;&gt;&gt;&gt;&gt;&gt;&gt;   6000 원32.엘렌실라 달팽이크림 *50ml &gt;&gt;&gt;&gt;&gt;&gt;&gt;&gt;&gt;&gt;   10000 원*25ml(튜브형) &gt;&gt;&gt;&gt;     5000 원*제조일자 : 17.2월 제조33.엘렌실라 럭셔리 다이아몬드 레디언스 크림(30g)&gt;&gt;&gt;&gt;&gt;&gt;   4000원*최신상,다이아몬드 가루 1캐럿이 함유된 크림*제조일자 2016.11.0834.엘렌실라 CPP프로폴리스 골드크림                         &gt;&gt;&gt;&gt;&gt;&gt;   5000원35.엘렌실라 세라마이드 크림                             &gt;&gt;&gt;&gt;&gt;&gt;&gt;   7000원 *세라마이드 성분 1,000ppm함유 ,보습최강크림*제조일자 : 2017.1월36.엘렌실라 CPP프로폴리스 골드앰플*15ml   &gt;&gt;&gt;&gt;&gt;&gt;&gt;&gt;&gt;&gt;    4000 원*75ml   &gt;&gt;&gt;&gt;&gt;&gt;&gt;&gt;&gt;&gt;  14000 원37.엘렌실라 CPP콜라겐 아이크림 20g                                      &gt;&gt;&gt;&gt;&gt;&gt;&gt;&gt;&gt;   3000 원                                ★★★★★  동국제약 센텔리안 24  ★★★★★38.동국제약 마데카 더마 마스크팩투 1박스(10장)                                     &gt;&gt;&gt;&gt;&gt;   7000원39.&lt;동국제약&gt;센텔리안 마데카크림 시즌2◆ 마데카크림 50ml &gt;&gt;&gt;&gt;&gt;&gt;&gt;&gt;&gt;&gt;  17000원◆ 마데카크림 15ml &gt;&gt;&gt;&gt;&gt;&gt;&gt;&gt;&gt;&gt;    6000원유통기한:2019.09.21/201910.0440.동국제약 센텔리안24 마데카 솔루션 에센스 플러스 120ml*유통기한 : 2018.11.29                                  &gt;&gt;&gt;&gt;&gt;&gt;&gt;  12000원   41.세타필 로션⛧⛧⛧⛧최신 리뉴얼제품♡세타필 로션 473g &gt;&gt;&gt; 14000원- 유통기한 2019. 06.1542.대웅제약 이지듀*DW-EGF 크림 50ml &gt;&gt;&gt;&gt;&gt;&gt;&gt;&gt;&gt;  17000 원*마스크팩 2장        &gt;&gt;&gt;&gt;&gt;&gt;&gt;&gt;&gt;     2000 원43.닥터탑 실크 프로틴 헤어필 *120ml 1개당 &gt;&gt;&gt;&gt;&gt;&gt; 9000원*12ml*3개    &gt;&gt;&gt;&gt;&gt;&gt;  4000원44.실크테라피 인퓨전 (스프레이타입)*80ml &gt;&gt;&gt;&gt;&gt;&gt;&gt;&gt;    7000 원*160ml &gt;&gt;&gt;&gt;&gt;&gt;&gt;   12000 원**유통기한 : 2020.02.0145.NEW 실크테라피 *150ml &gt;&gt;&gt;&gt;&gt;&gt;&gt;&gt;&gt;&gt;  14000 원*60ml  &gt;&gt;&gt;&gt;&gt;&gt;&gt;&gt;&gt;&gt;    6000 원46.&lt;DLA&gt;유진팩트,더마데이션 쿠션 21호*본품 &gt;&gt;&gt;&gt;&gt;&gt;&gt;   17000원&lt;판매완료&gt;*리필 &gt;&gt;&gt;&gt;&gt;&gt;&gt;   11000원47.SEP 에센셜 립소프틱                    &gt;&gt;&gt;&gt;&gt;&gt;  각 7000원*부드러운사용감,에센셜오일캡슐이 함유된 촉촉하고 지속력좋은 립스틱*구성품#1 오로라레드,# 2 더스티 핑크, #3 선셋코랄 , #4 클래식누드#6 브라이트플럼  # 11 스페셜허니 (립글로스) # 12 클리어레드(립글로스)48.올가플러스 슈퍼케어밤/현영밤/스틱로션*20 g &gt;&gt;&gt;&gt;&gt;&gt;&gt;&gt;&gt;       11000 원*14 g &gt;&gt;&gt;&gt;&gt;&gt;&gt;&gt;&gt;        7000 원▶5만원 이상 무료배송입니다.(그외에 배송비 3000원) ▶모두 새상품,정품 입니다.^^▶익산,군산 직거래 가능해요^^▶편하게 연락주세요 유통기한 요청 가능합니다.▶댓글보다 카톡이나 문자 연락이 빠릅니다.(댓글 잘 확인못해요)▶010-6697-1002 (24시간 언제든 연락환영입니다)#################터무니 없는 가격 에누리 문자 절대 사절",2017-03-25 14:56:15.0
40312,368320381,333,출산/임부용품,우리슬링 노댄저 1만  분당야탑 단대오거리역 직거래가능,2017-03-14 14:57:00,직접거래,10000,,,판매자와 직접 연락하세요.,,2017-03-25 15:21:31.0
40731,369678096,333,출산/임부용품,[판매완료] 하기스 매직기저귀 팝니다.,2017-03-21 08:51:00,하기스 매직기저귀 팝니다.,25000,,,직접거래,"판매 상품 사진 및 상세 설명을 적어주세요 사진상 좌측에 있는게 여아용 한팩(76+6) * 2 = 164매우측에 있는게 남녀공용 70매 일괄 처분합니다.쿠팡에서 위의 기저귀(사진상 같은) 제품을 찾아본 결과입니다.우측 남여공용 제품 1매당 209원에 팔고 있네요.좌측 여아용1매당 225원에 팔고 있네요여아용 164매, 남녀공용 70매 해서쿠팡 검색 결과 51500원 정도의 금액이네요.절반가격인 25000원에 판매합니다.인천송도지역 직거래해요~부피가커서 택거래는 안합니다 XXX010 5462 8801문자주세요.",2017-03-25 14:42:19.0
40805,368320733,333,출산/임부용품,에르고 베이비 360 아기띠+쿨시트 10만  분당야탑 단대오거리역 직거래가능,2017-03-14 14:59:00,에르고 베이비 360 아기띠+쿨시트,100000,,,직접거래,에르고 4-포지션 360 아기띠작년에 롯데면세점에서 구입하고 몇달 잘 썻네요둘째라 확실히 사용 덜하게되네여실사용 많지 않구요 세탁은 하셔야되요아기띠 + 쿨시트 + 사용메뉴얼 + 품질보증서 다 잘 가지고있어요예민맘은 사양합니다.네고  환불  예민맘 절대 사절요~010-7654-6464다른 물건들도 계속 올리고 있으니 보세요~  분당야탑 단대오거리역 직거래가능,2017-03-25 15:21:32.0
40961,368320989,333,출산/임부용품,범보의자+카트+트레이+가방(풀셋) 27000원  분당야탑 단대오거리역 직거래가능,2017-03-14 15:00:00,범보의자+카트+트레이+가방(풀셋),27000,,,직접거래,범보의자+카트+트레이+가방(풀셋) 27000원요의자 안쪽 사진처럼 빛바램조금 있어요네고  환불  예민맘 절대 사절요~010-7654-6464다른 물건들도 계속 올리고 있으니 보세요~  분당야탑 단대오거리역 직거래가능,2017-03-25 15:21:33.0
