,ID,카테고리_ID,카테고리명,제목,등록날짜,거래구분,판매금액,제품설명,지불방법,배송방법,상세설명,수집날짜
577,369443206,333,출산/임부용품,아프리카 아기띠,2017-03-20 07:42:00,"에스쁘와르 스마트 포대기, 아프리카 아기띠, 일반 포대기",1,,,직접거래,"포대기 홀릭이라 이지포대기가 2개 일반 포대기 두께, 길이별로 5개 있어요",2017-03-25 15:36:34.0
1789,369501773,333,출산/임부용품,수유쿠션 아이엔젤 두줄힙시트 미니멜리사st 160 겨울왕국 장화 돌 ~ 두돌 크록스 삑삑이 잠바 내복,2017-03-20 12:27:00,그외 이것저것,5000,,,직접거래,판매 상품 사진 및 상세 설명을 적어주세요 경기도 평택착불입니다사진을 잘 못찍어서 사진이 엉망이네요자세히 보고싶은 사진 댓글 챗 주세요~0 1 0 7 2 8 7 9 0 8 5수유쿠션 만원이요아이엔젤 두줄힙시트 오천원이요마니또 토피아망또 만원이요유모차 가능 엄청 따뜻해요아가방 돌~세돌 만원이요엘르 돌~세돌 2만원이요압소바내복 두돌전후 두꺼워요 두번입음 오천원 미니멜리사st 160 각각 오천원요 정말 예뻐요 160사이즈 구하기 힘들었어요겨울왕국 장화 160 오천원요삑삑이 압소바 돌~두돌 오천원요크록스 돌~두돌 오천원요,2017-03-25 15:37:22.0
1888,367239110,333,출산/임부용품,조이카시트 팝니다(상태 좋아요),2017-03-09 09:32:00,"200,000",200000,,,2015년 여름 구입,판매 상품 사진 및 상세 설명을 적어주세요 구입시기 : 2015년 여름 구입상태 : 양호(신생이패드는 완전 새것)직장맘이라 사용감 많지 않아요상태 좋으니 연락주세요,2017-03-25 15:08:36.0
1895,367239796,333,출산/임부용품,얼쓰마마 밀크메이드 티(모유촉진차),2017-03-09 09:36:00,"6,000",6000,,,개봉하지 않은 새 제품입니다. 개 당 6천원에 판매합니다. 유통기한은 2019년 1월까지입니다. ,판매 상품 사진 및 상세 설명을 적어주세요,2017-03-25 15:08:37.0
2821,369108616,333,출산/임부용품,"[전주,익산] UPIS 젖병 소독기",2017-03-18 10:59:00,직접거래,15000,,,판매자와 직접 연락하세요.,"UPIS 젖병 소독기외부 내부 아주 깨끗하고,윗부분 왼쪽에 살짝 금이 갔지만 사용하면서 문제없이 잘 사용하였습니다.그래서 15,000원입니다.전북 전주, 익산에서 직거래합니다.",2017-03-25 15:32:11.0
2961,369506171,333,출산/임부용품,"깜 플루이드 유모차 3in 1 (유모차 요람 카시트) , 피셔프라이스 바운서 핑크",2017-03-20 12:45:00,좋아요,380000,,,직접거래,판매 상품 사진 및 상세 설명을 적어주세요 안녕하세요 다들 아시는 깜 유모차 입니다. 유모차도 되고 요람도 되고 카시트도 되는 구조이구요 카시트는 신생아 용이라 신생아 때만 사용하였고 유모차는 평상시에 요람은 외출시 식당등에서 유용하게 사용하였습니다. 38만원에 판매 합니다. 피셔프라이서 바운서도 신생아때 사용 하였고 현재는 크기가 맞지 않아 판매합니다. 진동 다 되고 소리도 다 잘나옵니다. 바운서는 1만 2천원에 팔아요  판매 상품 사진 및 상세 설명을 적어주세요,2017-03-25 15:37:29.0
3184,369506786,333,출산/임부용품,"유모차이너시트(사계절용),극세사블랭킷,수면조끼,매쉬베개,방수파우치,유아용품주문제작",2017-03-20 12:48:00,직접거래,25000,,,판매자와 직접 연락하세요.,,2017-03-25 15:37:31.0
6435,367247298,333,출산/임부용품,시밀래M1 유축기 풀박 부산 1만5천원,2017-03-09 10:09:00,시밀래M1 유축기 풀박 부산 3만5천원,15000,,,직접거래,판매 상품 사진 및 상세 설명을 적어주세요       판매 상품 사진 및 상세 설명을 적어주세요 시밀래M1 유축기 풀박 부산 1만5천원첫째출산후 1년간 사용한 유축기인데 모유수유끝나고 박스포장해서 보관후 이제 발견했네요.사용상 이상없구요. 깨긋하게 사용해서 괜찮을꺼에요박스 풀박이구요. 구성품 사진과 동일하게 전부다있어요.3만5천원이에요부산시 북구 덕천동 353-5번지 1층으로 오시면됩니다.덕천지하철역 5번출구로 올라오시면 되요.010-4577-0003,2017-03-25 14:58:15.0
6461,367248401,333,출산/임부용품,하이베베 ,2017-03-09 10:13:00,2016년형,50000,,,직접거래,"작년 9월에 구입한 하이베베 판매합니다. 실사용은 10번 내외 입니다. 깨끗하게 보관해서 상태는 아주 좋습니다. 큰 젤 한개는 미개봉 제품입니다.  같이 드립니다. 직거래는 서울송파구 문정동 가능합니다. 가격은 택포 50000원입니다. 액정에 약간의 기스가 있지만, 화면 보는데에는 아무 문제 없습니다. 아기 때문에 전화는 받기 힘드니 문자 주시면 연락 드릴께요 010-육이구6-7공칠팔",2017-03-25 14:58:16.0
6729,369511916,333,출산/임부용품,판매완료-마더스 베이비 빈티지m 수유쿠션,2017-03-20 13:09:00,직접거래,30000,,,판매자와 직접 연락하세요.,판매완료마더스베이비 빈티지M 수유쿠션30000원에 판매합니다직거래가 이구요택배 원하시면 3000원 추가이십니다사용은 한달정도 밖에 안해서 거의 새거입니다.입니다  http://item2.gmarket.co.kr/Item/detailview/Item.aspx?goodscode=874884401&amp;GoodsSale=Y&amp;jaehuid=200001169&amp;NaPm=ct%3Dj0hl8x6g%7Cci%3D16569e9543650af7b5cb41ec64d536ab2af23099%7Ctr%3Dslc%7Csn%3D24%7Chk%3D079aee8733a52b0ad66a5fa3e0dcd2107f4868fc,2017-03-25 15:37:36.0
7391,369513057,333,출산/임부용품,"(판매완료)입덧에 최고, 거의 안쓴 새것같은 모닝밴드(충전식)팝니다. ",2017-03-20 13:14:00,"입덧팔지,입덧팔지,모닝밴드",1,,,직접거래,"판매 상품 사진 및 상세 설명을 적어주세요 판매완료와이프가 입덧이 심해서 사줬던 모닝밴드입니다.하도 힘들어해서 사줬는데 입덧 끝물에 사준거라 실 사용횟수가 10회 미만입니다.애기가 태어난지 한참이나 됐는데 귀찮아서 방치하다가 방 정리하는김에 팔아봅니다.젤은 거의 사용안해서 90% 이상 남아있고 팔찌 상단의 비닐도 안뜯어서 이거 뜯으면 새것마냥 반질반질 할겁니다.14년 9월 16일이 제조년월일입니다.상태는 최상이라고 자부할 정도입니다. 완충해놨으니 바로 사용하시면 됩니다.택포 55,000원에 판매하고 네고는 죄송합니다.직거래는 수원 권선동이고 직거래서 50,000원에 판매합니다.",2017-03-25 15:37:39.0
7720,369514685,333,출산/임부용품,[새제품] 엔파밀 모유강화제 13만원,2017-03-20 13:21:00,직접거래,130000,,,판매자와 직접 연락하세요.,,2017-03-25 15:37:42.0
8249,369516585,333,출산/임부용품,임부복 원피스 오피스 직장맘 워킹맘 추천,2017-03-20 13:29:00,2벌3만 1벌2만입니다.,30000,,,직접거래,판매 상품 사진 및 상세 설명을 적어주세요,2017-03-25 14:43:53.0
9319,369085590,333,출산/임부용품,새제품 <실버크로스 팝2 - 소르벳> 절충형유모차 판매! (책 52권 덤),2017-03-18 08:42:00,새제품,150000,,,직접거래,"새제품 &lt;실버크로스 팝2 - 소르벳&gt;구성품 확인 하느라 열어본게 전부인 새상품!서울 강서구 내발산동 직거래로 15만원 + 책 52권 덤! 드립니다~!!유모차 상자에는 본체, 레인커버, 컵홀더가 함께 들어 있어요~ 최저가보다 저렴히 절충형유모차 가지고 가세요~☆010-2732-0850",2017-03-25 15:31:55.0
11019,369093443,333,출산/임부용품,콘트라투 연고 100g,2017-03-18 09:40:00,직접거래,48000,,,판매자와 직접 연락하세요.,,2017-03-25 15:32:01.0
13353,369806125,333,출산/임부용품,티나린 모온차,2017-03-21 18:15:00,임신중에 입덧이있어서 구매했는데 3포 먹고 ,60000,,,직접거래,임신중에 입덧이있어서 구매했는데 3포 먹고 괜찮아져서 판매합니다.꼭입덧아니더라도 임신중에먹음 몸도따뜻하게해줘서 좋다네요~전 제가 잘안챙겨먹어서 많이남았어요..;;한박스에 총 60포 7만5천원에 구매한거에요~3포빼고 57포남았네요~택비포함 6만원입니다유통기한은 2018년 1월 28일까지입니다.,2017-03-25 15:42:19.0
13900,369806235,333,출산/임부용품,알프레미오 수유시트,2017-03-21 18:16:00,.,1,,,직접거래,"# 알프레미오 수유시트(메쉬): 착불 9000원2월 27일에 받아서 1~2번 정도 사용했어요상태 깨끗하고 사용감 없어요수유시트 사용하면 손목이 덜 아프고아빠들도 편하게 안으실 수 있어요색상은 라이트코랄이고 메쉬 소재입니다메쉬소재라 통기성이 뛰어나 여름철에도 쾌적하게 사용하실 수 있어요~* 문의는 010 2601 5837로 주세요반품, 환불은 불가합니다",2017-03-25 15:42:19.0
14492,369807422,333,출산/임부용품,각시밀 유축기(G1),2017-03-21 18:22:00,.,1,,,직접거래,"# 각시밀 유축기(G1): 94000원 운포 90000원17년 2월 28일에 169,000원에 구입했구요구입한지 2주 정도 되었는데 단유하게 되어 판매합니다구성품과 설명서 다 있고 상태 최상입니다(17년 1월 제품)싱글형 세트 밸브M사이즈 부속품 하나 더 들어있습니다위생적으로 깨끗한 거 좋아하고 여러 사람 손 탄거 싫어서 비싸도 새상품 구입했구요여분 젖병 4개(1개는 젖꼭지가 없는데 다른 거와 호환해서 쓰세요), 여분 모유저장팩(10장), 설명서도 같이 보내드릴게요젖병과 흡입기는 열탕하고 레이퀸에 소독, 건조하여 깨끗하게 썼습니다택배로 보내드릴게요~* 문의는 010 2601 5837로 주세요환불, 반품은 불가합니다(에눌, 흥정 문자 사절)",2017-03-25 15:42:21.0
15223,369809061,333,출산/임부용품,"메델라 유두보호기 M사이즈(20mm) 미개봉 새제품 (부천, 인천)",2017-03-21 18:31:00,직접거래,10000,,,판매자와 직접 연락하세요.,,2017-03-25 15:42:24.0
15539,370111922,333,출산/임부용품,분유포트 키티베이비룸 상태좋아요~,2017-03-23 02:33:00,상태괜찮습니다~,30000,,,직접거래,분유포트와 키티베이비룸 깨끗하게 써서 상태좋습니다.각각 3만원에 드립니다~~ 직거래하실분 010-8983-1436 문자가 빠르답니다*,2017-03-25 15:47:09.0
16507,369809453,333,출산/임부용품,에코센 버블 좌욕기(새상품) ,2017-03-21 18:33:00,직접거래,10000,,,판매자와 직접 연락하세요.,,2017-03-25 15:42:24.0
16549,369809497,333,출산/임부용품,드림지니 바디필로우,2017-03-21 18:33:00,.,1,,,직접거래,"# 드림지니 바디필로우: 38000원 운포 33000원임신 후 허리가 아파 구입했는데 허리아프신 분들께는 필수 제품이에요하얀색 커버는 넘 때탈 것 같아서 블루색상 무늬로 구입했구요다른 바디필로우는 넘 부피가 커서 침대 면적을 많이 차지하는 데 반해 드림지니는 적당한 사이즈라 편하고 좋았어요출산 후엔 수유쿠션으로도 활용 가능하다고 해요사용감 살짝 있지만 깨끗하게 사용했어요예민하신 분은 패스해주시고사용하시기 전에 세탁 한 번 하시고 사용하세요~* 반품, 환불은 불가합니다문의는 010 2601 5837로 주세요(에눌, 흥정 문자 사절)",2017-03-25 15:42:25.0
17368,368299718,333,출산/임부용품,점보의자 유아변기 기저귀 유아텐트 포대기 핫슬링 범보의자 뒤집기방지쿠션 트레이 점보의자 아기변기 볼텐트 피셔프라이스 부스터 80-90사이즈 남아 옷,2017-03-14 13:21:00,직접거래,1,,,판매자와 직접 연락하세요.,,2017-03-25 15:21:12.0
17458,369809859,333,출산/임부용품,숨앤숨 기저귀 소형[남여공용] 3팩 만오천원,2017-03-21 18:35:00,숨앤숨 기저귀 소형[남여공용] 3팩 만오천원,1,,,직접거래,"★숨앤숨 기저귀 소형/신생아~6.5kg까지/1팩50p/[남여공용]/총3팩 -1만5천원숨앤숨 기저귀고요 남여공용 소형 1팩당50p  신생아~6.5kg까지신생아때부터 발진없이 잘 사용했고요...애기가 6.7kg넘어서 작은것같아서 남은거 팔아봄니다.경기도 안산 ""직거래""만 합니다 /택배거래 안함! 문의xxxxxx안산 선부중학교 앞까지 오셔서 직거래로 가져가실분만 연락 주세요.판매자 정보에 뜨는 판매자 연락처로 문의 문자 남겨 주세요.댓글보다 문자가 빨라요~~~ 예민맘 까칠맘 사절상품 가져가시기전 꼼꼼히 확인후 가져가세요!! 가져간뒤 반품 환불x",2017-03-25 14:41:20.0
17601,368301311,333,출산/임부용품,모닝밴드 (입덧밴드) 4.5에 판매합니다. 대용량 젤포함,2017-03-14 13:28:00,입덧밴드,45000,,,직접거래,판매 상품 사진 및 상세 설명을 적어주세요 와이프 입덧이 심해서 구매해준 제품이며 약 1달정도 사용한듯 합니다.이후 쓸일이 없어서 판매합니다.사용감은 있으며 감안해서 싸게 판매합니다.영천 인근 직거래 가능하며 택배거래시택배 착불시 45000원   택배포함시 5만원에 판매합니다.일하고있으니 문자가 편합니다.01064908919,2017-03-25 14:52:32.0
18558,367280831,333,출산/임부용품,마더스베이비 수유쿠션 및 마더케이 모유저장팩 (마더케이 수유패드 함께 드림),2017-03-09 12:26:00,직접거래,37000,,,판매자와 직접 연락하세요.,,2017-03-25 15:09:05.0
19015,367281203,333,출산/임부용품,닥터브라운 젖병 3개 세트 (유미 젖병은 무료로 드릴께요),2017-03-09 12:28:00,직접거래,30000,,,판매자와 직접 연락하세요.,,2017-03-25 15:09:06.0
19428,366944162,333,출산/임부용품,밤부베베 순한 대나무크림세트,2017-03-07 20:31:00,1,1,,,직접거래,"밤부베베 순한 대나무 크림세트- 새제품입니다. 속싸게,베넷저고리,턱받이, 모자, 손싸개 총 5종세트입니다.택배비 포함 35000원에 팔아요.꼭 하실 분만 문자나 전화연락바랍니다. 구매후 반품 안됩니다.농협계좌있어요.",2017-03-25 15:04:46.0
19462,366944185,333,출산/임부용품,각시밀G1유축기싸게 팔아요 상태좋음^^ ,2017-03-07 20:31:00,각시말유축기 팔아요 상태 성능 모두 아주좋아요!,5,,,직접거래,판매 상품 사진 및 상세 설명을 적어주세요 각시밀 G1유축기 팔아요~!! 사진에서 보시는것 그대로 구성이구요 상태 넘 좋아요 젖병은 (유축기랑 호환 가능한 젖병임) 새거3개 같이 드려요^^역류방지캡? 은 2개있구요 그것도 1개는 한번도 안쓴 새것입니다! 5만원 이구요~직거래( 강남역or 양재역)나 택배 가능해요~(택배는 착불)010-9165-6208,2017-03-25 15:04:47.0
21932,367288962,333,출산/임부용품,세도나비 디럭스유모차 (2만).점보의자 (5천),2017-03-09 13:03:00,신생아부터 사용가능한 디럭스 유모차,20000,,,직접거래,부피문제로 직거래만합니다  직접가지러오셔야하며 서울시 송파구 거여동에 거주하고있습니다 애키우면서 사용한제품이라 당연히 사용감있습니다 중고거래니만큼 변심에의한 환불은되지않습니다 사진참고하시고 구매에 신중하세요 연락은 011.9002.구오오팔 로 주시면됩니다 문자주시면 답해드립니다 디럭스유모차 2만원  .  점보의자 5천원입니다  세도나비 디럭스 유모차 2만원에 내놓습니다 신생아부터 사용가능한제품이며 양대면기능됩니다손잡이 각도조절되고 등받이각도 조절도됩니다시트는 세탁이편하게 탈부착이 지퍼처리되있는 제품입니다많이 사용한제품은 아니지만 그대로 안들어가는걸 억지로 창고에 밀어넣고 보관을하다보니범퍼에 기스가 많이생겼습니다                                                             점보의자 5천원에 내놓습니다                                                     사용감있고 색바램있습니다,2017-03-25 14:58:02.0
22255,368268191,333,출산/임부용품,(판매완료) 산양분유3단계 2통 ,2017-03-14 11:08:00,산양분유3단계 - 2개,70000,,,직접거래,"산양분유 3단계 두개 입니다.미개봉이구요, ~~ 두개해서 7만원에 판매할게요. 혹시나 세 아이엄마면 65000원에 드릴게요...^^유통기한은 19년이라고 적혀있으니, 넉넉할거에요 ~~ (판매완료)",2017-03-25 15:20:46.0
22311,368268563,333,출산/임부용품,방수요 2장 5천원^^,2017-03-14 11:10:00,직접거래,5000,,,판매자와 직접 연락하세요.,,2017-03-25 15:20:47.0
22621,367289090,333,출산/임부용품,"똑딱이손수건,손수건빕, 손수건 스카프빕, 출산준비물 손수건",2017-03-09 13:04:00,"똑딱이손수건,손수건빕, 손수건 스카프빕, 출산준비물 손수건",2000,,,직접거래,"똑딱이손수건,손수건빕, 손수건 스카프빕, 출산준비물 손수건흔히 가제손수건으로 알고계시는 원단이예요~~  면이라 삶아쓰실수 있구아기 얼굴에 침,콧물 닦아주기에도 자극적이지않아 좋아요!! ^^ 출산용품으로 손수건 수십장씩 준비하셔도~~금방 금방 쓰는데. 손수건빕 어떠신가요~~ ^.^ 목에 둘러주어 묶는사이에 아기는 싫다싫다 실랑이하지 않아도되고~목에 채워 똑딱이를 딱~~ 채워주심되요 ^^ ​​** 손수건 반 접어 똑딱이만 단 제품 아니예요~똑딱이부분 안감에 심지원단 덧대었어요.스카프빕과 동일하게 안에서 한번 겉에서 한번~ 이중박음질 하였어요 **​손수건 거즈빕 1장 2,000원 10장부터 무료배송~상우맘 010-8244-0711 카톡 greenknit​** 디자인은 남아,여아 알려주시면 랜덤발송됩니다 ^^ **  ----핸드메이드는 주문제작이므로   변심으로 인한 환불은 불가합니다",2017-03-25 14:58:03.0
22640,367289294,333,출산/임부용품,"스카프빕,인견때수건,입체마스크,쁘띠스카프,블랭킷,엘리펀트이어스목쿠션,어린이집수건",2017-03-09 13:05:00,"스카프빕,인견때수건,입체마스크,쁘띠스카프,블랭킷,엘리펀트이어스목쿠션,어린이집수건",1111,,,직접거래,"스카프빕,인견때수건,입체마스크,쁘띠스카프,블랭킷, 엘리펀트이어스 목쿠션, 어린이집수건어린이집,유치원 고리수건 3,500원  (3장 만원) 면 스카프빕 3장 만원 (성인용 4,000원) 양면 스카프빕 4,000원  쁘띠스카프 4,000원 인견때수건 2,000원  (3장 5천원)  ​​입체마스크 3,500원 (성인용 4,500원) ​라지블랭킷  (105x85cm) **극세사안감   가격문의 **양털안감​엘리펀트이어스st. 목쿠션 7,000원 상우맘 010-8244-0711카톡  greenknit          ​돌전아기 스카프빕 매는법~------모든제품은 스카프빕원단에서 고르시면되요-------​    ----------신상추가-----------",2017-03-25 14:58:03.0
22744,367293423,333,출산/임부용품,리안 스핀 LX2016 팔아요..,2017-03-09 13:23:00,"우리 아이가 1월생이라 출산용품으로 킨텍스에서 2015년 12월에 구매한 유모차 입니다. 8개월 정도 사용 하였으며 잔기스는 있으나 상태 매우양호 합니다. 사은품 풋머프, 케리콧커버,방풍커버,바퀴커버 ,유모차 정리함,다 있구요 상태 양호 합니다,그리구 유모차 쿠션드려요",250000,,,직접거래,판매 상품 사진 및 상세 설명을 적어주세요 서울시 양천구 목3동입니다등촌역과 근접합니다직거래만 가능하구요유모차정리함과 방풍커버만 사용했어요다른건 새제품이예요깨끗이 세탁해놨구요,2017-03-25 15:09:14.0
22854,367294415,333,출산/임부용품,요람 코지킹덤스윙 바운서 팝니다. 상태a급,2017-03-09 13:27:00,사용횟수 많이 없구요 ㆍ깨끗합니다ㆍ,40000,,,직접거래,판매 상품 사진 및 상세 설명을 적어주세요 사용횟수 많이 없구요 ㆍ깨끗합니다ㆍ박스있습니다01032029701지방은 택포 보내드립니다,2017-03-25 15:09:15.0
23307,367296925,333,출산/임부용품,수유패드 회음부방석 좌욕기 팝니다,2017-03-09 13:39:00,새상품과 사용적은것 팝니다,20000,,,직접거래,판매 상품 사진 및 상세 설명을 적어주세요 010-3202-9701일괄구매 우선입니다.010-3202-9701수유패드 120매 2개 3000회음부방석 3000좌욕기 10000,2017-03-25 15:09:18.0
24354,367258580,333,출산/임부용품,에코베어 아기침대 팔아요,2017-03-09 10:54:00,직접거래,110000,,,판매자와 직접 연락하세요.,에코베어 침대팔아요~아기침대는 사용기간이 짧기에 두 아이 모두 백일까지만 사용했어요.메트리스 커버와 가드포함이예요~무게와 부피관계로 수원영통 직거래 가능합니다.연락주세요~ ^^,2017-03-25 15:08:49.0
24956,368271474,333,출산/임부용품,콤비 카시트,2017-03-14 11:21:00,신생아부터 18키로까지 사용가능,20000,,,직접거래,판매 상품 사진 및 상세 설명을 적어주세요,2017-03-25 15:20:50.0
25909,370141738,333,출산/임부용품,3229님 안전결제 결제창입니다 ,2017-03-23 09:45:00,"32,600",32600,,,ㅇ,판매 상품 사진 및 상세 설명을 적어주세요,2017-03-25 15:47:34.0
26168,367259663,333,출산/임부용품,"마더스베이비수유쿠션,모비랩캐리어,범보의자",2017-03-09 10:58:00,직접거래,111111,,,판매자와 직접 연락하세요.,"판매 상품 사진 및 상세 설명을 적어주세요 1. 모비랩캐리어 -  15,000원  착불신생아부터 캥거루케어및 아기띠대용으로 4개월정도 사용했습니다.양손편하고 아기 완전 잘 자요.표시한 부분이 세탁을 잘못해서 색이 살짝 바래긴 했는데 사용하는데는 아무지장없습니다.2. 젤리맘 범보의자 - 5,000원 착불트레이 없는 범보의자입니다.상태 깨끗해요.3. 마더스베이비 수유쿠션 - 20,000원 착불실 사용은 한 달도 안되요.얼룩이 있는데 세탁을 해도 안지워지네요.직거래(서울 성북가 장위동) , 택배(착불) 다 가능합니다.애기가 잘 수 있으니 안심번호로 문자주세요.",2017-03-25 14:58:11.0
26533,367266434,333,출산/임부용품,왈라부 아기띠,2017-03-09 11:24:00,아기띠,50000,,,직접거래,"왈라부 아기띠 팔아요, 약 한달전에 사서 2-3번 썼는데,, 지인에게 아기띠를 선물받아서 필요 없게 되었습니다. 물건은 새것과 다름없다고 생각하시면 됩니다.",2017-03-25 15:08:56.0
27595,368644416,333,출산/임부용품,수유쿠션 팝니다.1만원,2017-03-16 00:19:00,사용얼마 안했습니다 상태 좋아요,10000,,,직접거래,판매 상품 사진 및 상세 설명을 적어주지방이신분은 택배비 반은 부담하시면 보내드릴게요.직거래 위치는 서울 노량진입니다,2017-03-25 14:50:14.0
27923,370094333,333,출산/임부용품,유축기 새상품 각시밀 판매합니다.,2017-03-22 23:47:00,각시밀 유축기 G1판매합니다,110000,,,직접거래,판매 상품 사진 및 상세 설명을 적어주세요 보시다시피 새상품이고요.최저가보다 저렴하게 내놓습니다.문자주세요,2017-03-25 15:46:49.0
27989,370144131,333,출산/임부용품,"토미티피 모성수유 젖병 260ml새거 2개 2세트, 토미티피 구강케어노리개 새상품",2017-03-23 09:54:00,"토미티피 모성수유 젖병 260ml새거 2개 2세트, 토미티피 구강케어노리개 새상품",3,,,직접거래,"판매 상품 사진 및 상세 설명을 적어주세요 토미티피 모성수유 젖병 260ml새거 2개 2세트, 토미티피 구강케어노리개 새상품 입니다.개당씩도 판매하구요~일괄로로 판매합니다젖병2개씩 1세트는 택포 15000원이구요 2세트있습니다. 노리개는 택포 7000원입니다.일괄로하시면 택포 3만원에드립니다.궁금하신점은 문의주세요~",2017-03-25 15:47:39.0
28616,368644928,333,출산/임부용품,수유패드 회음부방석 좌욕기 팝니다,2017-03-16 00:23:00,새상품과 사용적은것 팝니다,20000,,,직접거래,판매 상품 사진 및 상세 설명을 적어주세요 010-3202-9701일괄구매 우선입니다.010-3202-9701수유패드 120매 2개 3000회음부방석 3000좌욕기 10000,2017-03-25 15:26:03.0
28626,368644998,333,출산/임부용품,요람 코지킹덤스윙 바운서 팝니다. 상태a급,2017-03-16 00:23:00,사용횟수 많이 없구요 ㆍ깨끗합니다ㆍ,40000,,,직접거래,판매 상품 사진 및 상세 설명을 적어주세요 사용횟수 많이 없구요 ㆍ깨끗합니다ㆍ박스있습니다01032029701지방은 택포 보내드립니다,2017-03-25 15:26:04.0
28722,368647584,333,출산/임부용품,(새상품) 모두새상품 베이비슈트 모두스웨번메이커/ 60-90사이즈 5천원~택포만원,2017-03-16 00:43:00,직접거래,1,,,판매자와 직접 연락하세요.,"판매 상품 사진 및 상세 설명을 적어주세요 010-5579-7060 문자주세요교환 환불 사절 신중히 구매해주세요모두 새상품입니다.1번 스웨번메이커 (프리사이즈) 택포만원2번 꽃가라 슈트(스웨번메이커)면100%/ 60.70,80,90 사이즈 다있어요 착불 5천원",2017-03-25 15:26:07.0
31011,368650608,333,출산/임부용품,조이 스테이지스LX 오가닉 카시트팝니다,2017-03-16 01:13:00,신생아~25kg(7세) _ 얼베이지,240000,,,직접거래,둘째를 위해 열심히해서 경품으로 받게된 조이카시트 그런데 제가  이번에 카시트를 또 받게 되어서 부득이하게 내놓게 되었어요한번도 사용하지 않은 어제 택배로 받은 새제품입니다 사진찍기 위해 박스를 개봉했네요아쉽게도 아이소픽스는 아니랍니다 박스가 커서 직거래를 원해요 은평구 대조동이고 에누리 없습니다에누리없다는점~!다시한번 강조합니다~!물어보시는 분들이 너무 많아서요가장 최저가인건 검색하시면 나올거에요 사실분만 연락주세요 010- 9378- 8514,2017-03-25 15:26:13.0
31329,368310142,333,출산/임부용품,수유발판 판매합니다,2017-03-14 14:09:00,모유수유발판,20000,,,직접거래,모유수유 발판 판매합니다.생활기스만 있을뿐 상태 좋습니다.2만원 착불직거래 7호선 반포역010 31구구 구구41,2017-03-25 15:21:23.0
31694,368651389,333,출산/임부용품,"더블하트 유두보호기, 쭈쭈젖꼭지(메델라 유두보호기 덤으로 드려요) 6천원 택포",2017-03-16 01:23:00,유두보호기,6000,,,직접거래,"1. 더블하트 유두보호기 m사이즈(2개), 케이스 입니다. 6천원모유수유 해볼라고 미리 구입했는데, 완분하다보니.. 집에 모셔두고 이번에 정리합니다~바로 쓰려고 상자를 버려서 반품도 못하고, 소독만 해놓고 케이스에 보관중입니다.인터넷 최저가 배송비포함하면 1만원 초반대일거에요. 2. 쭈쭈젖꼭지 1p. 2천원산후조리원에서 1만원에 팔더라구요. 1개 돌려쓰려고 인터넷으로 하나 더 샀는데새로 산건 별로 안썼어요. 소독 해놓은 상태입니다. 유두보호기와 함께 모유수유 시도 해보실분 저렴하게 모두 가져가세요.모두 하시면 택배비 제가 부담합니다. 그리고 원하시면 사용감 있는 메델라 유두보호기 그냥 덤으로 드립니다. 덧글, 문자 주세요",2017-03-25 15:26:14.0
32277,368272308,333,출산/임부용품,버기웨건 블루 ,2017-03-14 11:24:00,"작년에 구입해서 10회미만 사용했어요. 브레이크 , 안전띠 있는 웨건이예요.경주지역 직거래.",50000,,,직접거래,"판매 상품 사진 및 상세 설명을 적어주 세요 버기웨건 블루안전벨트, 브레이크 있음.경주 직거래 가능",2017-03-25 15:20:50.0
32689,368277605,333,출산/임부용품,"애기 겉싸개, 담요 신상품",2017-03-14 11:44:00,"애기 겉싸개, 담요 신상품",15000,,,직접거래,아가 담요겸 앞싸개 제품입니다. 색상은 총 5가지 있습니다. 신품입니다.개당 15000원 택배비 3천원 코튼재질이라 부드럽고 좋습니다.사이즈가 제법큽니다. 사이즈 보시고 구매해주시길 바랍니다. 010 7734 0803사이즈 가로78x세로86,2017-03-25 15:20:52.0
32702,370097929,333,출산/임부용품,"바디필로우,젖병,천기저귀,기저귀,넥필로우,아기로션,속싸개,아기띠, 젖병소독키트 팝니다",2017-03-23 00:08:00,직접거래,30000,,,판매자와 직접 연락하세요.,,2017-03-25 15:46:55.0
32704,370097963,333,출산/임부용품,"신생아~유아 모자들,아기이불,방수요,짱구베게,목베게 새상품, 블랑켓 새상품,기저귀커버",2017-03-23 00:08:00,"신생아~유아 모자들,아기이불,방수요,짱구베게,목베게 새상품, 블랑켓 새상품,기저귀커버",1,,,직접거래,"판매 상품 사진 및 상세 설명을 적어주세요 택배비는 3천원만 받고 나머지는 제가 부담해드려요~ 제 다른 게시글에서 같이 구입하시면 택배비 한번만 내시게되니 절약하실 수 있을거 같아요^^ 안심번호로 문자주시면 구입가능하세요~ 중고거래 특성상 반품, 환불 불가합니다. 1. 돌전후 사이즈이고 쓰면 정말 귀여운 아가방 겨울모자 5천원 2. 컨디션 최상인 포송한 소재 겨울 모자 5천원 3. JANIE AND JACK 6M 사이즈 8천원정말 귀여운 모자이고 안에 면으로 되어있어요~안쪽 4. 아가방 돌전후 사이즈 패딩모자 8천원안쪽에 밴드있어서 턱에 고정할 수 있어서 좋아요~  5. 신생아 사이즈이고 7천원  6. 알로앤루 46사이즈 8천원옆면 사진이고 끈있어서 고정할 수 있어서 좋아요~ 7. 닥터맘스 신생아 모자 3천원 8. 핑크 신생아 모자 3천원 9. 겉은 곰, 안은 양 캐릭터인 이중이라 더 따뜻한 모자 각 2천원씩 10. 상태좋은 카터스 신생아 모자 5천원  11. 얇은 면소재이고 신생아 모자 4천원 12. 상태좋은 모자 4천원 13. 상태좋은 베이지컬러 신생아 모자 2천원 14. 알로앤루 46cm 귀여운 모자 5천원 옆모습  15. 상태좋은 신생아 모자 2천원  16. 사진 빛 들어가서 그렇지 컬러 예쁘고 상태좋은 신생아 모자 2천원 17. 실제로는 색 예쁘고 상태좋은 신생아 모자 2천원 18. 12m 실제로 보면 색도 예쁘고 사용감 없는 모자 5천원  19. 밍크뮤 46cm 끈달린 정말 귀여운 상태좋은 모자 7천원 20. 압소바 두툼하고 상태 좋은 46cm 모자 만원 21. 신생아 모자 4천원 22. 돌전후 모자 4천원 23. 돌전후 모자 3천원 24. 끈 묶어줄 수도 있는 46cm 정말 귀여운 모자 6천원 뒷면25. 엘르 44cm사이즈 귀여운 모자 5천원 옆모습 26. 코디아이 귀여운 돌전모자 4천원 27.28.29.30. 모던하우스 플란넬 블랑켓 새제품 6천원(90X120cm) 사진찍을려고 포장 풀러봤네요~31. 케이스 그대로 있는 새상품 뉴 유러피안 극세사 양면 무릎담요(100X135cm) 4천원  32. 90X120cm 상태좋은 요나 패드로 사용하기 좋아요-9천원 앞뒤 없이 양면 모두 사용가능해요~33. 원아방 이불+패드 셋트 110cmX100cm이고 20,000원솜 넣을 수 있는 지퍼있는 이불+솜 넣을 수 있는 지퍼있는 패드인데 궂이 겨울에도 솜 안넣어써도 될만큼 얇지 않아서 좋아요~ 패드 34. 120cmX110cm 이불+패드+지퍼있는 패드+좁쌀베게 셋트 25,000원 패드(솜 넣을 수있는 지퍼 없어요) 이불이나 패드로 사용할 수있고 지퍼있어서 솜 넣어서 사용도 가능해요~ 내피안에 좁쌀들어있고 외피 분리되요~  35. 나라홈데코 90X120사이즈 전용비닐커버있는 낮잠이불 새상품 13,000원 겉싸게 보다 조금 도톰한 정도에요~  36. 나라홈데코 90X120사이즈 전용비닐커버있는 낮잠이불 새상품 13,000원겉싸게 보다 조금 도톰한 정도에요~   37. 파코라반(130X100cm) 방수요 6천원눈에띄는 얼룩은 없지만 보풀도있구해 저렴히 드려요~ 38. 알로앤루 오가닉 키재기 가능한 방수요(120X100cm) 5천원        세탁감 많아 편하게 쓰실분 구입하시면 될거 같아요~ 39. 아가방 에뜨와 110cmX90cm 방수요 7천원  40. 아가방 에뜨와 110cmX90cm 방수요 7천원  41. 큐비앤맘 짱구베게 3천원,  42. 좁쌀베게 4천원 43. 좁쌀베게 4천원 44. 좁쌀베게 4천원45. 목베게 새상품 8천원  46. 기저귀커버 장당 3천원씩좌측 메르베 80사이즈, 우측 에프랑 80사이즈",2017-03-25 15:46:55.0
32711,370098038,333,출산/임부용품,에르고 수유쿠션 그레이 팝니다.,2017-03-23 00:08:00,수유쿠션,40000,,,직접거래,에르고 그레이 수유쿠션 판매합니다. 선물로 받게 되었는데 일찍 단유가 되어서 판매합니다. 사용은 한번도 안했구요. 선물 받을당시 이미 단유되어서요.상태는 새것과 마찬가지이구 그레이색은 앞에 손잡이까지 있어 휴대가 좋습니다. 서울지역이면 되도록 직거래했으면 좋겠구요. 판매가격은 40000원입니다.거래 원하시면 문자로 연락주시기 바랍니다.010 육8칠육 8팔1사,2017-03-25 15:46:56.0
34192,369119407,333,출산/임부용품,왈라부 슬링 네이비,2017-03-18 11:52:00,네이비색상,50000,,,직접거래,왈라부슬링 네이비색상입니다.슬링 특성상 2~3개월 쓰고 아기띠로 갈아타서 판매합니다.아기 들어가는 안쪽은 어쩔 수 없이 생활보풀 좀 일어난 것 외에는 이상없습니다.금액은 운포 5만원이니 관심있으신 분은 연락주세요.   판매 상품 사진 및 상세 설명을 적어주세요   판매 상품 사진 및 상세 설명을 적어주세요,2017-03-25 15:32:14.0
34829,369127364,333,출산/임부용품,에끌레브올인원 민트(침받이포함)+누보리노 워머ㅡ완료,2017-03-18 12:32:00,직접거래,1,,,판매자와 직접 연락하세요.,,2017-03-25 15:32:21.0
35917,368283220,333,출산/임부용품,씨밀레 유축기,2017-03-14 12:07:00,직접거래,40000,,,판매자와 직접 연락하세요.,,2017-03-25 15:20:57.0
36542,367556097,333,출산/임부용품,에르고 랩캐리어(판매완료),2017-03-10 17:48:00,직접거래,30000,,,판매자와 직접 연락하세요.,,2017-03-25 15:12:27.0
36622,370099871,333,출산/임부용품,"블루독 수유쿠션, 회음부 방석, 마더스 수유발판",2017-03-23 00:19:00,직접거래,35000,,,판매자와 직접 연락하세요.,"조리원 퇴소후 모유 수유 1주일만에 중단하게되어 수유쿠션 상태는 깨끗하며 일주일정도 사용하였고, 회음부 방석과 수유발판은 약 2주간 사용했습니다.전반적으로 상태는 깨긋하나 예민맘은 사절입니다.개별구매시 가격은블루독 수유쿠션 25000회음부 방석 5000마더스 수유발판 10000부피가 있어 직거래 선호하며 인천서구 왕길동입니다. 택배시에는 택배비는 착불이며,일괄 구매시 35000원에 해드리겠습니다.   판매 상품 사진 및 상세 설명을 적어주세요",2017-03-25 15:46:58.0
37067,367562740,333,출산/임부용품,드림지니 바디필로우 (부산),2017-03-10 18:26:00,드림지니 바디필로우,25000,,,직접거래,"[드림지니 바디필로우]임신후반 두달정도 사용했구요~사용감은 없다고는 할수는 없지만 깨끗하게 사용했습니다.다시 세탁해서  정품케이스에 깨끗하게 보관중입니다.그래도 너무 예민하신분은 사절합니다.;;부산 시청앞 국민연금 직거래 원하지만 택배거래 원할시 착불 가능합니다.010-사666-칠361(25,000원 이고 흥정/에눌 문자 사절합니다.)",2017-03-25 15:12:29.0
37232,370100165,333,출산/임부용품,에르고아기띠360외 신생아패드 저렴하게 팝니다,2017-03-23 00:21:00,직접거래,90000,,,판매자와 직접 연락하세요.,에르고아기띠360 저렴하게 판매 합니다 실사용횟수는 20회 미만 입니다 신생아패드 오가닉 침받이도 같이 드려요한번도 사용안한 수유쿠션도 잇는데 필요 하시면 드릴테니 구매시 말씀 하세요애기용품이라 최대한 조심히 사용하였구요 더스티블루 색상 특성상 약간 물빠짐 있는건 세탁시에 어쩔수가 없네요 ㅠㅠ9만원에 판매 합니다 직거래는 전남광주에서 가능 하구요 택배시 착불 입니다 공일공 9육이공 일이삼삼 으로 연락 주세요 ~^_^,2017-03-25 14:39:27.0
37470,370101306,333,출산/임부용품,토미티피 젖병 260ml 3개 미사용품 팝니다.,2017-03-23 00:28:00,토미티피 젖병 260ml 3개 미사용품 팝니다.,24,,,직접거래,미사용품 무료배송2만4천원타미티피 젖병 260ml 3개환불가능 (왕복 배송비 구매자 부담)010-8590-5464 문자항시대기!인천 제물포 직거래 or 무료배송카드결재 or 안전거래 (수수료 구매자 부담),2017-03-25 14:39:24.0
39039,369135680,333,출산/임부용품,아기담요겸 겉싸개 판매 신상품,2017-03-18 13:17:00,아기담요겸 겉싸개 판매 신상품,15000,,,직접거래,아가 담요겸 앞싸개 제품입니다. 색상은 총 5가지 있습니다. 신품입니다.개당 15000원 택배비 3천원 코튼재질이라 부드럽고 좋습니다.사이즈가 제법큽니다. 사이즈 보시고 구매해주시길 바랍니다. 010 7734 0803사이즈 가로78x세로86,2017-03-25 15:32:29.0
39373,370103728,333,출산/임부용품,"키플링(챌린저,귀저기가방 등 다양),베라왕,육심원,아디다스 가방 등 브랜드 가방과 유아신발1점 대량 저렴히 정리합니다 (새제품 업데이트,가격인하)",2017-03-23 00:44:00,1,1,,,직접거래,"판매 상품 사진 및 상세 설명을 적어주세요  2번 - 아디다스 정품 크로스백 숄더백 가방해외에서 구매해왔고 거의 사용 안했습니다.유니크하고 이뻐요(운포)33000원 11번 - 빅토리아 시크릿 정품 크로스 미니백유럽 여행할때 사왔던 빅토리아 시크릿 미니백이에요. 체인 및 가죽으로 되어있구 소재가 고급스러워요.끈이 조금 짧은감이 있어서 돈주고 한칸 더 뚫었습니다. 제품은 미사용 제품입니다. 가격 - 배송비 포함 33000원 25번 - 키플링 alvar 크로스백 및 숄더백예전에 단종된 제품으로 상당히 희귀한 컬러입니다. 실제 색은 더스티데이? 인가 그럴겁니다아꼈던건데 도저히 쓰질 않아서 판매합니다. 사용을 안해서 상태가 새것같네요세레니티 컬러랑 매우 흡사합니다.상태 좋은거, 저렴히 모셔가세요가격-운포 45000원  34번 - 키플링 정품 숄더백 크로스백 서류가방 옛날의 키플링 매드하우스와 비슷합니다.다른점은 매드하우스보다 수납이 더 잘 되어있고, 안쪽에 지퍼로 마감되고 지퍼 색상, 끈 색상이 더 업그레이드 되었네요.어깨 패드가 덧데여져 상당히 부드러워서 무거운걸 넣어도 부담이 덜됩니다어지간한 노트북은 다 들어갈것같구요^.^ 색상도 실제로보면 더 고급스럽습니다. 사진이 조금 밝게 나왔네요새제품이지만 택을 잘라버렸습니다. 택 있구요,정품 비닐도 있습니다.운포 - 53000원(충분히 저렴히 올린거라 여러개 구매하는게 아니시면 에눌은 힘듭니다 ㅜㅜ)  46번 - 어웨이크던 정품 숄더백 갈색,검정색가로가 약 38-40정도 되어보이는 숄더백,토트백입니다.병행수입아니고 어웨이크던 국내 정식판 숄더백입니다실사용은 갈색만 한번 잠시 들었고 검정은 들고나갈 기회가 없어 보관만 했습니다.두개다 가죽처럼 고급스럽고, 싼티나지 않습니다.무엇보다 숄더백치고 상당히 가볍습니다.갈색은 살때부터 티는 크게 안나지만 아주 작은 파란얼룩이 있었는데, 지워지는지 시도해보진 않았습니다.감안해서 갈색은 좀 더 저렴히 올립니다갈색 - 운포 23000원검정색 - 운포 25000원두개 같이 구매하시면 운포 37000원에 드립니다.   49번 - 키플링 정품 숄더백,크로스백 풀오버블랙(플로버블랙)가방이구요, 바나나링 있는 정품입니다.http://www.kiplingshop.co.kr/product/view.asp?ProductNo=10959아직도 파는 제품이고 상세 내용 참조해주세요. 키플링 가방이 너무 많아서 한번정도 쓰고 보관한거 같습니다.보시듯 뭐 딱히 얼룩이나 흠없이 상태 좋구요 다만 보증서가 어디있는지 잘 못찾겠어요. 배송보낼때 찾다가 발견하면 같이 보내드릴게요.한번 쓴거 감안해서 저렴히 올립니다. 실제로 매보시면 고급스러움이 일반 키플링 재질과는 달라요가격 - 운포 69000원 50번 - 클러치백가로30~33정도 되는 클러치백입니다.Be All 정품이고 따로 뭐 사용한적은 없습니다.가격 - 운포 30000원53번 - 키플링 정품 숄더백,크로스백,토트백수납 정말 좋고 가벼운 가방입니다. 밝은 회색으로 고급스러운 색상입니다.사진 보시듯 사두고 한번쓰고 넣어뒀다가 요즘 취향이 바뀌어서 저렴히 정리합니다..가로가 약 39센치정도 됩니다.가격 - 운포 60000원54번 - 키플링 정품 한정판 피터필로토 토트/숄더백국내외 새상품급 재고 한점도 안남아있습니다. 넉넉한 사이즈로 가로가 약 38센치정도 되는것 같습니다. 똑딱이를 이용해 크기/모양변경이 가능합니다.저도 어렵게 구했었고 고릴라상태 가방상태 전부 새상품급입니다.(택있음)2009년에 디자이너 피터필로토랑 키플링이랑 콜라보 한 제품으로유니크한데 고급스럽고 여기저기 잘 어울리는 가방입니다.안팔리면 쭉 소장 예정으로 에눌 없습니다.당시 가격이 30만원 후반대 였었습니다.가격 - 10만원    57번 - 키플링 정품 챌린저 백팩챌린저 1입니다. 요즘 2 되게 수납칸 많이 생략되었던데 이건 보시듯이 수납칸 다양합니다.그래서 구판이 인기가 더 많은데 이 상태, 이 색상 구하기 힘드실겁니다. 고릴라 택 마저 멀쩡합니다보다싶히 뭐 얼룩이나 사용감 딱히 없구요, 제일 큰칸 안쪽 지퍼에만 살짝 저렇게 되어있네요. 그냥 시간이 지남에 따라 저렇게 되는걸로 사용감과 무관합니다색상명이 기억이 안나는데, 사진에서는 아무리 색상이 표현이 안되네요회색과 갈색 카키색이 섞인 고급스러운 색입니다.제가 아끼던건데 진짜 가방이 너무 많아서 처리해야 될 것 같아 이렇게 올립니다가격 - 운포 53000원   58번 - 키플링 정품 파이어플라이L 백팩인기 많은 모델의 단종된 플라워블로썸 프린트입니다. 보기보다 고급스럽고 이뻐서 인기 많았네요한번인가 두번 잠깐 나갈때 썼던것 같습니다. 보시듯 상태 완벽하고요저도 산지 얼마 안되었고 살때 비싸게 샀었습니다. 요즘 바나나링을 안줘서 바나나링은 제가 구해서 달았습니다.정품보증서 당연히 따라갑니다. A/S받을일이 있을진 모르겠지만 기간 많이 남았어요가격 - 운포 64000원59번 - 키플링 정품 크로스백,숄더백,토트백인기 많은 단종된 모델인 벡(BECK)입니다.초기 모델로 희귀한 색상과 앞 지퍼가 큼지막합니다.고릴라 상태나 사진의 상태 보시듯이 내부 변색 빼곤 상태 좋습니다. 시간의 지남에 따라 자연스럽게 그렇게 된곳으로 내부라 티 안나고 사용감과는 무관합니다 바나나링 미포함 상품으로 제 바나나링 달아서 사진 찍은겁니다. 바나나링 미포함필요하신분 저렴히 데려가세요가격 - 운포 47000원 60번 - 키플링 정품 피터필로토 백팩모델명을 자세히 모르겠습니다.. 상태는 좋은데 마지막 히든지퍼쪽에 아주옅은 스크래치?가 조금 있네요뒷면이라 보이진 않습니다만 이거 감안해서 저렴히 올립니다. 다른건 뭐 보시듯 상태 아주 좋습니다.키플링에서 오래전에 단종된 백팩이고, 현재 재고 없는걸로 알고 있습니다.이번에 또 못참고 백팩을 사버려서 판매합니다 ㅜㅜ 세로가 약 38~40센치 되니 사이즈 참고하세요가격 - 운포 45000원 61번 - 키플링 핸드백&amp;숄더백정품보증서있고 사진보다 좀 더 짙은 파랑으로 고급스러운 색입니다.충동구매로 사두고 한두번쓰다가 안써서 판매합니다ㅠㅠ가로가 약 33센치정도 됩니다. 데일리 핸드백으로 딱 좋아요가격 - 운포 52000원 (다른거랑 같이 하시면 더 저렴히 데려가실수 있습니다)    62번 - 뉴발란스 정품 아동슈즈제가 아가야도 없고ㅠ아동이 아니라서 이 제품의 사이즈를 뭐라 표현해야 될지 모르겠습니다.안쪽에 보니 12cm라고 되어있는걸보니 120인듯 합니다 이뻐가지고 장식용으로 덥썩 집어서 왔었다가 잊고서 차에 두고 오늘 발견했네요 ;;집 분위기가 바뀌어서 장식은 못할것 같습니다 ㅠ.. 새상품 박스 그대로 갑니다.바닥보시면 시착도 못해본 그냥 새것입니다.시착을 해볼수가 없습니다.. 아가야가 없네요.........고로 착샷도 못드립니다 ㅠㅠ사이즈 미스로 인한 반품 등 일체 안받습니다.아가야 발 사이즈 고려해서 신중한 구매 결정 부탁드립니다.이 사이즈 매물 없고, 싸게 올린거라 필요하신 분 있음 데려가세용  운포 -35000원 65번 - 키플링 정품 데페아S선물받았는데 덩치가 거대한 저한텐 영 작은 느낌이 있네요. 그냥 택만 잘랐던 새상품입니다 비닐이랑  보증서 잘렸던 택까지 고대로 붙어있습니다. http://www.kiplingshop.co.kr/product/view.asp?ProductNo=12552지금 키플링샵 이 제품 세일하는데, 세일 가격보다 더 저렴히 판매합니다본인이 편히 쓰실분은 세일가보다 더 저렴히 데려가세요 가격 - 운포 49000원 66번- 베라왕 VERAWANG 정품 가죽 토트백 숄더백 핸드백정품 베라왕 가방입니다.  가로가 약 33~35사이로 모양 잡는거에 따라 바뀝니다데일리한 사이즈의 백으로 연예인들 드라마에 자주 출연했던 가방입니다사두고 한번쓰고 계속 장롱에만 있었어요. 보시면 알겠지만 상태 좋구요아마 앞판 가죽이 고트가죽인가 그럴겁니다베라왕 가방 비싼데 저렴히 모셔가세요 :) 가격 - 운포 75000원 67번 - 키플링 정품 HALIA 할리아 토트백 숄더백러스티카키색으로 고급진 갈색입니다. 실제로 보면 훨배 고급스러워요정말 구하기 힘든 색입니다.그거때문에 반해서 샀는데 생각해보니 안쓰는 가방이 너무너무 많아서 한두번쓰고 처분합니다구 할리아로 최근껀 앞주머니가 똑딱이인데 이건 지퍼처리로 잘 마감되어 있습니다비닐, 택, 보증서 있구 편하게 쓰실분만 저렴히 데려가세요 가격 - 운포55000원 68번 - 아메리백 정품 S 고급소재 가방스몰 사이즈의 아메리백으로써 데일리백으로 좋은 사이즈입니다.척추 건강을 생각해서 나온 제품으로 수납도 칸이 잘 나눠져있습니다.예전에 병행수입으로 나온 나일론 저가소재 아니고 쫀쫀하고 부드러운 고급소재입니다.내부도 짙은 카키색으로 정말정말 이뻐요/사용감은 보시듯 안써서 없습니다달려있는 고릴라는 코디컷으로 달아봤는데 귀엽네용. 원하시면 같이 보내드립니다(말씀해주세요)백화점에서 돈 꽤 주고 샀는데 안써서 처분합니다 ㅜ.. 이 소재 엄청 귀하고 이 브랜드 요즘 한국에 없는걸로 압니다어두운 빛이 도는 핫핑크색으로 고급스럽습니다.가격 - 운포 80000원 ( 정말 가격 크게 손해보고 파는겁니다 ㅠ.. 가격 낮추지 말아주세요 )69번 - 키플링 정품 GARAN 가란 가방약 33~35사이의 데일리한 사이즈 가방입니다심플하고 깔끔해서 예전에 인기 많았던 모델인데 어느순간 단종되었네요가방 정리하다보니 장롱에서  발견했네요.. 택 달려있는걸 보니 충동구매후 안쓴것 같습니다보증서두 있으니 저렴히 데려가세요~가격 -  운포 50000원아래는 사은품입니다보통 다른것도 가끔 여유있을때 끼워주긴하는데 아래 지갑은 말하시면 넣어드립니다. 각 1개씩이고 그냥 선착순입니다 ㅠㅠ;; 10만원 이상 구매시 해당됩니다 사은품 - 정품 MCM장지갑사용감은 있으나 가죽세탁+가죽크림 다 도포된 상품입니다 2제품 이상 구매하는게 아니면 에눌은 거의 힘듭니다ㅠㅠ;;무리한 에눌을 요구하시는 분 계시는데 저도 상태 고려해서 저렴히 올린거라 양해 부탁드릴게요.+++ 상황에 따라서 가방이나 인형 등 서비스도 넣어드려요.서비스는 지금 판매중인 가방중에 하나가 될 수도 있구 개인소장품이 될 수도 있습니다. *구매시 주의사항*+중고 특성상 상품에 예민하신분은 백화점 가셔서 새상품 구매하시길 부탁드릴게요+정품맞냐고 물어보시는데 제가 하나하나 따져가며 구매했던 100% 정품 맞고요, 의심가시면 백화점가서 구매하시길 부탁드릴게요. +상태 대비 저렴히 가격 올렸으니 편히 문의주시는건 좋으나 상대방에 대한 예의좀 지켜주세요..제발 +구매 후 반품 및 교환은 중고거래 특성상 불가능하니 신중히 구매해주세요+구매의사 없으시면서 찔러보기는 자제해주세요+상품2개이상 구매시 제가 알아서 에눌 및 덤 넣어드려요+위탁상품및 다른 쇼핑몰에도 판매중이라 판매완료되면 바로바로 지웁니다+몇년째 위탁상품,본인소장상품을 여러사이트에서 판매했었고 컴플레인 단 1건도 없었습니다. 단골도 있는 작은 상점으로, 이 점에서는 자신있으니 믿고 구매하셔도 됩니다 .안심번호로 문자주세요^_^간혹 안심번호로 문자가 안오는 경우가 있다고 합니다.문자 답장이 없다면 쪽지나 덧글로 연락처 남겨주셔요*^^*",2017-03-25 15:46:59.0
39908,370108412,333,출산/임부용품,메디펨b 호주(신행때 사옴) ,2017-03-23 01:33:00,직접거래,5,,,판매자와 직접 연락하세요.,2016년 4월24일에 호주에 갔다 사온 메디펨b 입니다총 4통 있습니다유통기한 2019년입니다한통 5만원 착불두통 9만원 택포한통에 90알 들었습니다.네고는 정중히 사절 들이 겠습니다.구입하실분은 010 4121 0813 으로 연락주세요,2017-03-25 15:47:09.0
40197,367269532,333,출산/임부용품,맥클라렌테크노XLR(퍼플),2017-03-09 11:37:00,유모차,62000,,,직접거래,,2017-03-25 15:09:00.0
