,ID,카테고리_ID,카테고리명,제목,등록날짜,거래구분,판매금액,제품설명,지불방법,배송방법,상세설명,수집날짜
73,370365188,333,출산/임부용품,"태교시동화, 임신출산육아 대백과, 이유식책 일괄3만원",2017-03-24 10:22:00,직접거래,30000,,,판매자와 직접 연락하세요.,"+태교시동화 20권 세트,+임신 출산 육아 대백과, +아기가 잘먹는 이유식은 따로 있다일괄 3만원이유식책만 살짝 사용감 있고나머지는 거의 안봐서 완전 깨끗해요직거래는 용인 마북동이구요일요일엔 서울 양재~강남 직거래 가능해요택배거래는 무게가 있어서 5천원 추가에요 010-3104-5523반품환불불가",2017-03-25 15:52:20.0
142,369880074,333,출산/임부용품,유니맘 수동 유축기 팝니다.,2017-03-22 00:40:00,.,10000,,,직접거래,판매 상품 사진 및 상세 설명을 적어주세요 유니맘 수동 유축기 팝니다아이 낳고 초반에 모유 뚫어준다고 몇번 쓰고 창고에 쳐박아 두었어요구성품 다 있어요~착불 만원에 팝니다.,2017-03-25 15:43:22.0
159,369880486,333,출산/임부용품,누들앤부 헤어앤 바디워시 새제품...가져가세요,2017-03-22 00:43:00,직접거래,15,,,판매자와 직접 연락하세요.,판매 상품 사진 및 상세 설명을 적어주세요 누들앤부 선물받은건데 다른제품쓰고 있어서 내놓아요237ml이구요헤어앤 바디워시에요~뜯지도않은 새제품이에요택포 1.5 문자 010-팔오036-삼삼14,2017-03-25 15:43:23.0
523,366742697,333,출산/임부용품,라스깔라(LA SCALA) 디럭스 유모차 팔아요. 직거래(부산)만 가능,2017-03-06 22:02:00,직접거래,50000,,,판매자와 직접 연락하세요.,"판매 상품 사진 및 상세 설명을 적어주세요 애들이 많이 커서 필요없게 되어서 팝니다뒷바퀴가 커서 안정감있고,바람막이 비닐이 전체적으로 씌워져 겨울에 사용하기도 좋아요신생아 요람도 있어요깨끗하게 세탁했어요.트렁크 넣으실 때 2단 분리해야하는데 분리하는 방법은 구매하러 오시면 가르쳐드릴께요(어렵지 않아요^^)부산 사하구 직거래만 합니다.공일일-구오사육-둘둘구공",2017-03-25 15:01:05.0
532,366743036,333,출산/임부용품,"유모차이너시트(사계절용),극세사블랭킷,수면조끼,매쉬베개,방수파우치,유아용품주문제작",2017-03-06 22:04:00,직접거래,25000,,,판매자와 직접 연락하세요.,,2017-03-25 15:01:05.0
741,367411885,333,출산/임부용품,[상태좋음] 프린스라이온하트 물티슈워머 팝 그레이,2017-03-09 23:31:00,직접거래,20000,,,판매자와 직접 연락하세요.,,2017-03-25 14:57:23.0
984,366746517,333,출산/임부용품,"더블하트젖병 4개, 무루땅콩기저귀(천기저귀) 20장, 스와들업라이트 s,m, 핫슬링large, 하기스 매직기저귀 3단계 남아 팝니다.(광주, 군산)",2017-03-06 22:22:00,20장 한번도 안씀(택배비포함),100000,,,직접거래,"더블하트 젖병 4개 개당 만원 총 3만원무루땅콩기저귀(천기저귀) 20장 10만원스와들업라이트 민트s, 크림m 개당 2만원 총 4만원하기스매직기저귀 3단계 남아 1만원핫슬링 large 1만원사용하지 않고 선물받은 것도 많아서 이렇게 급처합니다.모두다 사시면 십육만원~~ 십육만원서비스로 수유저장팩 및 모유저장팩 드립니다.광주(평일), 군산(주말) 직거래 가능하고 택배거래 가능합니다.공일공 삼삼육육 팔칠사구아기가 참 쉽지 않네요 엄마들 홧팅! 연락주세요!",2017-03-25 15:02:10.0
1125,366748214,333,출산/임부용품,"[완료]마이비 수유패드,산모패드 팝니다.",2017-03-06 22:31:00,직접거래,5,,,판매자와 직접 연락하세요.,판매 상품 사진 및 상세 설명을 적어주세요 마이비수유패드 60매랑 산모패드 판매합니다.일괄 5천원이고 착불입니다.수유패드2매 더 챙겨서 62매이고 산모패드는 2팩이고 20매입니다.010-50구6-9일07 문자주세요.,2017-03-25 15:02:12.0
1158,366748610,333,출산/임부용품,[완료]빈지오 뱀부 블랭킷 속싸개,2017-03-06 22:33:00,대나무섬유,5,,,직접거래,판매 상품 사진 및 상세 설명을 적어주세요 빈지오 뱀부 속싸개입니다.별무늬스케치가 유행타지않는 무늬라 예뻐요~120*120 사이즈이고 여름에 유모차블랭킷대용으로 사용하셔도좋을것같아요~구입해논속싸개가 많아서 판매합니다.완전새상품이고 사진찍으려고 개봉한게 전부네요~5천원이고 착불입니다.010-50구6-9일07 문자주세요~,2017-03-25 15:02:13.0
1203,366749586,333,출산/임부용품,입덧밴드(모닝밴드) + 입덧캔디,2017-03-06 22:38:00,"35,000",35000,,,"입덧밴드, 바르는 젤, 충전기, 사용설명서 팝니다.","판매 상품 사진 및 상세 설명을 적어주세요 입덧밴드, 바르는 젤, 충전기, 사용설명서 팝니다.입덧캔디도 9개정도 남아서 같이 드립니다.와이프 입덧이 끝나서 싸게 처분하려고 올립니다.저희는 효과 잘봤습니다~ㅎ창원 진해는 직거래 가능하구요 그외 지역은 택배 발송가능합니다.연락주세요~",2017-03-25 15:02:15.0
1629,367869515,333,출산/임부용품,메델라 스윙 유축기,2017-03-12 13:31:00,메델라 스윙 유축기,35000,,,직접거래,,2017-03-25 15:15:44.0
2247,367879273,333,출산/임부용품,리치코 바디필로우 백엔밸리 지퍼형,2017-03-12 14:23:00,직접거래,45000,,,판매자와 직접 연락하세요.,,2017-03-25 15:15:50.0
2314,367879451,333,출산/임부용품,"수유쿠션,더블하트수유패드,마더케이모유저장팩(새제품),속싸개 에르고코쿤(미사용제품),손싸게, 판매합니다",2017-03-12 14:24:00,"수유쿠션,더블하트수유패드,마더케이모유저장팩(새제품),속싸개 에르고코쿤(미사용제품),손싸게, 판매합니다",35000,,,직접거래,"= 수유쿠션-애기가 수유쿠션거부로 인해 1회사용후 세탁보관상태입니다마더케이모유저장팩(새제품)-일회용변온모유저장팩200ml 90pcs,30pcs 각 한박스씩 사용후 남은제품+ 3장속싸개 에르고코쿤(0m~3m)-선물받은제품으로 세탁후 미착용 제품입니다수유패드-더블하트66장 마이비56장 사용후 남은제품 사은품으로 드립니다손싸게 6개,애기옷도 드립니다 대구지역 직거래 가능합니다공일0-팜삼구1-팔구구9",2017-03-25 15:15:51.0
3061,367853435,333,출산/임부용품,녹용과 십전대보를 넣어 제대로 진하게 달인 흑염소진액! 저렴하게 팝니다. ,2017-03-12 12:06:00,택포,180000,,,직접거래,,2017-03-25 15:15:29.0
3603,367854816,333,출산/임부용품,각시밀 G1 더블 유축기 판매합니다.(17년 2월 구입),2017-03-12 12:13:00,각시밀 G1 더블 유축기,90000,,,직접거래,판매 상품 사진 및 상세 설명을 적어주세요 각시밀 G1 더블 유축기 9만원에 판매합니다.17년 2월 구입해서 2회 실사용 하였습니다.완전 신상품입니다.조리원 퇴소 후 구입하였는데 분유수유하기로 결정해서 부득이 판매합니다.18만원에 구입해서 9만원에 판매합니다.마더K 모유저장팩 27개 있는 것도 서비스로 드립니다.가능하면 신도림역에서 직거래 원합니다.신도림역 근처 집까지 오시면 에누리 해드립니다.(택배 거래도 가능합니다. 배송비 제가 부담합니다)그럼 010-8518-1257로 연락주세요~,2017-03-25 15:15:32.0
3697,367856185,333,출산/임부용품,파스퇴르 무항생제 3단계*3캔 -안심캡,2017-03-12 12:20:00,v파스퇴르 무항생제3단계*3캔 -안심캡,73000,,,직접거래,파스퇴르 무항생제 위드맘 3단 3캔-택포 73000원유통기한 18년3월 이후~10시전 당일 발송010-9185-1452우체국 택배로 보냅니다 운송도중에 찌그러짐생길시반품 환불 교환 안되요파스퇴르 무항생제 3단계*3캔 -안심캡,2017-03-25 14:54:47.0
4248,367151386,333,출산/임부용품,유축기 spectra S2+ 팝니다,2017-03-08 19:29:00,직접거래,65000,,,판매자와 직접 연락하세요.,,2017-03-25 14:58:46.0
4515,367152977,333,출산/임부용품,여성청결제 하우동천질경이 20정짜리정품 6만원짜리 택포함 3만5천원에 판매할께요~,2017-03-08 19:37:00,여성 청결제,40000,,,직접거래,여성청결제 하우동천 질경이 정품 새것 판매합니다~홈페이지에서 20정짜리 6만원에 구매했구요~현금이 좀 필요하여 내놓습니다.택배비용포함 4만원에 판매할께요~시간 관계없이 연락주세요~ 010. 5202. 8788.,2017-03-25 14:58:46.0
7061,368766555,333,출산/임부용품,[끌어올림] 베이비뵨 캐리어원 에어 실버 아기띠 새제품 팔아요,2017-03-16 15:58:00,"180,000",180000,,,베이비뵨 캐리어원 실버 메쉬 새제품입니다.,판매 상품 사진 및 상세 설명을 적어주세요 베이비뵨 캐리어원 아기띠 새제품입니다.자세한 제품 설명은 인터넷 찾아보시면 잘 나와있구요...^^출산한지 얼마 안되어서 캐리어원 아기띠를 구입해 사용중인데...제가 하도 베이비뵨 캐리어원을 주변에 이야기하고 다녔더니똑같은 제품으로 선물이 들어왔어요...-.-;;바꿔달라고 할 수 도 없고 반품도 안되고.. 해서 새제품이지만 저렴하게 내놓습니다.인터넷 최저가 22만원 정도 할거예요.직구로 구매해도 17만원인데 배송비 따로 붙을 거구요.배송비 포함해서 18만원에 내놓습니다. 색상은 실버 소재는 메쉬라 여름에도 착용 가능하구요.신생아부터 꽤 오랫동안 사용 가능한 아기띠예요.박스포장 그대로 보내드리구요. 직거래 원하지만 혹시 지역이 멀 경우에는 안전거래 선택하겠습니다.아! 직거래 지역은 경기도 파주입니다.,2017-03-25 15:27:44.0
7232,368768589,333,출산/임부용품,미고미니16 그레이 유모차 A급판매,2017-03-16 16:08:00,직접거래,160000,,,판매자와 직접 연락하세요.,"판매 상품 사진 및 상세 설명을 적어주세요 안녕하세요.미고미니 유모차 그레이(레드,라임색상도가능)색상5대를 한정판매합니다.가격은 160,000원입니다.궁금하신점은 010  2802  7676 으로 문의하시면 됩니다.감사합니다.",2017-03-25 15:27:47.0
8691,367865012,333,출산/임부용품,무루 밤부베베 토미외 기저귀커버들과  배변훈련팬티..,2017-03-12 13:07:00,무루 밤부베베 토미외 기저귀커버들과  배변훈련팬티..,111,,,직접거래,판기저귀커버 세탁은 다시한번해뒀구요새것은아니지만 상태들 좋아요설명이외에 특이사항없이 깨끗합니다미니미즈010 5630 1239j1-070310기저귀커버70호(신생아~6개월용)베이직엘르외 6장상태좋아요찍찍이상태 사진으로 확인해주세요왼쪽위에껀 상태좋지만 덤으로 드리는거에요택포 1만8천원미니미즈010 5630 1239j1-253기저귀커버75호(6m~12m사이즈)- 5장푸우 2장만새것앙떼떼 1개는 세탁한 새것입니다1개는 세탁감있고다 상태 좋아요 세탁은 다시한번해두었어요착불 1만2천원미니미즈010 5630 1239기저귀커버 -1.맘스오가닉외모두 4장맘스오가닉 1장은 70호 1장은 85호==&gt;세탁만한새것들토미토미외..사용감 약간있지만 상태 아주좋아요택포 2만원미니미즈010 5630 12392.밤부베베 기저귀커버 총5장위에3장은 s사이즈==&gt;면소재아래 2장==타올지소재 --&gt;1장s사이즈 1장은 L사이즈몇번안쓴거라 상태는 좋아요택포 2만3천원미니미즈010 5630 123917.배변훈련팬티kushies M사이즈 2장과거버 -1장택포 2만원,2017-03-25 15:15:39.0
8764,367865837,333,출산/임부용품,포그내 넘버5 (새상품),2017-03-12 13:12:00,정품 + 새상품 + 미개봉,1,,,직접거래,안녕하세요. 소개해드릴상품은 포그내넘버5입니다,2017-03-25 15:15:40.0
8814,367866240,333,출산/임부용품,포그내 올가플러스 (새상품),2017-03-12 13:14:00,미개봉 새상품 + 정품,1,,,직접거래,안녕하세요 소개해드릴상품은 포그내올가플러스입니다. 제품에 대해서는 잘아실겁니다.제품설명은 생략하겠습니다. 미개봉 새상품 + 정품이구요.구성품 포그내올가플러스 + 침받이 + 턱받이 +4계절용후드 + 여름용후드 ^^가능한색상 버섯/양배추/블루베리가격은 143.000원 원하시는분만 연락바랍니다.  010 - 4632 - 0육구4카톡 lolololgg로문자/카톡바랍니다.,2017-03-25 15:15:41.0
8912,367166938,333,출산/임부용품,[미개봉] 수유의자 스트레스프리 리클라이너 ,2017-03-08 20:52:00,직접거래,260000,,,판매자와 직접 연락하세요.,,2017-03-25 15:07:43.0
9281,367133182,333,출산/임부용품,동양매직 젖병소독기 서울(배달) 직거래 4만원입니다.,2017-03-08 17:48:00,동양매직 젖병소독기 서울(배달) 직거래 4만원입니다.,40000,,,직접거래,동양매직 젖병소독기 서울(배달) 직거래 4만원입니다.작동 잘 됩니다. 생활기스 있어서 예민맘은사양합니다.안심번호 : 0505-667-1259,2017-03-25 15:07:21.0
9621,367134655,333,출산/임부용품,쁘리마쥬오일 100ml ,2017-03-08 17:56:00,직접거래,1,,,판매자와 직접 연락하세요.,,2017-03-25 15:07:22.0
9947,367136100,333,출산/임부용품,베베오레 수유쿠션 (네스트) 29천원,2017-03-08 18:03:00,직접거래,29000,,,판매자와 직접 연락하세요.,,2017-03-25 15:07:24.0
11457,368541633,333,출산/임부용품,베이비플러스(태교용품),2017-03-15 15:13:00,태교용품,100000,,,직접거래,"판매 상품 사진 및 상세 설명을 적어주세요 베이비플러스에 관심이 많아 저도 이곳에서 얼마전 구입하였습니다.이걸로만 태교하셨는데 밥잘먹고 순한아기 태어났다고... 워낙 유명한거라 저도 너무 하고싶어서 덥석 구매해 받았는데요,남편의 극심한 반대로, 설득 하다하다 다시 내놓습니다...ㅠㅠ고양 능곡, 여의도 직거래 가능하구요, 택배시 착불로 보내드리겠습니다.관심있으신분 연락주세요.원글 링크 걸겠습니다. 아랫글도 참조하심 좋을 것 같아요.http://cafe.naver.com/joonggonara/364519517",2017-03-25 14:51:07.0
11521,368542149,333,출산/임부용품,[끌어올림] 베이비뵨 캐리어원 에어 실버 새제품 팔아요,2017-03-15 15:15:00,"180,000",180000,,,베이비뵨 캐리어원 실버 메쉬 새제품입니다.,판매 상품 사진 및 상세 설명을 적어주세요 베이비뵨 캐리어원 아기띠 새제품입니다.자세한 제품 설명은 인터넷 찾아보시면 잘 나와있구요...^^출산한지 얼마 안되어서 캐리어원 아기띠를 구입해 사용중인데...제가 하도 베이비뵨 캐리어원을 주변에 이야기하고 다녔더니똑같은 제품으로 선물이 들어왔어요...-.-;;바꿔달라고 할 수 도 없고 반품도 안되고.. 해서 새제품이지만 저렴하게 내놓습니다.인터넷 최저가 22만원 정도 할거예요.직구로 구매해도 17만원인데 배송비 따로 붙을 거구요.배송비 포함해서 18만원에 내놓습니다. 색상은 실버 소재는 메쉬라 여름에도 착용 가능하구요.신생아부터 꽤 오랫동안 사용 가능한 아기띠예요.박스포장 그대로 보내드리구요. 직거래 원하지만 혹시 지역이 멀 경우에는 안전거래 선택하겠습니다.,2017-03-25 14:51:09.0
11702,368770856,333,출산/임부용품,렉토제식 30g 치질지료제 rectogesic 팝니다.,2017-03-16 16:19:00,"2017년 3월 9일 목요일에 약국에서 구입한 치질, 치열 지료약 입니다.",30000,,,직접거래,"안녕하세요 ^^렉토제식 30g rectogesic 치질, 치열 치료제 2017년 3월 9일 목요일에 약국에서 구입한 실사용 12번하고 지금 현제 용량이 반이상 남은것을 3만원 (직거래 기준) 에 팝니다. 상품권으로도 교환가능하며 상품권은 백화점상품권, 주유상품권, 도서상품권 등등 아무종류에 상관없이 모든 상품권으로도 교환이 가능합니다. 사진은 대표사진과 첨부파일에 있습니다. ^^ 중고나라 게시글을 잘 확인을 안해서 제 연락처로 문자를 먼저 주시기를 부탁드립니다. 010-7721-1802 유규정 입니다. 참 거주지는 서울특별시 마포구 (마포역 1번출구쪽) 마포역에서 거래가능합니다.택배도 됩니다만, 택배비는 선불이나 착불입니다. ^^",2017-03-25 15:27:50.0
11756,368771108,333,출산/임부용품,"유모차이너시트(사계절용),극세사블랭킷,수면조끼,매쉬베개,방수파우치,유아용품주문제작",2017-03-16 16:21:00,직접거래,25000,,,판매자와 직접 연락하세요.,,2017-03-25 15:27:50.0
11861,369327587,333,출산/임부용품,비비드 에어메쉬 유모차 이너시트 (분홍색)/삼성 갤럭시S3기종 스마트폰 케이스 4개/국민애벌레(판매완료),2017-03-19 15:02:00,비비드 에어메쉬 유모차 이너시트 (분홍색)/국민애벌레,3500,,,직접거래,"예민맘, 에눌, 환불, 교환, 반품, 전부 사양합니다.택배는 기본 착불이고 선불 원할시 3,500원입니다.CU편의점택배 (CJ대한통운택배)로 보내드려요.연락은 010-4659-9667번으로 문자로만 연락주세요.지역은 대전광역시 중구 입니다.2. 삼성 갤럭시S3기종 스마트폰 케이스 4개 : 2,000원(판매완료)상태양호!3. 비비드 에어메쉬 유모차 이너시트 (분홍색) : 5,000원(판매완료)상태최상!한번 묶어보기만하고 보관만했어요. 새거나 마찬가지입니다.여름에 사용하려고 구입했는데 더워서 유모차를 안타게되어 사용을 못하고 지나가버렸네요. 5. 국민애벌레 : 3,000원(판매완료)상태양호! 세탁감 있는것 말고는 사용하는데 지장없고 깨끗합니다.",2017-03-25 15:34:54.0
12015,369329113,333,출산/임부용품,리안스핀 LX 디럭스 유모차 2016  팝니다 새제품 추가구성,2017-03-19 15:11:00,리안 유모차 새상품입니다,35,,,직접거래,,2017-03-25 15:34:56.0
12493,368756846,333,출산/임부용품,●우리아기 얼굴로  3D 신생아피규어 제작 탑피규어 입니다 ●,2017-03-16 15:10:00,직접거래,11,,,판매자와 직접 연락하세요.,판매 상품 사진 및 상세 설명을 적어주세요 안녕하세요 ~ 3D 피규어 제작 전문 탑피규어 입니다 ~*^^*3D 신생아피규어 컨텐츠를 개발하여 홍보를 하고 있습니다 ~!저희는 사진만 보내주시면 그대로 제작이 가능합니다 !최고의 디자이너들이 수작업으로 후공정 채색을 하기때문에동종업계 최고의 퀄리티를 보장합니다 !받아보시면 모두 탄성부터 나오십니다 ~!세상에 단 하나뿐이 없는 피규어 입니다.첫만남 ! 첫감동 ! 세상에서 가장 소중한나의 보물에게 사랑과 추억을 선물해주세요 ♡문의 010 9991 8147카카오톡:@탑피규어,2017-03-25 15:27:40.0
12649,368759315,333,출산/임부용품,●우리아기 얼굴로  3D 신생아피규어 제작 탑피규어 입니다 ●,2017-03-16 15:21:00,직접거래,11,,,판매자와 직접 연락하세요.,판매 상품 사진 및 상세 설명을 적어주세요 안녕하세요 ~ 3D 피규어 제작 전문 탑피규어 입니다 ~*^^*3D 신생아피규어 컨텐츠를 개발하여 홍보를 하고 있습니다 ~!저희는 사진만 보내주시면 그대로 제작이 가능합니다 !최고의 디자이너들이 수작업으로 후공정 채색을 하기때문에동종업계 최고의 퀄리티를 보장합니다 !받아보시면 모두 탄성부터 나오십니다 ~!세상에 단 하나뿐이 없는 피규어 입니다.첫만남 ! 첫감동 ! 세상에서 가장 소중한나의 보물에게 사랑과 추억을 선물해주세요 ♡문의 010 9991 8147카카오톡:@탑피규어,2017-03-25 14:49:29.0
13315,367974633,333,출산/임부용품,앤드제이 기저귀가방 구합니다,2017-03-12 23:26:00,직접거래,1111,,,판매자와 직접 연락하세요.,앤드제이 기저귀가방 구해요~010-4096-구일구오판매하실 분 연락부탁드려요~!!3월 13일 부터 공구진행되는거 알지만여행일정 전에 구하고싶어서 올려요 ㅠㅠ,2017-03-25 14:54:13.0
13342,367974926,333,출산/임부용품,쿠첸분유포트 미개봉 새상품 4만,2017-03-12 23:28:00,직접거래,40000,,,판매자와 직접 연락하세요.,,2017-03-25 15:16:54.0
13360,367974991,333,출산/임부용품,아토팜 포함  미개봉 새상품 판매합니다^^(당일발송),2017-03-12 23:29:00,아토팜 MLE 크림 65ml,10000,,,직접거래,"▶5만원 이상 무료배송입니다.(그외에 배송비 3000원) ▶모두 새상품,정품 입니다.^^▶익산,군산 직거래 가능해요^^▶편하게 연락주세요 유통기한 요청 가능합니다.▶댓글보다 카톡이나 문자 연락이 빠릅니다.(댓글 잘 확인못해요)▶010-6697-1002 (24시간 언제든 연락환영입니다)#################터무니 없는 가격 에누리 문자 절대 사절***2017년 최신상 메이뉴욕 슈퍼클리어 퓨어선스틱 시즌2# 22g &gt;&gt;&gt;&gt;&gt;&gt;&gt;&gt;    12000 원# 17g &gt;&gt;&gt;&gt;&gt;&gt;&gt;&gt;     9000  원*유통기한 :2020.02.15●●●●●●●●아이오페●●●●●●●●1.아이오페 스템셀 3종(스킨,에멀전)+스템셀 크림 2개&gt;&gt;&gt;&gt;&gt;&gt;&gt;&gt;&gt; 36000원*구성품 스킨,에멀전,크림 2개,선물용 쇼핑백!*유통기한 스킨 :19.05.03/에멀전:19.04.28/크림19.02.172.아이오페 리바이탈라이징 세럼,크림 (각 40ml)  &gt;&gt;&gt;&gt;&gt;&gt;&gt;&gt;&gt;&gt;&gt;&gt;&gt;&gt;&gt;&gt; 각 6500원유통기한/ 세럼:19.04.17 / 크림 19.04.113.아이오페  뉴트리셔스 세럼(회색)-영양라인    아이오페 뉴트리셔스 크림 *유통기한 : 세럼40ml / 2019.03.23                 크림40ml/  2019.02.21                                     &gt;&gt;&gt;&gt;&gt;&gt;&gt;&gt; 각 6500원4.아이오페 모이스처 세럼,크림 (수분,화이트닝)                              &gt;&gt;&gt;&gt;&gt;&gt;&gt;  각 6000 원*유통기한 : 세럼/19.04.17 , 크림/19.04.115.스템셀 3종 키트(스킨,로션,크림)                       &gt;&gt;&gt;&gt;&gt;&gt;&gt;&gt;&gt;   3000원*스킨(25ml),에멀전(25ml),크림(15ml)6.아이오페 나이트크림(40ml)                 &gt;&gt;&gt;&gt;&gt;&gt;&gt;&gt;&gt;  5000 원*유통기한 : 2019.03.167.아이오페 에센셜퍼스트세럼 (45ml)                          &gt;&gt;&gt;&gt;&gt;&gt;&gt;  6000원*유통기한:2020.01.158. 아이오페 비타민앰플(30ml)                 &gt;&gt;&gt;&gt;&gt;&gt;&gt;&gt;&gt;&gt;      8000 원*유통기한: 2018.03.269.NEW아이오페 커버바닐라 에어쿠션/눈꽃쿠션*** 21호or 23호 선택 가능#본품 &gt;&gt;&gt;&gt;&gt;&gt;&gt;&gt; 17000원#리필 &gt;&gt;&gt;&gt;&gt;&gt;&gt;&gt; 11000원#본품+리필 세트 &gt;&gt;&gt;&gt;&gt;&gt;&gt;&gt;&gt;&gt;&gt;&gt;&gt; 25000원&amp;유통기한 : 2019.09.2110.아이오페 에어쿠션RX 골드(23호)           본품+리필 세트 &gt;&gt;&gt;&gt;&gt;&gt;&gt;&gt;&gt;   18000 원*유통기한: 2019.09.2711.에코글램 샴푸 (자연유래성분,천연샴푸)*1000ml  &gt;&gt;&gt;&gt;&gt;&gt;&gt;&gt;&gt;        14000원*500ml   &gt;&gt;&gt;&gt;&gt;&gt;&gt;&gt;&gt;          7000원12.에코글램 케어 키트 4종 세트 &gt;&gt;&gt;&gt;&gt;&gt;&gt;&gt; 12000 원*구성품 - 에코글램샴푸 110ml 2개  / 2019.05.08            에코글램 클렌저 110ml 1개 / 2019.05.14            에코글램바디로션 110ml 1개 / 2019.05.15●●●●●●리엔케이●●●●●●13.리엔케이 리바이탈 앰플30ml,리바이탈크림50ml 2종                   &gt;&gt;&gt;&gt;&gt;&gt;&gt;&gt;&gt;&gt;&gt;&gt;&gt; 2종  17000원*유통기한 : 18.05.0414.리엔케이 페이스업리프팅2종세트 (스킨,에멀전)                             &gt;&gt;&gt;&gt;&gt;&gt;&gt;&gt;&gt;&gt;   17000 원*유통기한:스킨(120ml)/2019.04.26                  에멀전(120ml)/ 2019.04.04 15.리엔케이 리얼화이트닝 4종세트(스킨,에멀전,에센스,크림)                                           &gt;&gt;&gt;&gt;&gt;&gt;&gt;&gt;   36000 원*유통기한:스킨(150ml)/18.05.22 에멀전(150ml)18.05.09            에센스(35ml)/18.03.29 수분크림(50ml) 18.04.17                                                                                   ●●●●●●● A.H.C ●●●●●●●16.AHC순면마스크팩            &gt;&gt;&gt;&gt;&gt;&gt;&gt;&gt;  1장당 600원            &gt;&gt;&gt;&gt;&gt;&gt;&gt;&gt;  1박스14000원*원하시는대로 색깔 섞어서 가능합니다.*보라색(탄력,강화) : 2020.06.22*노란색(미백,탄력) : 2020.07.13*초록색(영양,탄력) : 2020.06.26*파란색(수분,탄력) :2020 07.1217. A.H.C 더 퓨어 리얼 아이크림 시즌 5(30ml) &gt;&gt;&gt;&gt;&gt;&gt;&gt;&gt;&gt;&gt; 6500원 (12ml) &gt;&gt;&gt;&gt;&gt;&gt;&gt;&gt;&gt;&gt; 2000원*AHC 리얼 아이크림 스페셜 데이 30ml &gt;&gt;&gt;&gt;&gt;&gt;  7000원*AHC 리얼 아이크림 스페셜 나이트 30ml &gt;&gt;&gt;&gt;   7000원*유통기한 : 2019.02.0318.A.H.C 프라임 엑스퍼트 기초세트(스킨,로션,크림)+쇼핑백&gt;&gt;&gt;&gt;&gt;&gt;&gt;&gt;&gt;&gt;&gt;&gt;&gt;&gt;29000원*탄력,미백,리프팅 3중케어가 가능한 상품,선물용으로 최고!*토너,로션 (각 130ml),크림 (50ml)*유통기한 : 스킨/19.02.20 로션/19.02.22 크림/19.02.2119.AHC ""캡처솔루션앰플 시즌2"" 50ml                                  &gt;&gt;&gt;&gt;&gt;&gt;&gt;&gt;  각 8000원*캡처 모이스트 솔루션앰플 / 보습,수분**유통기한 2019.04.1120.AHC 수분 콜라겐 스킨,로션 2종                            &gt;&gt;&gt;&gt;&gt;&gt;&gt;&gt;  17000 원*유통기한: 스킨/18.12.13                로션/18.12.13●●●●●●●맥스클리닉●●●●●●●21.맥스클리닉 프로폴리스 블랙 마스크팩 1박스(4장)                                        &gt;&gt;&gt;&gt;&gt;&gt;&gt;   5000원22.맥스클리닉 로얄캐비어 클렌저(110ml)                            &gt;&gt;&gt;&gt;&gt;&gt;&gt;&gt;  9000원*유통기한 :2019.05.1723.맥스클리닉 에이지 디파잉 기초 3종세트                       &gt;&gt;&gt;&gt;&gt;&gt;&gt;&gt;&gt;&gt;&gt;   17000원#풍부한 보습과 영양,탄력있는 피부로 가꾸어주는기초세트*스킨:2019.05.22 / 로션:2019.05.22/ 2019.05.22  24.맥스클리닉 펩타이드 28 드롭 앰플(10ml*4병)                                    &gt;&gt;&gt;&gt;&gt;&gt;&gt;&gt;&gt;&gt; 10000원*유통기한 : 19.03.26●●●●●●●한스킨●●●●●●●25. &lt;시즌2&gt;한스킨 리얼 컴플렉션크림EX/한지민크림/톤업크림                                       &gt;&gt;&gt;&gt;&gt;&gt;&gt;&gt; 20000원*유통기한 19.07.2126.한스킨 바이오프리즘 크리미세럼 30ml                              &gt;&gt;&gt;&gt;5000원*유통기한 : 크리미 / 19.05.22★ ★ ★ ★ ★아토팜 ★ ★ ★ ★ ★ 27.아토팜 MLE로션 * 60ml         &gt;&gt;&gt;&gt;&gt;&gt;&gt;     4500원*제조일자 : 2016.12.14제조28.아토팜 마사지 바디오일크림(200ml)&gt;&gt;  12000원*제조일자:2016.11.0729.아토팜 탑투토워시 (300ml)                    &gt;&gt;&gt;&gt;&gt;&gt;    11000 원*제조일자 : 2017.01.2330.아토팜 MLE크림(65ml)                      &gt;&gt;&gt;&gt;&gt;&gt;&gt;&gt;&gt;   10000 원*제조일자 : 2017.02.20●●●●●● 엘렌실라 ●●●●●●31.엘렌실라 달팽이크림 스틱 14g*유통기한: 2019.02.20                        &gt;&gt;&gt;&gt;&gt;&gt;&gt;&gt;&gt;   6000 원32.엘렌실라 달팽이크림 *50ml &gt;&gt;&gt;&gt;&gt;&gt;&gt;&gt;&gt;&gt;   10000 원*25ml(튜브형) &gt;&gt;&gt;&gt;     5000 원*제조일자 : 17.2월 제조33.엘렌실라 럭셔리 다이아몬드 레디언스 크림(30g)&gt;&gt;&gt;&gt;&gt;&gt;   4000원*최신상,다이아몬드 가루 1캐럿이 함유된 크림*제조일자 2016.11.0834.엘렌실라 CPP프로폴리스 골드크림                         &gt;&gt;&gt;&gt;&gt;&gt;   5000원*제조일자 : 2017.0135.엘렌실라 세라마이드 크림                             &gt;&gt;&gt;&gt;&gt;&gt;&gt;   7000원 *세라마이드 성분 1,000ppm함유 ,보습최강크림*제조일자 : 2017.1월36.엘렌실라 CPP프로폴리스 골드앰플*15ml   &gt;&gt;&gt;&gt;&gt;&gt;&gt;&gt;&gt;&gt;    4000 원*75ml   &gt;&gt;&gt;&gt;&gt;&gt;&gt;&gt;&gt;&gt;  14000 원37.엘렌실라 CPP콜라겐 아이크림 20g                                      &gt;&gt;&gt;&gt;&gt;&gt;&gt;&gt;&gt;   3000 원38.엘렌실라 CPP태반크림(50g)                     &gt;&gt;&gt;&gt;&gt;&gt;&gt;&gt;&gt;&gt;&gt;&gt;&gt;  5000 원*제조일자: 2017.01월                                ★★★★★  동국제약 센텔리안 24  ★★★★★39.동국제약 마데카 더마 마스크팩투 1박스(10장)                                     &gt;&gt;&gt;&gt;&gt;   7000원40.&lt;동국제약&gt;센텔리안 마데카크림 시즌2◆ 마데카크림 50ml &gt;&gt;&gt;&gt;&gt;&gt;&gt;&gt;&gt;&gt;  17000원◆ 마데카크림 15ml &gt;&gt;&gt;&gt;&gt;&gt;&gt;&gt;&gt;&gt;    6000원유통기한:2019.09.21/201910.0441.동국제약 센텔리안24 마데카 솔루션 에센스 플러스 120ml*유통기한 : 2018.11.29                                  &gt;&gt;&gt;&gt;&gt;&gt;&gt;  12000원   42.대웅제약 이지듀*DW-EGF 크림 50ml &gt;&gt;&gt;&gt;&gt;&gt;&gt;&gt;&gt;  17000 원*마스크팩 2장        &gt;&gt;&gt;&gt;&gt;&gt;&gt;&gt;&gt;     2000 원43.닥터탑 실크 프로틴 헤어필 *120ml 1개당 &gt;&gt;&gt;&gt;&gt;&gt; 9000원*12ml*3개    &gt;&gt;&gt;&gt;&gt;&gt;  4000원44.실크테라피 인퓨전 (스프레이타입)*80ml &gt;&gt;&gt;&gt;&gt;&gt;&gt;&gt;    7000 원*160ml &gt;&gt;&gt;&gt;&gt;&gt;&gt;   12000 원**유통기한 : 2020.02.0145.NEW 실크테라피 *150ml &gt;&gt;&gt;&gt;&gt;&gt;&gt;&gt;&gt;&gt;  14000 원*60ml  &gt;&gt;&gt;&gt;&gt;&gt;&gt;&gt;&gt;&gt;    6000 원*15ml  &gt;&gt;&gt;&gt;&gt;&gt;&gt;&gt;&gt;&gt;    1000 원46.&lt;DLA&gt;유진팩트,더마데이션 쿠션 21호*본품 &gt;&gt;&gt;&gt;&gt;&gt;&gt;   17000원&lt;판매완료&gt;*리필 &gt;&gt;&gt;&gt;&gt;&gt;&gt;   11000원47.SEP 에센셜 립소프틱                    &gt;&gt;&gt;&gt;&gt;&gt;  각 7000원*부드러운사용감,에센셜오일캡슐이 함유된 촉촉하고 지속력좋은 립스틱*구성품#1 오로라레드,# 2 더스티 핑크, #3 선셋코랄 , #4 클래식누드#6 브라이트플럼  # 11 스페셜허니 (립글로스) # 12 클리어레드(립글로스)48.올가플러스 슈퍼케어밤/현영밤/스틱로션*20 g &gt;&gt;&gt;&gt;&gt;&gt;&gt;&gt;&gt;       11000 원*14 g &gt;&gt;&gt;&gt;&gt;&gt;&gt;&gt;&gt;        7000 원▶5만원 이상 무료배송입니다.(그외에 배송비 3000원) ▶모두 새상품,정품 입니다.^^▶익산,군산 직거래 가능해요^^▶편하게 연락주세요 유통기한 요청 가능합니다.▶댓글보다 카톡이나 문자 연락이 빠릅니다.(댓글 잘 확인못해요)▶010-6697-1002 (24시간 언제든 연락환영입니다)#################터무니 없는 가격 에누리 문자 절대 사절",2017-03-25 15:17:21.0
14812,370201066,333,출산/임부용품,[팔아요]유아빈백의자 겸 소파로 사용가능한 플로기베드/박스 유/ 급처해요  3.5 (착불),2017-03-23 13:49:00,유아빈백의자 겸 소파로 사용가능한 플로기베드 급처해요  3.5 (착불),35000,,,직접거래,플로기베드(유아빈백소파예요)아기들 수유중에도 사용가능하고아기바운서로 사용할수있어요유아시기에는 아이들쿠션겸 빈백의자 쇼파로도 사용해요상태좋음 박스그대로 보관중.35000원에 급처합니다. 010-5125-8195 문자주세요.,2017-03-25 15:48:46.0
15131,369356984,333,출산/임부용품,<<리뉴얼>>앱솔루트 명작800g  2단계- 3캔/6캔,2017-03-19 17:48:00,<<리뉴얼>>앱솔루트 명작800g  2단계- 3캔/6캔,5,,,직접거래,&lt;&lt;리뉴얼&gt;&gt;앱솔루트 명작800g  2단계- 3캔/6캔유통기한 18년/6월/~~ (주말발송 없음)2단-3캔 택포 50000원(6캔시 2000원 빼드림)5~6시전 평일 당일발송(주말 발송없음)(공구 사기가 너무 많으니 빠른배송으로!/송장 사진이던 번호던 바로 드림!)                                      010-4953-6924참고: 발송을 택배로 보내지니 찌그러짐이 혹시나 나올수도 있습니다반품 환불 교환은 못해드리나 포장은 개인적으로 잘 해드리겠습니다,2017-03-25 14:45:22.0
15257,367881843,333,출산/임부용품,스토케용 엘리펀트이어스 엘리 유모차커버,2017-03-12 14:37:00,스토케용 엘리펀트이어스 (엘리타입) 유모차 커버 팝니다.,20000,,,직접거래,스토케용 엘리펀트이어스 엘리 스트롤러커버 판매합니다.,2017-03-25 15:15:51.0
16310,367949749,333,출산/임부용품,아기띠 팔아요(상태 매우 깨끗해요 2만원),2017-03-12 21:09:00,직접거래,20000,,,판매자와 직접 연락하세요.,판매 상품 사진 및 상세 설명을 적어주세요 포그내 아기띠입니다.구매한지는 7개월정도 됐구요. 실사용은 10번미만이여서 거의 새상품입니다. 직거래는 은평뉴타운(구파발) 택배거래시 택배비착불 2만원 입니다~ 010 4709 6462 문자주세요,2017-03-25 14:54:21.0
16425,370202507,333,출산/임부용품,마더스베이비 수유쿠션,2017-03-23 13:56:00,직접거래,25000,,,판매자와 직접 연락하세요.,판매 상품 사진 및 상세 설명을 적어주세요 마더스베이비 수유쿠션 판매합니다 3개월 정도 사용했구요 상태는 좋아서 얼룩이나 해짐 없어요~~ 25000원에 직거래하구요 지역은 안산 시흥입니다  댓글은 확인 잘 못해서 010 둘둘22 5350 문자주세요,2017-03-25 15:48:48.0
16693,367951141,333,출산/임부용품,미피 분유포트 입니다~,2017-03-12 21:16:00,직접거래,30000,,,판매자와 직접 연락하세요.,판매 상품 사진 및 상세 설명을 적어주세요 분유수유 하는데 필수용품 한일 미피분유포트 입니다~~구입은 작년에 했구요 분유수유 끝나서 내놓아요~택배비 착불에 3만원에 내노아요~직거래는 은평뉴타운 입니다~ 010 4709 6462 문자 주세요~,2017-03-25 14:54:18.0
17959,367960329,333,출산/임부용품,쿠첸분유포트 새상품 팝니다,2017-03-12 22:03:00,직접거래,40000,,,판매자와 직접 연락하세요.,,2017-03-25 15:16:45.0
17990,367961087,333,출산/임부용품,새옷 임부복 수유복 4500원/반값 입니다  적힌가격아니예요 가격내림 임부레깅스 임부원피스 4500원 ,2017-03-12 22:07:00,새옷 임부복 수유복 4500원/반값 입니다  적힌가격아니예요 가격내림 임부레깅스 임부원피스 4500원,4500,,,직접거래,판매 상품 사진 및 상세 설명을 적어주세요,2017-03-25 15:16:46.0
18514,367177636,333,출산/임부용품,[판매완료]트루맘 슈퍼프리미엄 퀸 400g 1단계 3통,2017-03-08 21:46:00,트루맘 슈퍼프리미엄 퀸 400g 1단계 3통,4,,,직접거래,트루맘 슈퍼프리미엄 퀸 400g 1단계 3통 택배비포함 4만원(가격내렷어요ㅠ)에 팔아요~(애누리 가능해요^^)트루맘 먹이다가 다른걸로 갈아타게되서 판매하게 됩니다.ㅜ사진보시는거처럼 유통기한 많이 남아있어요~,2017-03-25 15:07:48.0
18692,368544548,333,출산/임부용품,속초 홍게!! 저렴하게 가져가세요~ 500g 박달홍게 3만원!!/+서비스1kg,2017-03-15 15:27:00,홍게,30000,,,직접거래,,2017-03-25 15:24:57.0
19135,367966395,333,출산/임부용품,위드맘 수유쿠션 택포 1.3만원~!!!!,2017-03-12 22:37:00,직접거래,13,,,판매자와 직접 연락하세요.,판매 상품 사진 및 상세 설명을 적어주세요 약간의 사용감은 있습니다만 전체적으로 꺠끗합니다.세탁하고 보관 후 판매합니다.쿠션에 미세한 500원짜리 정도의 얼룩은 있지만 자세히 봐야 보일정도이고머리받침 쿠션은 사용을 거의 안했는데 세탁을 잘못해서 인지 얼룩이 군데군데 있습니다.둘다사용하시는데 거부감없이 저렴한 가격에 이용하실겁니다.택포 1.3만원 입니다.,2017-03-25 15:16:50.0
19478,369362072,333,출산/임부용품,하이베베S (태아 심음 측정기) 팔아요,2017-03-19 18:19:00,직접거래,75000,,,판매자와 직접 연락하세요.,"와이프 임신 소식 이후 구입하였습니다.지난 16년 12월 16일 하남 스타필드에서 13만원 주고 직접 구입하였으며,해당 제품은 16년 8월 제조입니다. 10회이하 사용했으며, 젤 역시 반이상 남아 있습니다.임신 주수차가 지나면서 이제 사용이 뜸해 팔게 되었으며, 7.5만원에 서울 강서지역(목동역 근처) 직거래 희망합니다.이유 있는 네고는 인정합니다. 0일공 4공일5 사구3칠",2017-03-25 15:35:22.0
19564,369363110,333,출산/임부용품,클라란스 임산부 튼살오일/ 토닉 바디 트리트먼트 오일,2017-03-19 18:25:00,클라란스 임산부 튼살오일/ 토닉 바디 트리트먼트 오일,45000,,,직접거래,"클라란스 임산부 오일 클라란스 튼살오일클라란스 토닉 바디 트리트먼트 오일올 초에 선물받았는데, 먼저 쓰던게 많이 남아서 판매합니다.미개봉 새상품이고, 박스는 버려서 없어요.... 2019년 5월까지 사용기한 입니다.4만5천원에 판매해요서울 2호선 건대~시청역에서 직거래 가능하고착불하시면 택배거래 합니다. 뽁뽁이로 꼼꼼하게 싸서 보내드릴게요위에 안심번호로 연락 주세요.",2017-03-25 15:35:23.0
20006,367180629,333,출산/임부용품,"압타밀,힙분유 팔아요.",2017-03-08 22:01:00,직접거래,1,,,판매자와 직접 연락하세요.,판매 상품 사진 및 상세 설명을 적어주세요   * 이벤트 진행중이예요~초저가 판매중입니다. 많이 방문해주세요 ^^http://cafe.naver.com/christinayunh,2017-03-25 15:07:51.0
20025,367180755,333,출산/임부용품,[판매완료] 쎄시 일회용 기저귀봉투 배변봉투 180매 택포 10000원,2017-03-08 22:02:00,직접거래,10000,,,판매자와 직접 연락하세요.,,2017-03-25 15:07:51.0
20580,370071243,333,출산/임부용품,남양분유 xo 4단계 팝니다.,2017-03-22 21:44:00,국내에서 만들어 수출하는 것이라 안에 든 내용물은 ,25000,,,직접거래,"판매 상품 사진 및 상세 설명을 적어주세요  분유4단계 판매(수출용)국내에서 만들어 수출하는 것이라 안에 든 내용물은 국내에서 파는 것과 동일합니다.1박스에 3통 들어있구요..가격은 1박스에 25,000원씩입니다.몇 박스 안 남았습니다.낱개로는 팔지 않는 점 양해부탁드립니다.유통기한은 17년 10월 26일까지구요..택배를 원하시는 분은 착불입니다.직거래는 춘천시 입니다.연락처는 010 7465 4087입니다.",2017-03-25 15:46:18.0
21067,367969555,333,출산/임부용품,아가 담요및 겉싸개 판매,2017-03-12 22:55:00,아가 담요및 겉싸개 판매,15,,,직접거래,아가 담요겸 앞싸개 제품입니다. 색상은 총 5가지 있습니다. 신품입니다.개당 15000원 택배비 3천원 코튼재질이라 부드럽고 좋습니다.사이즈가 제법큽니다. 사이즈 보시고 구매해주시길 바랍니다. 010 7734 0803사이즈 가로78x세로86,2017-03-25 14:54:14.0
21324,367185163,333,출산/임부용품,각시밀 G1 더블/마더케이 수유패드/마더케이 모유저장팩 팔아여~,2017-03-08 22:24:00,각시밀G1더블 수유패드 모유저장팩 팔아여~,70000,,,직접거래,"판매 상품 사진 및 상세 설명을 적어주세요     판매 상품 사진 및 상세 설명을 적어주세요 각시밀 G1더블,마더케이 수유패드,모유저장팩 일괄 택포 7만원 직거래 나주혁신도시입니다.부속품은 몇번사용안했지만 원하지않으시면 빼고 보내드리구요~혹시 아르브 스탠드 모빌대 필요하시면 같이드릴께요~문자주세요~",2017-03-25 15:07:56.0
21985,369367263,333,출산/임부용품,<가격내림>봄 겨울 신상 맘옷 임부복 판매합니다. 모두 텍만뗀 새상품들이에요,2017-03-19 18:53:00,봄 겨울 신상 의류 대처분~!!봄 겨울신상 여성의류 모두 새상품들이에요..빠른 거래를 위해 에눌 가능한데 한 두장 사시면서 에눌은 삼가해주세요,7000,,,직접거래,"판매 상품 사진 및 상세 설명을 적어주세요 봄옷 겨울옷 정리해야 하는 부분이라 일단은 무조건 싸게 드립니다.정말 비싼애들도 있고 한데 걍 싸게 내놓으니 에눌 문의는 안주셨음 좋겠구요.1~2장 사실 분들은 기존 가격대로 구매해주시구요.. 3장이상 구매하시는 분들은 에눌 갑니다. 010-4715-564칠 이에요 .. 문자 주세요새옷들입니다. 쪽지댓글 안봐요.. 문자 주세요..0. 오렌지 색상의 후드 누빔 아우터에요.. 새상품이구요 지금 보관중이에요.. 보시다시피 안쪽은 누빔처리 되어있어 겨울에 따뜻하게 입으실수 있구요..안쪽에 허리 조절하는 끊도 있고.. 뒷트임 되어있어 편하게 입으실수 있구요.. 프리 싸이즈라 77까지는 넉넉하게 맞습니다.기럭지가 긴편이에요 궁디 충분히 가리고 허벅지까지 내려오는 기럭지라 궁디도 따뜻해요^^택포 3만원에 데려 가세요..---&gt;택포 2만원에 데려가세요..   1. 블랙 반목폴라 기모 박스티입니다.. 역시 신상 새옷이구여.. 싸이즈 빅빅해요.. 양싸이드 옆트임이에요.. 맨 아래 사진에서 확인가능합니다.  단면 싸이즈는 가슴 : 62센치, 길이 :76 센치 정도됩니다.안쪽은 기모로 되어있고.. 기럭지도 긴편이에요.. 임부복으로도 괜찮아요.. 착불 1만원에 데려가세요..  2. LINE 맨투맨 기모티입니다.. 역시 신상 새옷이구여.. 싸이즈 넉넉해요.. 단면 싸이즈는 가슴 : 62센치, 길이 :66 센치 정도됩니다.안쪽은 기모로 되어있고.. 싸이즈 넉넉해서 좋습니다... 착불 1만원에 데려가세요..   3. 남방 스타일 재킷입니다. 안감은 없어요.. 정말 남방이랑 비슷한데 재킷이에요.. 조금 도톰한 원단으로 겉옷원단이구요싸이즈가 엄청 넉넉합니다. 대략적 단면 싸이즈는 가슴 : 70센치, 길이:78센치이에요.. 가슴이 엄청커서 기럭지가 짧게 느껴진답니다. 요즘 짧고박시하게 입는게 유행이니 잘어울리실 분이 데려가셨음 좋겠어요색상은 각각 카키와 네이비 있구요.. 각각 1만원에 데려 가세요.  4. 롱 기모 옆트임 빅원피스 입니다. 싸이즈 상당히 넉넉하구요.. 안쪽은 기모로 되어있어 따스이 입기 좋으세요..역시 신상 새옷인데.. 뒤쪽 옆구리에 원단 불량이 살짝쿵 문제는 없는데 약간 줄간것같아요..대략 7센치 정도 보이구요.. 착불 1만2천원입니다.  ---&gt; 착불 1만원입니다.5. 베베 23 원피스 입니다. 레깅스에 받쳐 입기 좋ㅇㅏ요.. 간절기에 입기 좋구요.. 싸이즈는 55~66정도가 잘 맞으실듯합니다.기럭지는 위허벅지까지 내려오긴 하는데 퍼지는 스타일이라 레깅스나 스키니에 받쳐 입으셔야 합니다. 착불 9천원이에요6. 나비 디자인 블라우스에요.. 가운데 꼬임이 참 이쁘죠.. 이아이도 상당히 가격대가 있는 아이랍니다.박시한 편이지만 55~66입으시는 분들에게 추천하구요.. 두꺼운 모재질이에요..착불 1만 5천원입니다. ---&gt; 착불 1만원입니다.7. 앞판 편직 원피스 입니다. 55~66입으시는 분들에게 잘 맞구요.. 모직이나 기모는 아니에요.. 뒷판은 검정색 편직으로되어 있답니다. 길이는 85센치 정도 됩니다. 아래 배색 원피스랑 비슷하다고 보심 됩니다.길이와 총기장도 비슷해요..아래 모델 사진 참고 부탁드립니다. 착불 1만원입니다.  8.레자 느낌의 7부 원피스 입니다.. 통으로 되어있어 편히 입으실수 있구요.. 겉은 레자 느낌이지만 편하게 입으실수 있어요.. 기럭지도 짧지도 않고 긴편입니다... 단면 싸이즈 - 가슴: 51센치, 총길이: 89센치입니다.55~66입으시는 분들에게 추천합니다.  착불 1만원이에요..9. 어깨 금장 숏기모티 입니다. 안쪽엔 기모로 되어있고 약간 언발란스 기럭지에요.. 색상은 고동색이에요..싸쥬는 단면 싸이즈 가슴- 63센치, 길이 - 59센치 착불 8천원입니다.     10. 편직문양 도톰 치마 바지와 치마판매합니다.. 싸이즈 상당히 넉넉해요.. 77까지도 가능합니다.도톰해서 늘어지는 느낌은 없다고 보심되요.. 지금 입으셔도 되고..늦가을 겨울 초봄까지 커버 가능합니다.각각 착불 8천원입니다. 11. 실버 단 원피스 입니다. 색상은 그레이에요.. 원단은 늘어나지 않아요.. 정장스타일로 깔끔하게 입으실수 있어요.. 대략적인 단면 싸이즈는 가슴 : 50센치, 길이 :90 센치 정도됩니다. 고급스런 스타일입니다.시중로드샵에서는 3만원에 판매되고 있어요.. 착불 1만원입니다.12. 레인보우 숏티 입니다. 상당히 도톰하구요.. 이뻐요.. 통바지에 잘 어울릴듯합니다. 단가가 쎈 아이에요..단면 싸이즈 - 가슴: 58센치, 팔통 : 20센치, 총길이: 55센치입니다.싸이즈는 55~66 입으시는 분에게 맞으실듯해요.. 그런데 아래쪽에 작은 실뭉침이 있습니다.눈에 잘띄지는 않지만 그래도 저렴히 착불 9천원입니다. 13. 도톰 치마 레깅스입니다. 그레이는 지퍼 치렝스이구요.. 블랙은 그냥 치렝스에여.. 재질은 아주 도톰한 같은원단입니다. 55~66싸이즈 입으시는분들에게 잘 맞아요..각각 착불 8천원입니다. 14. 기모 레깅스에요.. 55~66까지 잘맞으시는데요.. 이건 약간 바지 문양이 있어요..앞쪽과 뒤쪽에 청바지 문양 처럼 문양이 있는데 앞쪽에 약간의 잡실이 섞인 형태로 약간의 하자가 있습니다. 블랙이에요..안쪽은 보시는 바와 같이..도톰한 기모에요.. 하자로 인해 아주 저렴하게 착불 7천원에 판매 합니다. 15. 민문양 기모 레깅스입니다. 이건 아무런 문양이 없고 민자이구요.. 역시 55~66싸이즈 입으시는 분들이 잘 맞으시구요..역시 도톰한 기모입니다.. 역시 블랙입니다. 착불 9천원입니다. ---&gt;착불 7천원입니다.16. 배색 기모 맨투맨이에요.. 색상은 오렌지 색상 과 네이비 색상두가지 입니다. 안쪽은 기모로 되어있고...주머니도 있고 배색으로 되어있어 진짜 이뻐요.. 요것도 맨투맨이라 살짝 엉덩이 덮을정도라고 생각하심되요..단면 싸이즈 - 가슴: 54센치, 총길이: 65센치입니다.각각 착불 8천원입니다. ---&gt;착불 7천원입니다. 17. 배색기모 맨투맨이에요.. 안쪽에 보시는 바와 같이 기모로 되어있고 굉장히 포근한 느낌입니다.그렇게 두껍진 않아요.. 지금 입기 딱 좋아요.. 단면 싸이즈 - 가슴: 55센치, 길이 : 68센치입니다.기럭지는 그냥 일반 맨투맨이라고 보심 될듯합니다.. 착불 8천원입니다. ----&gt;착불 7천원입니다. 18. 찰리채플린 기모 티에요.. 안쪽 기모라 따뜻하게 입으실수 있는데 사오다 떨어트렸는데.. 눈올때 물있는쪽에 잘못 떨어졌었나봐요 앞뒤로 뭔가 뭍었지만 잘 세탁하시면 지워질듯하구요..요건 55~66이 잘 맞으시구요.. 엉덩이 덮는 기럭지 입니다. 포근 기모라고 생각하심 되구요..하자가 있지만 세탁하면 지워지는 부분이라 저렴하게.. 착불 7천원에 데려 가세요.. 19. 푸우 프린트 기모 박스 맨투맨 티 입니다. 상당히 박시 하나 기럭지가 그렇게 많이 길지는 않습니다.이점 참고 부탁드리고.. 안쪽에 기모라 따스이 입으실수 있구요.. 사진에 보시다 시피 앞쪽에 한줄로 살짝 올 나간듯한 느낌이 들기는 하는데요.. 그렇게 많이 티나지 않습니다. 착불 7천원입니다.---&gt;착불 6천원입니다.20. 앞판 금장식 기모 롱티입니다. 기모로 되어있어 고급스럽구요.. 기모로 되어있어 따스이 입으실수 있습니다.기럭지는 딱 궁디 가릴정도의 기럭지이고.. 목부분이 굉장히 풍성한 네크라인이라.. 목까지 올라와서 이쁘고 따뜻하게 입으실수 있을것 같아요.. 55~66 추천드리구요.. 착불 9천원입니다.---&gt;착불 7천원입니다.21. 기모 츄리닝 바지에요..안쪽에 기모로 되어있어 따스이 입으실수 있습니다.,싸이즈는 55~66입으시는 분들게 추천해요.. 정말 따뜻한데요.. 아래쪽에 스레치가 좀 크게 있어 대략 0.5센치 가량의 구멍이 있어요.. 안쪽 아래 쪽이라 접어 입으면 안보일듯하긴 한데.. 그래도 이건 하자가 있어서..그냥 저렴하게 5천원에 내놓구요.. 혹시나 5만원 이상 구매하시는 분이 이거 맘에 드신다고 하면.. 덤으로 드릴게요.. 사은품 .. 사은품 1. 스쿨버스 우주선 누빔 티에요.. 아래쪽은 라운딩 되어있고.. 앞쪽에 주머니가 있구요.. 스쿨버스 제품 비싼건 아실거에요.. 따뜻하고 편히 입기 좋구요.. 입었을때 오른쪽 팔 부분이 원단 불량 이네요..새상품인데.. 잘못 사왔어요.. ㅠㅠ 이녀석은 덤으로 드리는데.. 5만원 이상 구매하시는분중에 원하시는 분께 드릴게요..집에서 추울때 잠옷 대용으로도 괜찮습니다.단면 대략 싸이즈 입니다.. 가슴:60센치 길이 70 센치 정도됩니다. 싸이즈 맞추어 데려 가세요.. 구매하실거면 착불 5천원에 드릴게요.. (이것도 한개만 구매는 안되요.. 3장이상 구매하셔야 이가격에 드려요..)사은품2. 약약 기모 기본티 입니다. 겨울에 내복처럼 안에 입으심.. 엄청 따스워요..안쪽이 아주 약약한 털기모로 되어 있어요.. 5만원이상하시면.. 요거도무료로 드릴수 있어요.. 55~66싸이즈 잘 맞으시구요.. 착불 5천원이에요.-------&gt;착불3천원(가격 내렸어요.) 이건 한장만 안팔아요 다른것 3개이상 구매시 구매가능요 5만원 이상 구매하시는 분께 배송비 무료와 요상품 같이 드릴게요.. 모두 새상품들에요..환불 반품 불가합니다... 꼭 구매하실분만 연락주세요.. 그리고 착불가 입니다 택포하실거면 3천원 추가해주세요..그리고 한가지만 부탁드릴게요.. 구매하시겠다고 하셔서 금액확인해드리고 계좌 드렸는데..이후 잠수 타실분들은 절대 연락하지 말아주시고.. 딴지 거실분들은 걍 패스하세요.. 신고합니다.010-4715-564칠 로 구매하실분만 연락주세요..",2017-03-25 15:35:27.0
22196,370074407,333,출산/임부용품,피그먼트 롱 원피스 [만원에 가져가세요],2017-03-22 22:00:00,직접거래,10000,,,판매자와 직접 연락하세요.,"판매 상품 사진 및 상세 설명을 적어주세요전신 마네킹이 아니어서 핏이 살지 않는 점 참고해주세요~![피그먼트 린다컷팅원피스]사이즈 free색상 와인총장 99cm만원에 팝니다. 배송비 별도 (정가 22,000원)구매원하시는분 010 5967 9408 문자주세요.배송비서울경기인천 2,400원그외지역 2,900원자세한 정보나 상세 이미지는 댓글에 링크 참고해주세요. 피그먼트 공식 홈페이지 링크 입니다.입금한다 하시고 안하시는분들이 많아서먼저 입금하시는 분께 양도하겠습니다~!",2017-03-25 15:46:24.0
22523,367192370,333,출산/임부용품,엘펀즈리치백팩그레이 기저귀가방(택포5만원),2017-03-08 23:01:00,엘펀즈리치백팩그레이 기저귀가방,50000,,,직접거래,판매 상품 사진 및 상세 설명을 적어주세요 기저귀가방으로 많이들 사용하시는 엘펀즈 리치 백팩입니다.저희 언니가 15년11월에 구입해서 출산선물로 준거에요 : )구성품들은 유모차걸이 빼고 다 새거에요~가방은 사용감 어느정도 있어요예민맘은 피해주시구 반품은안되니 신중구매해주세요!택포5만원010-팔999-32팔4,2017-03-25 15:08:01.0
22665,367193087,333,출산/임부용품,(새상품) 3-9M 사이즈 60-90사이즈 / 새상품 1-2회착용옷들,2017-03-08 23:05:00,직접거래,1,,,판매자와 직접 연락하세요.,판매 상품 사진 및 상세 설명을 적어주세요 010-5579-7060 문자주세요교환 환불 사절 신중히 구매해주세요    1번 폴로 랄프로렌키즈 정품 9M사이즈 / 옅은 얼룩부분사진첨부했습니다. 착불9천원2번 파인애플나시 올드네이비메이커 3-6M 사이즈 새상품 착불4천원3번 스웨번메이커 두칼라 60-90사이즈까지 다있어요 새상품 착불5천원4번 카터스메이커 6M 사이즈 새상품 착불3천원5번 자라베이비 6-9M 사이즈 상태좋아요 착불4천원6번 폴로청바지 3-6M 사이즈 상태굿 착불5천원7번 커터스 메이커 3M 사이즈 새상품 착불3천원8번 엘르정품 80사이즈 위 아래세트 얼룩없이 상태는 좋으니 바지 가운데 단추분실 나시 안쪽에 여유분 단추 두개있는데 이걸로 달으면 될것같아요 착불 9천원9번 스웨번 겉싸개 새상품 착불5천원10번 베이비반즈 머리두건 ( 물놀이...햇빛차단....) 새상품 착불4천원,2017-03-25 15:08:02.0
23428,369344053,333,출산/임부용품,베베오레 수유 쿠션 ,2017-03-19 16:33:00,1,1,,,직접거래,요즘 최고 인기 있는 베베오레 수유쿠션팝니다.직수 실패해서 일주일 쓰고 팔아요ㅋ새제품 그대로라고보시면되세요이렇게 수유 실패할줄 알았으면 잠깐 사용하는거 저도 중고살걸 너무 후회하고 있어요ㅎㅎ 써보신 분들은 알겠지만 베이비페어가면 주로 파는 딱딱하고 메모리폼 같은거는 너무두께가 얇아서 수유할때 허리를 약간 숙여야해서 허리아프거든요이 제품은 높이도쿠션중에 제일높아서 눕히기만하면 가슴위치에 딱와서 손으로 안받쳐도 쓰기 편합니다수유쿠션 케이스도 있고 손잡이까지 달려서 휴대용으로도 좋아요뭐 흘려서 묻은적도 없으니 안심하고사용하셔도 될거예요3만원 직거래 강서구 우장산역입니다착불도가능0103945사공오공,2017-03-25 15:35:08.0
23572,369344455,333,출산/임부용품,자스민산전용거들 개봉안한 새제품,2017-03-19 16:35:00,직접거래,10000,,,판매자와 직접 연락하세요.,판매 상품 사진 및 상세 설명을 적어주세요 자스민산전용거들 개봉안한 새제품이에요택배비포함 만원입니다.서울이신분들만 문자주세요.ㅈ,2017-03-25 15:35:08.0
24284,367448665,333,출산/임부용품,하이베베 ,2017-03-10 09:04:00,직접거래,50000,,,판매자와 직접 연락하세요.,,2017-03-25 14:57:11.0
24388,366768501,333,출산/임부용품,본베베 범보의자 민트색상 6만원 ,2017-03-07 00:22:00,본베베 범보의자 민트색상,60000,,,직접거래,,2017-03-25 15:00:55.0
24586,367450595,333,출산/임부용품,에르고 신생아패드&갭우주복,2017-03-10 09:15:00,에르고 신생아패드&갭 우주복,28000,,,직접거래,"에르고 신생아패드깨끗합니다. 갭 우주복 깨끗합니다택포 28,000원에드려요^^010 5521 1119   판매 상품 사진 및 상세 설명을 적어주세요",2017-03-25 14:57:13.0
24623,367451001,333,출산/임부용품,유팡 젖병 소독기 대구 직거래,2017-03-10 09:17:00,유팡 젖병 소독기,50000,,,직접거래,"판매 상품 사진 및 상세 설명을 적어주세요 2015년 3월경에 구입하여 아이 젖병 소독기로 사용하였습니다.요즘 한동안 사용하지 않아서 5만원에 내놓게 되었습니다.택배로 보내기에는 다소 부담스러워서 가능하면 대구에서 직거래 진행했으면 좋겠습니다.만약, 택배를 원하시면 착불로 진행하겠습니다.",2017-03-25 14:57:14.0
25469,367454840,333,출산/임부용품,[새제품]포장 박스도 안뜯은 유팡 UV 젖병소독기,2017-03-10 09:36:00,유팡 젖병소독기 새제품,130000,,,직접거래,,2017-03-25 15:11:12.0
25717,367455510,333,출산/임부용품,스펙트라 s2+ 유축기 판매[김해창원 직거래],2017-03-10 09:39:00,유축기 판매합니다. ,90000,,,직접거래,"판매 상품 사진 및 상세 설명을 적어주세요 스펙트라 S2+ 유축기 판매합니다.실사용기간 : 1개월판매금액 : 9만원창원, 김해 직거래 합니다.(현위치는 김해 진영이고, 창원이나 김해는 계시는 곳 가서 판매할께요.) &nbsp; 상태 깨끗해요.마더케이 모유저장팩 90매짜리 하나 서비스로 드려요.(몇개 쓰고 많이 남음, 사진있음)애기가 이제 분유 먹어서 판매해요.",2017-03-25 15:11:12.0
25759,367457211,333,출산/임부용품,리안 스핀 LX2016 팔아요..,2017-03-10 09:47:00,"우리 아이가 1월생이라 출산용품으로 킨텍스에서 2015년 12월에 구매한 유모차 입니다. 8개월 정도 사용 하였으며 잔기스는 있으나 상태 매우양호 합니다. 사은품 풋머프, 케리콧커버,방풍커버,바퀴커버 ,유모차 정리함,다 있구요 상태 양호 합니다,그리구 유모차 쿠션드려요",250000,,,직접거래,판매 상품 사진 및 상세 설명을 적어주세요 서울시 양천구 목3동입니다등촌역과 근접합니다직거래만 가능하구요유모차정리함과 방풍커버만 사용했어요다른건 새제품이예요깨끗이 세탁해놨구요유모차모빌과 컵홀더 가방걸이도 드릴께요,2017-03-25 15:11:14.0
26476,366775035,333,출산/임부용품,동해안 당일잡은 홍게/대게 특별할인가격에 판매중입니다,2017-03-07 01:18:00,대게,3000,,,직접거래,"판매 상품 사진 및 상세 설명을 적어주세요 철인수산 입니다 　저희 업체는 포항구룡포에서 홍게&amp;대게 전문 업체입니다　당일 새벽 저희 아버지가 조업하여 고객님들께 택배로 보내드립니다.뉴스에서도 게값이 금값이라고 보도 되네요~하지만 저희 업체는 선주 직송으로 보다 싸고 최상의 품질로 고객님들께홍게&amp;대게를 공급해드릴수 있습니다^^　당일 조업한 홍게여서 신선도&amp;품질 맛 최상입니다.　구룡포 현지에서 바닷바람 맞으며 저희 아버지가 직접 조업하시는거니 믿고 드셔도 됩니다.　저희는 다른업체와 다르게 활어(살아있는홍게)만 취급합니다.다른 업체에서는 선어(죽어있는홍게)를 보내드리는데 상품 질에서 차이가 확 납니다!!!　가격또한 타 업체들보다 훨씬 저렴한 가격으로 드리고 있습니다.　또한 위xx 옥x Gxx 등 다른 사이트보다 저렴하니 믿고 드셔도 됩니다^^　　　　　　　▶홍게 3kg내외 (7~10마리)35,000원　 　▶ 홍게 4kg내외 (10~13마리) 　 44,000원　　▶ 국내산 대게 9.1cm ~ 9.7cm 10마리 130,000원　　* 찜비무료 *　　　　　　　　　　　　　　　　전국택배가능합니다　　주문전화- 010 2050 1112 (부재시 문자&amp;카카오톡 부탁드립니다)　　　　네이버 밴드 주소 - http://band.us/@1112",2017-03-25 15:02:36.0
26480,366775196,333,출산/임부용품,메델라 스윙 유축기,2017-03-07 01:20:00,메델라 스윙 유축기,40000,,,직접거래,판매 상품 사진 및 상세 설명을 적어주세요 메델라 스윙 유축기대형깔대기 키트 추가 구매했어요.4만원인천 직거래 가능합니다~안심번호로 문자나 댓글/쪽지 문의주세요~,2017-03-25 15:02:38.0
26725,367463482,333,출산/임부용품,압소바 각시밀 G1(더블) 유축기 팔아요.(상태최상),2017-03-10 10:14:00,압소바각시밀유축기G1 더블형입니다. (상태최상),150000,,,직접거래,"사진보면 아시겠지만 정말 상태 최상입니다.수유컵도 구매후 딱 1주일 사용했고 소독제로 씻은뒤 소독기에 건조 살균시켜서 사진과같이 비닐팩에 보관하였습니다.전체 구성은 유축기 본체, 역류방지필터2개, 2중튜브1개, 단일튜브1개, 실리콘캡3개(2개는 실리콘패드분실), 수유캡2개, 깔때기2개, 수유컵2개, 젖병캡2개, 충전기1개 입니다.롯데백화점 압소바에서 20만원대에 구매했어요.22만원인지 21만원인지 기억이 가물가물해서..양쪽 유축가능해서 가격이 좀 비쌌어요. A/S는 압소바 전매장에서 가능합니다. A/S기간 1년무료인걸로 알고 있습니다. 구매일이 2016년 12월 마지막주입니다. 필요시 영수증 첨부해드릴게요.아직 A/S기간이 넉넉해서 이거 구매하시는게 훨씬 이득이에요~!혹시 찝찝하셔서 수유컵을 구매하실분들은 수유컵만 구매하세요. 튜브까지 셋트로 구매하지마시고요.인터넷에 수유컵단일상품만 검색하면 나옵니다. 매우저렴해요.배송은 저 박스 저대로를 큰박스에 뽁뽁이 감은채로 보내드립니다.전체 세트 16만원이며, 수유컵제외 15만원입니다.010-9875.3244로 문자주세요^^",2017-03-25 15:11:19.0
26792,368555724,333,출산/임부용품,독일 성인용 기저귀 IMPEX,2017-03-15 16:22:00,"13,000",13000,,,독일에서 온 성인용 기저귀 IMPEX PHARM,"독일 보건국에서 의료보험 수급자들에게 제공되고 있는 가격대비 품질이 우수한 성인용 기저귀입니다.현재 재고는 M size(국내 대형 사이즈) DAY TIME, L size(국내 특대형 사이즈)DAY TIME만 있습니다.향후 S size(국내 중형 사이즈) Day time &amp; Night time 그리고 M,Lsize Night time도 들어올 예정입니다.Day time과 Night time의 차이는 흡수량의 차이입니다.1. M size Day time : 1pack(25pcs) 13000원2. L size Day time : 1pack(25pcs) 15000원 입니다. 직접 방문 하셔도 되고 아니면 택배로 보내드립니다. 착불 또는 택배비 2500원 같이 결재하시면 보내드립니다.감사합니다.",2017-03-25 14:51:05.0
27499,366782486,333,출산/임부용품,"쁘레나탈 직장인 임부복(M) 블라우스, 바지 ",2017-03-07 05:29:00,직접거래,13000,,,판매자와 직접 연락하세요.,"택포. 강서구, 부평, 가끔 광화문 직거래 가능.직거래시 2천원 빼드려요1. 쁘레나탈 그린 블라우스 : 13,000원, 드라이클리닝완료, M 사이즈튀지않는 그린색이라 독특하고 예뻤어요. 개인적으로 그린색을 좋아해서요.  아껴입어 상태 좋습니다.저는 키 160, 55사이즈 입었었구요. 2번 바지와 매치해서 입으면 직장인으로 단정해보여요.      2. 쁘레나탈 정장바지 ; 13,000원, M사이즈, 드라이완료봄가을, 초여름용입니다.프라다 소재같은 재질이구요.상태좋아요.걸어놓고찍었더니 사진이 별로인데 입으면 단정하게 이쁩니다.직장인이라 스키니 입기는 뭐해서 일자바지 입었습니다. 너무 스키니도 아닌 통도아닌 적당히 신축재질있어요.    3.  1만원, 만삭촬영용으로 좋아요. 겨울 폴라폴리스재질이고 핏되서 배부분 도드라져보여요.",2017-03-25 15:00:50.0
27738,369020936,333,출산/임부용품,스펙트라 유축기9+ 팝니다. 휴대용,2017-03-17 19:49:00,직접거래,50000,,,판매자와 직접 연락하세요.,"판매 상품 사진 및 상세 설명을 적어주세요 휴대용 스펙트라 유축기 9+ 팝니다.제조일 15년 2월제품이구요 유축할만큼 젖양이 많지 않아서 구매후 사용거의 안했습니다.액정에는 필름도 그대로 붙혀져 있구요 외관 상처나 기스없이 깨끗합니다. 물론 작동도 잘되요~원하시면 그린맘젖병2개(1개는 새거), 일회용 수유패드 15장이상 남은거, 모유저장팩(새거)100m 15장, 50ml 15장 같이 동봉해드리겠습니다. (수유패드랑 모유저장팩 최근제조예요.)택배비 별도입니다. 연락주세요 010-91공공-육372",2017-03-25 15:31:12.0
28853,367474577,333,출산/임부용품,친환경 기저귀 밤보네이처 0단계,2017-03-10 10:59:00,친환경 기저귀 밤보네이처 0단계에요,23000,,,직접거래,친환경 기저귀 밤보네이처 0단계택포 23000원,2017-03-25 15:11:25.0
29015,367193297,333,출산/임부용품,"마더케이 모유저장팩 2박스 , 유피스 공갈젖꼭지 둥근타입 4개월이상부터 제품 판매",2017-03-08 23:06:00,마더케이 모유저장팩 200ml 2박스,20000,,,직접거래,"마더케이 모유저장팩 200ml 새상품 2박스,유피스 공갈젖꼭지 4개월 이상부터 제품 판매합니다.세트로 20000원 택배비 포함 에 판매할게요참고로,인터넷 최저가 검색해보시면 모유저장팩 9000원에 택배비 있고, 유피스 젖꼭지는4870원에 택배비 있어요필요하신분 문자주세요",2017-03-25 15:08:02.0
29518,367195766,333,출산/임부용품,첫 임신에 관한 모든것 ,2017-03-08 23:20:00,직접거래,1,,,판매자와 직접 연락하세요.,,2017-03-25 15:08:06.0
29789,367196867,333,출산/임부용품,포브기저귀가방+신생아욕조+범버의자,2017-03-08 23:26:00,포브기저귀가방+신생아욕조+범버의자,2,,,직접거래,"1) FORB 기저귀 가방 - 사용감있음2) 범버의자3) 신생아 욕조 - 2회 사용 일괄 2만원에 경기도 시흥시 장곡동 및 구로구 오류동 개봉, 천왕에서 직거래 하며 3월10일 이후에는 은평구로 이사합니다. 참고부탁드리며, 덤으로 회음부 방석 드립니다. 010-2595-1098 전화나 문자 주세요~",2017-03-25 15:08:08.0
30005,367197312,333,출산/임부용품,삼성아기사랑세탁기팝니다,2017-03-08 23:29:00,직접거래,80000,,,판매자와 직접 연락하세요.,,2017-03-25 14:58:30.0
30283,368177800,333,출산/임부용품,오르빗 유모차 (G3) 판매합니다. (정품등록) *아기띠/힙시트도 드립니다~,2017-03-13 21:39:00,정품등록된 상품입니다~,650000,,,직접거래,2014년형 오르빗 유모차 (G3) 입니다~150만원정도에 구입한 정품 등록되어 있는 상품입니다. 실제 사용기간은 1년정도이고 집앞 산책용으로만 사용해서 아주 깨끗합니다.이제는 아기가 커서 휴대용으로 바꾸다 보니 사용을 하지 않고 이사를 가야해서 이제서야 판매합니다. 사진에 올린 것처럼 시력보호커버(3만원 새것)/패니어 바구니(12만원 새것)/여름용 쿨시트(3만원 사용)/스낵박스(새것)/가죽바퀴커버(7만원 사용) 모두 드립니다~원하시면 하늘색 엘리펀트이어 헤드쿠션과 시트도 드립니다~또 깨끗하게 사용하려고 가죽바퀴커버도 따로 구매해서 사용해서 바퀴가 사용감이 별로 없습니다. 이사때문에 빨리 판매해야 해서 마지막 사진에 나와있는 보그네 힙시트(데님색)와 BECO 아기띠(갈색)도드립니다. 이것도 사시려고 하면 얼만지 아실 거예요~따로 판매 안하고 유모차 사시는 분께 다 드립니다. 부피가 커서 직거래 원합니다. 거주지역은 반포입니다.65만원에 판매합니다 (핸폰으로 연락주세요 010-9016-1448)           판매 상품 사진 및 상세 설명을 적어주세요,2017-03-25 14:53:11.0
31579,368191999,333,출산/임부용품,"미피보온포트,블루존젖병소독기,마더스베이비수유쿠션",2017-03-13 22:49:00,"미피보온포트,블루존젖병소독기,마더스베이비수유쿠션",1,,,직접거래,,2017-03-25 14:53:05.0
31672,367198301,333,출산/임부용품,[새제품] 유팡 젖병소독기 ,2017-03-08 23:35:00,직접거래,130000,,,판매자와 직접 연락하세요.,,2017-03-25 14:58:31.0
32876,366763742,333,출산/임부용품,새옷 임부복 수유복 4500원/반값 입니다  적힌가격아니예요 가격내림 임부레깅스 임부원피스 4500원 ,2017-03-06 23:55:00,새옷 임부복 수유복 4500원/반값 입니다  적힌가격아니예요 가격내림 임부레깅스 임부원피스 4500원,4500,,,직접거래,판매 상품 사진 및 상세 설명을 적어주세요,2017-03-25 15:02:25.0
33888,369008207,333,출산/임부용품,일반수영복 / 임산부 수영복 (태교여행용/여름휴가용),2017-03-17 18:31:00,"25,000",25000,,,여성스럽고 이뻐요^^ 배 가려줘서 부담없구요,"뱃살가려주는 수영복 / 임산부 수영복택배비 포함 25,000원직거래 OK / 택배 안전거래 OK포항 / 대구지역 직거래 가능합니다~직거래를 선호하긴해용^^  직거래하시면 2만원평일엔 대구에있고 주말마다 포항갑니다.(대구은행역 / 송현역 / 포항 지곡동)애기 낳고도 이뻐요!임산부 아니시더라도 뱃살 가리고 싶으신 분 입으셔도 좋구용^^저는 애키우고 일하고 한다구 ㅜ 입을 기회가 없었네용~문자 주심 젤 빨라요~ 댓글, 쪽지도 좋습니다^^사진 원하시면 디테일한 컷 찍어서 바로 보내드릴게요~",2017-03-25 15:31:06.0
